chocolate,fruity,caramel,peanutyalmondy,nougat,crispedricewafer,hard,bar,pluribus,sugarpercent,pricepercent,winpercent
0,0,0,1,0,0,0,0,1,0.31218888546938306,0.5117897585350111,23.438099216668586
1,0,1,1,0,1,0,1,0,0.6135128762046786,0.644452389072477,59.83485491504626
0,1,0,0,0,0,1,0,0,0.7127658743120161,0.9657327733146002,35.701106400572556
1,0,1,0,1,0,0,1,0,0.7193784071367495,0.434233476836847,61.200571894733066
1,0,1,0,1,0,0,1,0,0.5962170042258732,0.6416291552116863,73.05533199109213
0,1,0,0,0,0,0,0,0,0.17432254001500688,0.11799660036547961,27.912514010716993
0,0,0,1,0,0,0,0,1,0.31538312698894305,0.5122860751100804,23.518078575907722
1,0,0,0,0,0,0,0,1,0.22647100612740922,0.08593641779564569,34.999503360836975
0,1,0,0,0,0,1,0,1,0.8963847163096209,0.4716270989301042,46.90713561041031
0,0,0,0,0,0,0,0,1,0.8965586532135905,0.3273629445613066,38.11935606141178
0,1,0,0,0,0,0,0,1,0.20077654137304243,0.97600001,22.445341
0,1,0,0,0,0,0,0,1,0.3134914341285423,0.3038174274776575,44.68329025555097
1,0,0,0,0,0,0,0,1,0.2716276616747335,0.9650334805630032,39.13577826389631
1,0,1,1,1,0,0,1,0,0.5444173167652209,0.6644882827724574,76.5093120308549
0,1,0,0,0,0,0,0,1,0.9433456457341707,0.21213046107893435,63.11629435458149
0,1,0,0,0,0,0,0,1,0.07033346154457809,0.10710391079441767,59.6681913552604
1,0,0,0,0,1,0,1,0,0.31955912522475055,0.766666834055953,66.25652398901975
1,0,0,0,1,0,0,1,0,0.6108057020518352,0.5102313949991357,39.652782186898776
0,0,1,0,0,0,0,0,0,0.4043391653733016,0.31730917723582297,31.93567755864041
1,0,1,0,0,0,0,1,0,0.946048110423896,0.8574011457187283,64.14530097795434
1,0,0,1,0,0,0,1,0,0.6124479759413373,0.7774762862582165,70.03900725719164
0,1,0,0,0,0,0,0,0,0.2770164159981385,0.2721316429684121,52.57893198293809
0,1,0,0,0,0,0,0,1,0.11839279366500896,0.02212366198990259,42.33923304464552
0,1,0,0,0,0,0,0,1,0.29731546516839935,0.26303241971032093,47.45048157447237
0,1,0,0,0,0,0,0,1,0.06983518701931522,0.12019516462991384,61.09257902110629
1,0,0,1,0,0,0,0,0,0.98799998,0.6457121993648873,72.72699266919645
0,1,0,0,0,0,0,0,1,0.8871596096236973,0.311517372206315,45.68029863555146
0,1,0,0,0,0,1,0,1,0.5733540953462731,0.05165460461688659,34.973934602506695
0,0,0,1,1,0,0,1,0,0.4618652065997885,0.7665338498636366,45.97760314547027
1,0,1,0,1,0,0,1,0,0.724467963583679,0.4509334184837279,61.37088872110763
1,0,1,0,0,0,0,1,0,0.9650965420234867,0.8511666577454428,64.2295782114706
0,0,0,0,0,0,0,0,1,0.4624762150119359,0.4642797541303975,33.88170060288229
0,0,0,1,0,0,0,0,1,0.3044396315311099,0.516753302697305,23.339731528483334
1,0,0,1,0,0,0,0,1,0.6102777333781257,0.6307077770925209,69.81632043938666
1,0,0,0,0,0,0,0,0,0.3280548265905638,0.5198095074649566,42.96909882590635
1,0,0,1,0,0,0,1,0,0.47458062402964324,0.7569236317537008,50.12957009253151
0,1,0,0,0,0,0,0,0,0.15423420476898408,0.11882913769651399,27.216612445719978
0,0,1,0,0,0,0,0,1,0.9722105929272984,0.7691021587681851,32.87942638252969
1,0,0,0,0,1,0,1,0,0.4353941627661046,0.9272424073994384,62.45870894420523
1,0,0,1,0,0,0,0,1,0.4097321040395089,0.6556947853345684,72.65092722136025
0,1,0,0,0,0,1,0,0,0.7425387752296789,0.013741648262466578,39.26566378606926
1,0,1,1,1,0,0,1,0,0.5513582668834118,0.6443124335859426,77.00702026876752
1,0,0,0,0,0,0,0,1,0.22624075207096483,0.08217773086987903,34.8549855835788
0,1,0,0,0,0,1,0,0,0.05137121316316269,0.10233845652499783,39.4001042451755
1,0,0,1,0,0,0,1,0,0.46787399158140186,0.7710700346431045,50.31900224234503
0,1,0,0,0,0,0,0,1,0.29795828633339383,0.31972666768998576,44.888834492211416
1,0,1,0,1,0,0,1,0,0.7327051905034828,0.44618500129647337,61.206483409084235
1,0,0,0,0,0,0,0,0,0.30830946386042696,0.5091740114873345,43.26467544571217
0,0,0,0,0,0,1,0,1,0.7212067245261007,0.053266225278451054,30.110722563744186
0,1,0,0,0,0,0,0,1,0.08318323939586988,0.11211856426792859,60.193303658319124
1,0,1,1,1,0,0,1,0,0.5605811130718349,0.6545481489557939,76.4809338135049
0,1,0,0,0,0,1,0,0,0.7434626867429103,0.31570761860023333,38.595766693903514
0,1,0,0,0,0,1,0,0,0.04815228786372468,0.10937948005633187,39.32552199359884
1,0,0,0,0,0,0,1,0,0.3243901986029815,0.8677409877277381,48.069392365033536
1,0,0,1,0,0,0,1,0,0.6041016179252862,0.7680811314974604,71.2141688857696
0,0,0,0,0,0,0,0,0,0.012710247538082977,0.4848916282770592,45.705622516277785
0,0,0,1,1,0,0,1,0,0.4557784426501967,0.7561086433467418,45.89883113171858
0,1,0,0,0,0,0,0,1,0.7353479314099911,0.52707335736926,42.47389237299217
0,1,0,0,0,0,1,0,1,0.2675092418351456,0.11134261547731909,45.96459704729218
0,1,0,0,0,0,1,0,1,0.8610143414851511,0.2620919058285043,42.02162204262273
0,1,0,0,0,0,0,0,1,0.3125682300879306,0.2655263023735663,47.33783636084454
0,1,0,0,0,0,1,0,1,0.26632760774524583,0.11611381120599563,45.18293494200657
0,1,0,0,0,0,0,0,0,0.28215933832476653,0.28841588717702077,52.49658848101594
0,1,0,0,0,0,0,0,1,0.3205411471940481,0.3153601251340069,44.968672455425796
0,1,0,0,0,0,0,0,1,0.8720965026670097,0.3289076543023982,47.21252106906442
1,0,0,0,0,0,0,0,1,0.19909809466183345,0.5140934049624853,56.68578790601274
1,0,0,0,0,0,0,0,1,0.1743728456515264,0.01694372669215033,45.59220230119308
0,1,0,0,0,0,0,0,0,0.265288758230778,0.2984073949199239,52.930095887876774
1,0,1,1,1,0,0,1,0,0.5948715513259145,0.7752745619222758,57.69619637995475
1,0,0,0,0,0,0,1,0,0.3117261262393427,0.8465329671469621,47.61347009956012
0,1,0,0,0,0,0,0,1,0.06270793764234964,0.11980627736027243,52.61667770637867
0,1,0,0,0,0,1,0,0,0.7214557208412576,0.3347272493590354,39.865126643793694
1,0,0,0,0,0,0,1,0,0.3173112700286018,0.870248962942009,47.66528662961629
0,1,0,0,0,0,0,0,1,0.7352996369756691,0.507364616680679,36.334549167805584
0,1,0,0,0,0,1,0,1,0.8569321636597843,0.2889272177759508,42.2009346871348
1,0,0,1,0,0,0,1,0,0.3119653553025016,0.9259058433233078,54.451309553295374
1,0,0,0,0,1,0,1,0,0.32139702505860934,0.5329219825551783,76.04032511286141
0,0,0,0,0,0,0,0,1,0.47393273726076507,0.45860877413612594,33.69580580546888
1,0,0,1,0,0,0,0,1,0.6016511660012618,0.646676147760109,69.85205170001187
1,0,1,0,0,0,0,0,1,0.8603281762225459,0.8573913813990477,65.69438619745642
1,0,1,0,0,1,0,1,0,0.5388734906413155,0.9018225356917056,81.50288198028318
1,0,1,0,1,0,0,1,0,0.7228608473060538,0.43341559604420493,60.47212990652306
0,1,0,0,0,0,0,0,1,0.7349061418920577,0.4874575236402685,42.17524629225104
0,0,1,0,0,0,0,0,1,0.9681985471946238,0.7632956785495808,33.56968640368666
1,0,0,1,0,0,0,0,1,0.4168564220882372,0.6541475470923935,73.866319569204
1,0,0,0,0,0,0,0,1,0.22927644353867319,0.07679695344254434,33.570016361003184
0,0,0,0,0,0,0,0,1,0.9048848978555817,0.34149256285522855,37.64596424769858
0,1,0,0,0,0,1,0,1,0.08250725735499796,0.511113963523035,28.197254629403833
1,0,1,1,0,1,0,1,0,0.6013088526424479,0.6620016722492046,59.48586725585392
0,0,1,0,0,0,0,0,1,0.9668319429032003,0.7692277440470692,33.6145621397657
1,0,1,0,1,0,0,1,0,0.6022957440941993,0.6580423447278114,73.216959737573
0,1,0,0,0,0,0,0,1,0.1461264434182545,0.22237958894694773,66.90384393667435
0,0,1,0,0,0,0,0,0,0.42013266009686906,0.336664245319266,31.999797914668658
1,0,0,1,0,0,0,0,1,0.8207499699813398,0.6514767135916213,71.35731746785697
1,0,0,0,0,0,0,0,1,0.16870332877320174,0.015227749547622281,46.24084645683494
1,0,0,0,0,0,0,1,0,0.43262658098381507,0.9211217281336034,56.169276602357094
0,1,0,0,0,0,0,0,1,0.46160988139973824,0.46254334238560807,51.384868752501276
0,1,0,0,0,0,1,0,1,0.874058582248865,0.2824511133055335,42.9295994016517
1,0,0,1,0,0,0,0,0,0.98799998,0.6700405988098754,73.57262416354668
0,1,0,0,0,0,0,0,1,0.7223908587841038,0.5086957614278177,35.88584481156347
0,0,1,0,0,0,0,0,1,0.9609415257254748,0.7705745382212519,33.858299662248264
0,1,0,0,0,0,1,0,0,0.7441251748615505,0.3357182976695833,39.72613007239692
0,1,0,0,0,0,0,0,1,0.1411998405299839,0.229716799186347,67.00965094613461
1,0,1,0,0,1,0,1,0,0.7141496366042347,0.860099852798144,66.8792559513967
0,1,0,0,0,0,0,0,1,0.05329852439870632,0.09568967965567611,52.68154956543082
0,1,0,0,0,0,0,0,1,0.0692454905195646,0.12040314236471113,59.75173605787324
0,1,0,0,0,0,0,0,1,0.06926073226353897,0.0970864954035064,60.23886099303767
1,0,1,0,0,0,0,0,1,0.8590081639603512,0.8725262487999995,65.8176592740557
1,0,0,1,0,0,0,1,0,0.32323960069623764,0.9194441710417957,54.62970233335598
1,0,0,0,0,0,0,0,1,0.19745922145087855,0.08951883688057463,34.22822223054248
1,0,0,0,0,1,0,1,0,0.4333390337992707,0.9103125364118412,61.85992082331353
0,1,0,0,0,0,0,0,1,0.0821680537123522,0.10277012940417336,60.80459902932965
1,0,0,1,0,0,0,0,1,0.5834890916972304,0.6532220684080178,69.4057533791667
1,0,0,0,0,0,0,1,0,0.30979697287041613,0.8597136544301621,47.48976360317147
1,0,0,1,0,0,0,1,0,0.597650616756308,0.7628112984418345,71.36364507860183
0,0,0,0,0,0,0,0,1,0.08545772556070977,0.023721450819293378,37.846001027702854
0,0,0,0,0,0,0,0,0,0.011,0.5345830025383763,46.370214634234266
0,1,0,0,0,0,0,0,1,0.7440383823759572,0.5181114852200913,35.957049300493765
0,1,0,0,0,0,0,0,1,0.48049520825096154,0.4739434228078519,51.272587838509764
0,1,1,0,0,0,0,0,0,0.6011668982676808,0.33219169506958146,34.44326202459676
1,0,1,0,1,0,0,1,0,0.7480659085904448,0.4536074164384268,60.193919002311944
1,0,1,0,0,0,0,0,1,0.8603000366231746,0.8583802924271989,65.67770113246299
0,1,0,0,0,0,1,0,0,0.746789368865701,0.9474900857170779,35.42066312611258
1,0,0,1,0,0,0,1,0,0.31221317575714025,0.916392921625889,55.33848309819362
0,1,0,0,0,0,0,0,0,0.16310524819549183,0.12291729900561298,27.341603659121485
0,0,0,0,0,0,0,0,1,0.09608215293728621,0.014735734641018221,36.69803751815215
1,0,1,1,1,0,0,1,0,0.6308081538288426,0.7654970973135642,56.873303711947635
1,0,1,1,0,1,0,1,0,0.6111791051484355,0.6451050247491398,60.73141770535907
0,0,0,0,0,0,0,0,1,0.08703543758559415,0.035799714638919684,38.10252036612635
1,0,0,1,0,0,0,0,1,0.4141718266607174,0.6573866039627085,73.07915053321139
0,0,0,0,0,0,0,0,1,0.08994856454870359,0.028552178168084218,37.98172913702111
1,0,0,1,0,0,0,0,1,0.588869786392756,0.6562970669232627,69.15817292844332
0,0,0,1,0,0,0,0,1,0.3206624855848771,0.5106825562197406,22.82373753530196
1,0,0,1,0,0,0,0,1,0.5932621436677846,0.6526835185326517,69.33091433042391
0,1,0,0,0,0,0,0,1,0.07134930849988004,0.10590031358800348,52.86611121679503
1,0,0,0,0,0,0,1,0,0.43011795138279635,0.8993679637671464,58.414570761920075
1,0,0,1,0,0,0,0,0,0.03683850393869896,0.2802789435751921,81.36197557857643
0,0,0,0,0,0,0,0,0,0.014583859167032807,0.11876092014918163,32.26562151786573
0,1,0,0,0,0,0,0,0,0.20366500290988943,0.12630488679218993,41.2104398392466
1,0,1,0,1,0,0,1,0,0.737621388289374,0.45439032847954236,60.973954604306044
0,0,1,0,0,0,1,0,0,0.17771834888117852,0.28037891225924605,41.37127948454829
0,1,0,0,0,0,0,0,1,0.45283667816697054,0.45649522741890985,57.43311195734612
1,0,0,0,0,1,0,1,0,0.4295074112455501,0.91499811307957,61.7650162704334
0,1,0,0,0,0,0,0,1,0.8727082158617502,0.3290932138243854,47.13259116119203
1,0,0,0,0,1,0,0,1,0.8661514438226481,0.8695759062667962,48.7711929883104
0,1,0,0,0,0,0,0,0,0.16900832974873511,0.12861283521714592,26.82442335514927
0,0,0,0,0,0,0,0,0,0.011,0.12553907137535042,32.44423932221257
0,0,0,0,0,0,0,0,1,0.46156812677604475,0.46169542043515455,34.88926746758671
0,1,0,0,0,0,1,0,1,0.5640675988519855,0.05047371098920258,34.71724019780076
0,1,0,0,0,0,0,0,0,0.9056071362018412,0.5177227490614604,52.58846190842342
0,1,0,0,0,0,0,0,0,0.164351742407851,0.10662058872753317,27.311560655228885
1,0,0,0,0,1,0,1,0,0.42150015999159124,0.9159681172727274,61.83407027308889
0,1,0,0,0,0,0,0,1,0.31910807332806185,0.2540219065359331,46.95814335871479
1,0,0,0,0,0,0,1,0,0.4305313270225265,0.9315741631662988,55.958683034239364
1,0,1,0,1,0,0,1,0,0.5880446451977692,0.6479774262286022,72.53842432273987
1,0,1,0,0,0,0,0,1,0.8434826472410424,0.8392136642823613,65.89258402739965
1,0,0,0,1,0,0,1,0,0.6038960778732143,0.5152986629539351,38.48215686233563
1,0,0,1,0,0,0,0,1,0.5911365093013347,0.6450432250606738,69.62401673074152
1,0,0,1,0,0,0,1,0,0.6031277985520647,0.7673633051669821,70.16436682301111
0,1,0,0,0,0,0,0,1,0.06876401392702627,0.11526113594174664,59.99405869036803
1,0,0,0,0,1,0,0,1,0.8739021907501331,0.8456675899900131,49.3096661930773
1,0,1,0,0,0,0,0,1,0.8679918106641937,0.8667349879653017,66.33354601481773
0,1,0,0,0,0,0,0,1,0.8626297140358075,0.3119375060311551,46.55377239387709
0,1,0,0,0,0,0,0,1,0.8621164077838303,0.320594193950717,46.95401014405893
1,0,1,0,0,0,0,0,1,0.292779676666001,0.5168290875752092,54.73247428035372
0,1,0,0,0,0,1,0,1,0.571436527029691,0.052767004115980815,34.60362817924477
1,0,0,0,0,0,0,0,1,0.20749899792513563,0.49729034900408803,56.78872306547608
0,1,0,0,0,0,1,0,0,0.7283623809373347,0.039697173079398476,39.27905510500951
1,0,0,0,0,1,0,1,0,0.29190243846999,0.5205705597770016,76.65358175048925
1,0,0,0,1,0,0,1,0,0.5896297099907432,0.5106165481745261,67.28441025836106
0,1,1,0,0,0,0,0,0,0.5969747326492406,0.3082904192106204,33.98428627008766
0,0,0,1,0,0,0,0,1,0.30829650250082,0.517015982211919,22.797535297600625
1,0,1,1,0,1,0,1,0,0.6005559117018429,0.6368550949336592,58.50250778408866
0,1,0,0,0,0,0,0,1,0.9413253456637009,0.2226314684747392,54.64014229628249
1,0,0,0,0,0,0,0,1,0.2173709538759525,0.07343737517420186,34.99736088056163
1,0,0,0,0,0,0,1,0,0.3218493715745337,0.8501163064259127,47.12829066197198
0,1,0,0,0,0,0,0,1,0.9352989323802836,0.2162342130769029,62.48477159218137
0,1,0,0,0,0,0,0,1,0.7247278155911634,0.5094379888381093,43.057969552410356
1,0,0,0,0,0,0,0,1,0.17803848461556426,0.011,45.457436737070104
1,0,0,1,0,0,0,1,0,0.5910494604584365,0.7720167225435117,70.87652446078474
1,0,1,0,0,1,0,1,0,0.5492863817987598,0.9021987886015921,81.92477971375165
0,1,0,0,0,0,0,0,1,0.04686486038014616,0.3333527989973467,24.81572194890256
1,0,0,1,0,0,0,1,0,0.602756545239822,0.769396069397801,70.06760934382766
1,0,0,0,0,0,0,0,1,0.2333943874572696,0.07505568621396784,34.62060491511253
1,0,0,1,0,0,0,1,0,0.5987527163496043,0.7596208139067021,70.02552017134045
1,0,1,0,1,0,0,1,0,0.7493750747533903,0.4269606812248732,61.87420983145793
0,1,0,0,0,0,1,0,0,0.7300988620018999,0.036477518139046705,38.76068264758242
1,0,0,1,0,0,0,0,1,0.8142305444506761,0.647978361524466,71.00523006089584
0,1,0,0,0,0,0,0,1,0.4655896518586907,0.44478506358003644,50.95578688486834
1,0,0,0,0,0,0,1,0,0.42092372587836174,0.9134348242343189,58.5793478879998
0,1,0,0,0,0,1,0,1,0.8656602075551729,0.2713217451191614,43.44269790069656
1,0,0,1,0,0,0,0,1,0.40934828557021474,0.6644273374227307,74.49802406406812
1,0,0,1,0,0,0,0,0,0.0386853849294553,0.2644895866518891,81.65748573207985
0,1,0,0,0,0,1,0,0,0.040753081530917515,0.09171736375404403,38.56161947901153
0,1,0,0,0,0,1,0,0,0.10132707248259465,0.1254587336912266,38.03027606176771
0,0,0,1,0,0,0,0,1,0.3227615845526992,0.5225617929452728,23.310702652618723
0,1,0,0,0,0,0,0,0,0.23211274421768888,0.10965154239516244,41.2507275038678
1,0,0,0,1,0,0,1,0,0.6084646649407575,0.5056135881242539,38.689231072943
1,0,0,0,0,1,0,1,0,0.32449817495527217,0.5162513006494515,76.86574530323365
0,1,0,0,0,0,1,0,0,0.07713869000272737,0.09616935202784005,39.18531040314387
0,1,0,0,0,0,0,0,0,0.26431899299427425,0.2631396344312833,53.053169459306545
1,0,0,0,0,0,0,1,0,0.45768829627392116,0.32260768810834695,49.51477906407908
1,0,0,1,0,0,0,1,0,0.60500543584544,0.7802075903210595,70.2522202708959
1,0,0,0,0,0,0,0,1,0.2151808050126665,0.0772868760503287,35.014185133738465
1,0,1,0,0,0,0,1,0,0.9635987133141376,0.8608601544540396,64.35883136785509
1,0,0,0,0,0,0,0,1,0.14287292001328566,0.10266171739714015,55.765288724432295
1,0,1,1,1,0,0,1,0,0.5445687043315764,0.6689540800357583,77.02048800011694
0,1,0,0,0,0,0,0,1,0.3164896191635559,0.30808430953829485,43.75161228575402
1,0,0,0,0,0,0,0,1,0.12504120619491682,0.09285652592656286,54.746079448213564
0,1,0,0,0,0,0,0,1,0.06963850984941508,0.13152685266343783,59.532446794934884
1,0,0,0,0,0,0,0,1,0.12705074038991368,0.08002840619245344,54.911936865448794
0,1,0,0,0,0,0,0,1,0.9447808252944879,0.22875665001550727,63.41656440935529
0,1,0,0,0,0,0,0,1,0.07882737031123505,0.107322307331492,52.980110956403294
1,0,1,0,0,0,0,1,0,0.9788929155649146,0.860873240035757,64.83569094242877
1,0,0,0,0,0,0,0,1,0.2696111048577854,0.9739325039451883,38.06117687822242
1,0,0,0,0,1,0,1,0,0.4349718277968193,0.9098361742054701,62.3760419425019
1,0,1,1,1,0,0,1,0,0.5942943998680411,0.7586224041049988,57.441020086836
0,0,0,0,0,0,0,0,1,0.9052589302542693,0.3273554867256496,38.217091752135026
1,0,1,0,1,0,0,1,0,0.7399297204530036,0.4494836126306863,60.83058549984735
1,0,0,0,0,0,0,0,1,0.18130295163028123,0.011,46.38640985841083
1,0,0,0,1,0,0,1,0,0.6057845355034587,0.5115974573281661,39.02558141099274
1,0,1,0,0,0,0,1,0,0.9724751842154593,0.8648673353524895,64.21978731143149
1,0,0,0,0,0,0,0,1,0.2241387762630207,0.07272023912508863,34.354341045043384
0,1,0,0,0,0,1,0,1,0.9161225465671015,0.45930338459581044,47.091854123305325
0,1,0,0,0,0,0,0,1,0.9434402286728513,0.22698212622747824,55.64654542182509
0,1,0,0,0,0,1,0,1,0.09000029619619744,0.5331870802908221,28.10523991331897
0,1,0,0,0,0,0,0,1,0.15383223553920372,0.21679498497931565,67.61157588981138
0,1,0,0,0,0,1,0,1,0.5792854280047031,0.8330964133586967,40.401016417980145
0,0,0,1,1,0,0,1,0,0.46822898511280153,0.7735528509193276,46.272262595795894
0,1,0,0,0,0,0,0,1,0.09623188936417978,0.040980092173849555,43.07132929451892
1,0,0,0,0,0,0,1,0,0.2984655293081193,0.8554402034171592,47.510729685004755
0,1,0,0,0,0,0,0,0,0.16580989404474084,0.11256440298254157,28.349966130284812
1,0,0,0,1,0,0,1,0,0.6080271117147016,0.5156112885367753,67.57388892604351
1,0,1,1,1,0,0,1,0,0.5361969050578861,0.6439476659209618,76.49485897796497
0,1,0,0,0,0,1,0,1,0.8419946294615487,0.32150157750921676,55.36543886047913
0,1,0,0,0,0,0,0,1,0.9525581448209242,0.22076347504858504,54.22480748003133
1,0,1,0,0,0,0,0,1,0.8559180452244207,0.8684870157942901,65.38283590248784
1,0,1,0,1,0,0,1,0,0.6229151595976248,0.6458478635099132,73.53102764494488
0,1,0,0,0,0,1,0,1,0.0929838113281204,0.4952998893791051,27.851441181251488
1,0,0,1,0,0,0,0,1,0.40944107598317975,0.6346675147363333,73.07125770568622
0,1,0,0,0,0,0,0,1,0.7456355550417115,0.5002677470247872,36.59228240588533
0,1,0,0,0,0,1,0,1,0.6051049592105053,0.8258097005933255,41.85364999861035
0,0,0,0,0,0,0,0,1,0.8975469660363967,0.32368245667765405,38.237832061852735
0,1,0,0,0,0,1,0,0,0.7310746269626311,0.9548687913380324,35.09103850390253
1,0,0,1,0,0,0,0,1,0.40569967445913047,0.6450114129633799,73.32990377731448
0,0,0,1,0,0,0,0,1,0.3014907326445696,0.5044035182988529,23.064941776447984
1,0,1,1,1,0,0,1,0,0.5438424948457575,0.6472461817121394,76.23724930467402
1,0,1,0,0,0,0,0,1,0.29574087143114675,0.5222698524285558,54.605754484213726
0,1,0,0,0,0,0,0,1,0.07679537179752176,0.1216408623468781,59.592779416695805
0,0,0,0,0,0,0,0,0,0.011291891851405916,0.5111374286632482,45.66244212442186
0,1,0,0,0,0,0,0,1,0.1246151024256418,0.03007131364374052,42.402728929953064
0,1,0,0,0,0,1,0,1,0.8471045273576309,0.3213081481998279,55.4503256812231
0,1,0,0,0,0,0,0,1,0.1288816519063202,0.03679293115510832,43.191870731551184
1,0,0,0,0,1,0,1,0,0.31820176086502894,0.5159780437964382,77.51495274398307
1,0,1,0,0,0,0,0,1,0.8515691503551979,0.852265643265717,65.42300148743443
0,1,0,0,0,0,0,0,1,0.03721599307624769,0.3253108649454123,24.654924752414534
0,0,0,0,0,0,1,0,1,0.7413160663172669,0.051687318701762436,29.840917531841214
0,0,0,0,0,0,0,0,1,0.9025226650209959,0.3268041333075849,37.89957237975354
0,1,0,0,0,0,1,0,0,0.7200513547037898,0.04049474422780247,39.78718922068436
0,1,0,0,0,0,1,0,1,0.6077427697318475,0.8346133730560188,41.60570202442349
0,1,0,0,0,0,0,0,1,0.07290772833105785,0.1314797432579666,52.96962362850176
0,1,0,0,0,0,1,0,0,0.7190910296812237,0.0264904274413255,39.34837455144435
1,0,0,0,0,0,0,1,0,0.4319352950536771,0.9198529234519566,59.0792283536378
0,1,0,0,0,0,0,0,1,0.31920337296512336,0.25469471531012255,46.57302249606118
1,0,0,0,0,1,0,0,1,0.8751572882100358,0.847145291916957,49.17045501167937
0,1,0,0,0,0,1,0,1,0.6093296509170755,0.8360258005260048,40.99255768458776
1,0,1,0,1,0,0,1,0,0.720157386368659,0.44191271780434666,60.30747253057501
0,1,0,0,0,0,0,0,0,0.2227917564710409,0.1232259777421737,41.58260724557176
1,0,0,1,0,0,0,0,0,0.7174479508669529,0.6627405574431801,84.18029
0,1,0,0,0,0,0,0,1,0.5769284622707039,0.11598082428322506,36.95004024217368
1,0,0,0,0,0,0,1,0,0.43734165487092636,0.9249477894727623,59.36050358163491
1,0,0,0,1,0,0,1,0,0.6164751157649243,0.5050197924342661,67.14914074320183
0,1,0,0,0,0,0,0,1,0.06113243676263429,0.3315271672896499,24.39118010491464
0,1,0,0,0,0,1,0,0,0.10408815347665189,0.10950660178535614,38.708963163807425
1,0,1,0,0,0,0,0,1,0.3010745702071535,0.5202941638069399,55.328199693807925
1,0,0,1,0,0,0,1,0,0.3159745801901439,0.9368382099246457,54.22858083703051
1,0,0,0,0,0,0,1,0,0.3194668269747182,0.8589596581385924,48.2736972858632
0,1,0,0,0,0,0,0,1,0.0700219263642739,0.09731598903195889,59.75616924028333
1,0,0,1,0,0,0,1,0,0.4661027718609746,0.7623295536037956,50.06248275008018
0,0,0,1,0,0,0,0,1,0.319946936168757,0.5214975453239347,22.867840577878585
1,0,0,0,0,1,0,1,0,0.4295000624614144,0.9227130873104248,62.39559382083683
0,1,0,0,0,0,1,0,1,0.8418497043227529,0.32712113579584745,55.746891458480825
0,0,0,0,0,0,1,0,1,0.728504619888079,0.07759548114767346,29.823631579940912
0,1,0,0,0,0,1,0,1,0.853345937832578,0.32912831557729083,56.33650441491511
1,0,1,0,1,0,0,1,0,0.7320252332822759,0.45137699492813865,61.42812946427096
1,0,1,0,0,1,0,1,0,0.5488690882060691,0.9138349943714424,81.50796270160689
0,1,0,0,0,0,0,0,1,0.7376509602291242,0.5239673250347572,42.132517169738314
0,0,0,0,0,0,0,0,1,0.08983885655022558,0.02605752200360048,37.92845131516143
0,0,0,1,1,0,0,1,0,0.4713776574311675,0.7747142918752671,45.92885206945412
1,0,0,1,0,0,0,1,0,0.3161948782144618,0.9153827614015202,55.03824908565288
0,1,0,0,0,0,0,0,1,0.14058645746056914,0.21487458267207413,67.19630785112605
1,0,0,0,0,0,0,0,1,0.13916336952855093,0.10754441831246388,55.48799493768311
0,1,0,0,0,0,1,0,0,0.0887770781110864,0.11784241296042311,39.31335139718154
1,0,0,0,0,1,0,1,0,0.2990420967813359,0.5178588621081939,77.52462321593653
0,0,0,1,1,0,0,1,0,0.4561868469890256,0.7680544847329193,46.3716167198168
0,1,0,0,0,0,0,0,1,0.18838923362762,0.9710019495735311,22.445341
0,1,0,0,0,0,0,0,0,0.16243999254404506,0.11609359197951181,27.965930983752457
1,0,1,0,1,0,0,1,0,0.72969053022777,0.45323699781369814,61.22528765486338
1,0,0,0,0,0,0,1,0,0.42715940951355785,0.922731522011015,56.349646575822526
1,0,0,0,1,0,0,1,0,0.609226094221312,0.496415465064729,67.60521195053484
0,1,0,0,0,0,1,0,0,0.04886626629620809,0.10216576966233953,39.226794301747944
0,0,1,0,0,0,0,0,1,0.9676652922417687,0.7821880410863701,33.5963230678393
1,0,1,0,0,1,0,1,0,0.7354561907976864,0.8581781155069215,66.37641318660125
1,0,0,0,0,0,0,0,1,0.17919603017962007,0.011,45.059865050046604
0,0,0,1,1,0,0,1,0,0.4472230255340863,0.7831318533189586,45.90718684134154
0,1,0,0,0,0,0,0,1,0.7289265778060448,0.5168150660821266,35.59427531308426
1,0,0,0,0,0,0,1,0,0.4116136738896965,0.917403357389116,58.95359503303748
1,0,0,1,0,0,0,0,1,0.5933040936939588,0.6478349411389522,69.76231577889112
0,1,0,0,0,0,1,0,1,0.09296093081787221,0.5202233661778779,28.053308428396306
0,1,1,0,0,0,0,0,0,0.6128172432213099,0.3203814162582343,34.603864135262334
1,0,1,0,0,0,0,0,1,0.8700156710944918,0.8697850088927153,65.17902935598813
0,0,0,0,0,0,1,0,1,0.7337100500775476,0.07362037734835293,29.501110219254656
1,0,0,0,1,0,0,1,0,0.599780281679422,0.5130850651071618,39.23274115889669
1,0,0,0,0,1,0,1,0,0.4340915126621545,0.9192400011126036,62.545561838626135
0,1,0,0,0,0,0,0,1,0.46054791931452027,0.46350898979622046,51.09446788368308
1,0,1,0,0,0,0,0,1,0.8599882653713796,0.8689105522795602,65.78722772119167
1,0,0,0,0,0,0,0,1,0.27531636009182564,0.9686258917515395,38.85210046268261
0,1,0,0,0,0,0,0,1,0.9362961344361738,0.20617857890340976,55.095972564257444
1,0,1,0,0,1,0,1,0,0.552794518793983,0.9112360420189293,81.33872527578134
1,0,1,1,0,1,0,1,0,0.6097126898196257,0.6563791898520477,59.45299947819711
1,0,0,0,0,0,0,0,1,0.18894796705552983,0.5150924100924723,57.25969974721003
0,1,1,0,0,0,0,0,0,0.6122130982067305,0.3284744940916473,34.451344325427065
1,0,0,1,0,0,0,0,0,0.7258912401317882,0.6482684983815379,84.16653072993567
1,0,0,0,0,0,0,1,0,0.46585957021027397,0.33171061423508125,49.02008045492583
0,1,0,0,0,0,0,0,1,0.3065710978705862,0.3126117611947179,43.95309134503629
0,0,0,0,0,0,0,0,1,0.4577540694803529,0.4608490058915088,34.09342575722124
0,1,0,0,0,0,0,0,1,0.4604657374470998,0.4623421823907034,51.33990605355944
0,0,0,0,0,0,0,0,0,0.015575854563817815,0.5282190930769699,45.86804620523417
0,1,0,0,0,0,0,0,1,0.0379409391739408,0.310215192215082,24.447309767284267
1,0,0,1,0,0,0,0,1,0.5966896561411309,0.6552590216852621,69.51056292865398
0,0,0,1,1,0,0,1,0,0.45452791985843255,0.7526912878002475,46.686895095122395
0,1,0,0,0,0,0,0,0,0.26527902116118995,0.27807768718687786,52.86785527252139
0,1,0,0,0,0,1,0,1,0.09392469292872015,0.5073047736231899,28.30257601827026
0,0,1,0,0,0,0,0,1,0.9856204530501118,0.749232212096907,33.19988149564277
1,0,0,0,0,0,0,1,0,0.301384692472094,0.8633152384719187,48.08080470033534
0,1,0,0,0,0,0,0,1,0.16341391057562485,0.2167614620407565,67.20250836959876
0,1,0,0,0,0,1,0,0,0.09426366600743798,0.09811137225188982,39.39184134871675
0,1,0,0,0,0,1,0,1,0.09646753258656754,0.5181544558323891,28.44052427816225
0,1,0,0,0,0,1,0,1,0.9069980818606208,0.4652285798236611,47.04170072724465
0,1,0,0,0,0,0,0,0,0.2237505086733549,0.1286982655860393,45.42309384398074
1,0,0,1,0,0,0,0,1,0.40470391948369,0.654058908502007,73.54247579643688
1,0,0,0,0,0,0,1,0,0.44226243176979624,0.9183924697134084,56.95719678234434
1,0,0,1,0,0,0,0,0,0.7161504780604552,0.6623180590610884,83.89414247159384
1,0,0,0,0,1,0,1,0,0.322548448535654,0.7813366447888526,66.1949180838897
1,0,0,0,0,0,0,0,1,0.16856585746220748,0.020659835787228506,45.816364885146
0,1,0,0,0,0,0,0,1,0.4644918789169704,0.4569765792739616,42.36100768674909
1,0,0,0,0,1,0,0,1,0.8629598126761775,0.849715773272532,49.16247332108441
1,0,1,0,0,1,0,1,0,0.5498373453992973,0.9097454072614167,81.61010621429288
0,1,0,0,0,0,0,0,1,0.1391871612275109,0.018579143331991593,43.04767485736987
0,1,0,0,0,0,0,0,1,0.7313476231728024,0.514999690723682,41.29995262707381
0,1,0,0,0,0,0,0,1,0.21833960649451012,0.3443695506882706,39.35043636272951
0,0,0,0,0,0,0,0,0,0.011,0.5164532694744383,46.04746978354457
1,0,0,0,0,0,0,1,0,0.4280663193595876,0.9305558386589201,59.16578122677868
1,0,1,0,1,0,0,1,0,0.5905674796676248,0.6525587488636553,73.72089654771735
0,1,0,0,0,0,0,0,1,0.3053014283958273,0.31237605164980947,43.8419946233672
1,0,0,0,0,1,0,0,1,0.8739125317016938,0.8512490379043816,49.162246855098445
0,1,0,0,0,0,0,0,1,0.05712361619763386,0.31804782959685646,23.378687551438418
1,0,0,0,0,0,0,0,0,0.3366908700397523,0.5027870591414122,42.857858076152546
0,0,0,1,0,0,0,0,1,0.3080531499192805,0.5217909396020466,23.244205167959564
0,1,0,0,0,0,1,0,1,0.27910428743862037,0.12769457276151133,45.77203555742734
0,0,1,0,0,0,0,0,0,0.42005564450301486,0.3165541637946965,32.71707304664898
1,0,0,0,0,0,0,0,0,0.31172447526210134,0.5192488928982681,43.44655867931575
0,1,0,0,0,0,0,0,1,0.4686481929509632,0.4642589605885514,57.15390558514051
1,0,0,0,0,0,0,0,0,0.31352214944612405,0.5138956977631517,42.90626221213729
0,1,1,0,0,0,0,0,0,0.6049309687827813,0.3289217959495528,34.96800010610108
0,1,0,0,0,0,0,0,1,0.1935564094492553,0.97600001,22.445341
1,0,0,0,0,0,0,1,0,0.3012093306764714,0.8607049026497232,47.47067551390021
0,1,0,0,0,0,1,0,1,0.07998216841406423,0.523016837269834,27.374303790874585
1,0,0,0,1,0,0,1,0,0.6095089712572515,0.5136366770215028,67.40927555439526
1,0,1,1,0,1,0,1,0,0.6016664788649344,0.6563190779077658,59.86040853322384
1,0,0,0,0,1,0,1,0,0.3079730015280127,0.5038992372029634,77.76760525170053
1,0,1,0,0,0,0,0,1,0.8600717403870429,0.878395270482344,65.74332224572035
0,1,0,0,0,0,0,0,1,0.8787038714392178,0.3290036569990925,46.07585780328444
0,1,0,0,0,0,0,0,0,0.2685210508063309,0.28507589938198313,52.39139799700068
1,0,0,0,0,0,0,0,0,0.3074672907576776,0.49729564005814575,43.311109373830455
0,0,0,0,0,0,0,0,1,0.9163416998314519,0.3179892402989854,37.23660291042
1,0,0,0,0,0,0,0,1,0.2803177137878397,0.97600001,38.12869395334775
0,1,0,0,0,0,1,0,1,0.271170727966244,0.11844477558747932,46.35466043111426
1,0,0,1,0,0,0,0,1,0.8332111733485654,0.6346915263688014,71.65650093689409
1,0,0,0,0,0,0,0,1,0.13747380447824753,0.10184790878154185,55.27906066178356
1,0,1,0,0,1,0,1,0,0.7415304413119488,0.8553661024294748,67.2196358667842
1,0,1,0,0,1,0,1,0,0.551178874301774,0.918026719654561,81.71792626807992
0,1,0,0,0,0,0,0,0,0.22504603207613505,0.11525149818496302,45.1248207245722
0,1,0,0,0,0,0,0,1,0.4693824464992823,0.466744431516581,52.22443975689766
0,0,0,0,0,0,0,0,0,0.011,0.1260465967355188,32.10675980789114
1,0,0,0,1,0,0,1,0,0.6099093691409999,0.503351890654683,39.31545758047507
1,0,0,1,0,0,0,1,0,0.45356603233688153,0.7585393619902824,49.28619422884436
0,0,1,0,0,0,0,0,1,0.9582988851398977,0.7653255361608817,33.99769910767753
1,0,0,0,0,0,0,0,0,0.32399332769197253,0.5180488279363741,43.71342928981219
0,1,0,0,0,0,0,0,1,0.7390858073574972,0.49965875676351595,42.28516785306383
0,1,0,0,0,0,1,0,1,0.2795436459208155,0.10178565173732396,46.241030475243015
0,1,0,0,0,0,0,0,1,0.12470889208687157,0.04101943440807673,43.33401520013788
0,1,0,0,0,0,0,0,0,0.2572827453989009,0.2738616611130896,52.62932160746616
0,1,0,0,0,0,0,0,1,0.5789722942311563,0.11265760101996658,37.58861370543291
0,1,0,0,0,0,0,0,1,0.9418604391618903,0.20417697707667945,54.748846611172546
1,1,0,0,0,0,1,0,0,0.6046661044753902,0.319213989854683,48.71551239764539
0,0,0,0,0,0,0,0,0,0.02056065228007808,0.5109354944133525,46.61103738972316
0,1,0,0,0,0,1,0,0,0.7289532930009286,0.3329283116817046,39.61321051455693
1,0,0,0,0,1,0,1,0,0.43296881755960426,0.9114278536338746,61.974504789392356
0,1,0,0,0,0,1,0,1,0.08466262600429184,0.5251235008051404,27.805526342399663
1,0,0,0,0,1,0,0,1,0.8757976346229408,0.8421664672819152,49.240808174434015
0,1,0,0,0,0,0,0,1,0.06902621329432407,0.11017895482278603,60.18549957511688
1,0,0,0,0,0,0,0,1,0.19067660929456537,0.5241007488020281,56.780430289955596
0,1,0,0,0,0,0,0,1,0.3110111734229879,0.31480197195503806,44.53205391916554
1,0,0,1,0,0,0,1,0,0.6024467631627552,0.7622958779226704,71.06337708876781
1,0,0,1,0,0,0,1,0,0.6017216743940775,0.7656780352199319,70.69691656773517
1,0,1,0,1,0,0,1,0,0.6189381981904118,0.6625303917665608,73.5427986043779
0,1,0,0,0,0,0,0,1,0.04516977665747441,0.33749440558542176,24.3914486673005
1,0,1,0,0,1,0,1,0,0.5439431542259364,0.8990396231895875,81.54906851892831
1,0,0,0,1,0,0,1,0,0.5863115651487325,0.5106383754178068,67.17409456559363
0,1,0,0,0,0,1,0,0,0.724458883207775,0.034768283753154376,39.90692026204877
0,0,0,0,0,0,0,0,1,0.4627814264402657,0.4565956417196412,33.82258860044395
1,0,0,0,0,1,0,1,0,0.424216017883035,0.9175254534335576,62.4379701036112
0,1,0,0,0,0,0,0,1,0.7436523259981607,0.5110453393661781,35.98633262781209
1,0,0,0,1,0,0,1,0,0.602609002484936,0.5207164059225131,67.14094701040764
0,0,0,0,0,0,1,0,1,0.7428658094974897,0.07928920894000568,29.436400467095012
0,1,0,0,0,0,0,0,1,0.3135203628575022,0.3101945943325887,44.98235983058997
1,0,0,0,1,0,0,1,0,0.6043139230104256,0.5091767537318314,39.06352965117357
1,0,0,0,0,0,0,1,0,0.4292511641160024,0.9236608230845867,58.79328020011687
1,0,0,0,0,1,0,1,0,0.3130320048775608,0.7620132694776207,66.60466610968271
0,1,0,0,0,0,0,0,1,0.327495080700439,0.26001616460398735,47.10911030718772
1,0,0,0,0,0,0,0,1,0.20043805816615196,0.08025089477994184,36.237726708844896
1,0,1,1,0,1,0,1,0,0.5871203612885273,0.6427391787739033,59.654370865607525
0,1,0,0,0,0,1,0,1,0.5994192547616961,0.828846216146869,41.09848277294038
1,0,1,0,0,0,0,0,1,0.3021225077906595,0.523331256739276,55.687217722911214
0,1,0,0,0,0,1,0,0,0.7378198383309406,0.32366702641491996,38.377609747376255
0,1,0,0,0,0,0,0,1,0.6079896498818107,0.7689784656543259,54.9025011735994
0,1,0,0,0,0,0,0,1,0.14775953412911727,0.21562298966063065,67.91283585369452
0,0,0,0,0,0,0,0,0,0.019593887424061325,0.11848153853946489,32.21009468768343
0,1,0,0,0,0,0,0,1,0.9496879129887374,0.240389469273144,62.32452176217468
0,0,0,1,0,0,0,0,1,0.31455220242421195,0.50198933751214,23.244084749485374
1,0,0,0,0,0,0,0,1,0.2751183571129491,0.959827565950383,38.52546889910603
0,0,1,0,0,0,0,0,1,0.9672992656201765,0.7779638454498167,33.60257926282564
0,1,0,0,0,0,0,0,1,0.7272648427686355,0.5039542313257278,35.64951580288542
1,0,1,0,1,0,0,1,0,0.6098848593298216,0.6508235683420551,72.7988533735934
1,0,0,0,1,0,0,1,0,0.6049328021536843,0.5060070107310434,38.7294257512981
0,0,0,0,0,0,0,0,1,0.09301130131155054,0.025285179911639727,37.88083916303892
0,1,0,0,0,0,0,0,1,0.3254218294797161,0.24689989662917083,47.76046477629131
1,0,1,1,1,0,0,1,0,0.5833310631580968,0.7654666398916018,57.37637799001399
1,0,0,0,0,0,0,0,1,0.8130442532224459,0.6548331729249988,66.7746951790446
0,1,0,0,0,0,0,0,1,0.3029890849952883,0.30440757011446146,43.791158139010676
1,0,0,0,0,0,0,1,0,0.4269365288838303,0.9120341336013786,58.653390170544654
0,1,0,0,0,0,0,0,1,0.729852806358389,0.5080397173186545,36.251633058696974
0,1,0,0,0,0,1,0,1,0.8352882809591898,0.3128241753097476,54.76361777709288
1,0,0,0,0,1,0,1,0,0.3046918700629087,0.7633991180929776,66.37169523875124
1,0,1,0,0,0,0,0,1,0.8527402854913901,0.8610123483475937,65.84975524189899
0,1,0,0,0,0,1,0,1,0.11372416342755717,0.5075951778429589,27.62823273529189
0,1,0,0,0,0,1,0,0,0.10819460804960977,0.1136874340729553,38.56242465880724
0,1,0,0,0,0,0,0,1,0.19352759919327112,0.9758304156275007,22.445341
1,0,0,0,0,0,0,1,0,0.42693380794518276,0.9124119868333082,56.71151603680484
0,1,0,0,0,0,1,0,0,0.08330843544145555,0.12188896895974664,39.47772044847983
0,1,0,0,0,0,0,0,1,0.29690817954041143,0.26723685237996503,47.43962006648363
1,0,0,1,0,0,0,1,0,0.6030142859015069,0.7630427491967067,70.76796345757894
0,0,0,0,0,0,0,0,0,0.011,0.12013467240974329,31.933636051084576
0,1,0,0,0,0,0,0,1,0.5802844011565725,0.1139580749120634,36.87857975045878
1,0,0,1,0,0,0,0,1,0.5795049956114311,0.6541145623532123,69.25960165229654
0,1,0,0,0,0,0,0,1,0.039574051085192366,0.3383429599603189,24.70487855232648
1,0,0,1,0,0,0,0,1,0.4072534048767797,0.6553346206683996,73.58270936550531
0,0,1,0,0,0,0,0,0,0.42108836045821657,0.30988763449465867,31.309502595134795
0,1,1,0,0,0,0,0,0,0.6075206306349902,0.3288687658728444,34.17290518705864
0,1,0,0,0,0,0,0,1,0.929863918072706,0.2305059898691465,55.63226469894458
0,1,0,0,0,0,0,0,1,0.7392077996321569,0.5091116228075068,36.05238965335276
0,1,0,0,0,0,1,0,1,0.2602515754996005,0.12448441625703793,45.37400609601157
1,0,1,0,0,0,0,0,1,0.30733706210949896,0.50511908122004,56.09786850137034
1,0,1,0,0,1,0,1,0,0.7319102709920673,0.8473408175751567,66.95902460412772
0,1,0,0,0,0,0,0,1,0.3013925198812924,0.3142029779942064,44.544174883391996
0,1,0,0,0,0,1,0,0,0.7293334041657137,0.01903198405502974,39.63587800586213
0,1,0,0,0,0,0,0,1,0.5840811871145883,0.11395676379807068,37.18721140910948
0,1,0,0,0,0,0,0,1,0.1321693126698895,0.04496597601612016,42.76964546874669
1,0,1,0,0,1,0,1,0,0.5448110086674125,0.889725756238791,82.5739609715355
1,0,0,0,0,0,0,0,1,0.27991792024350326,0.9650966312215817,38.327421208813185
0,1,0,0,0,0,0,0,1,0.15949661698646775,0.21120541878926644,67.39831573364023
1,0,1,0,1,0,0,1,0,0.6018355323042572,0.6504604325490352,73.35244690480614
1,0,0,0,0,0,0,1,0,0.3193259821538108,0.8568835124423191,47.3894718529415
1,0,0,1,0,0,0,0,1,0.4223082244979959,0.6629229212382183,73.9956039604026
0,1,0,0,0,0,0,0,1,0.08553332632288872,0.12413258880512089,59.49400914055171
0,0,1,0,0,0,0,0,0,0.40764393517952063,0.3292205152462801,32.35530872257799
1,0,0,0,1,0,0,1,0,0.5961862508192065,0.5122409854358733,66.88352844823437
1,0,1,0,0,0,0,0,1,0.8725227555620364,0.8633509626706991,64.82070328087408
0,1,1,0,0,0,0,0,0,0.5950751826977168,0.31765450844013265,34.657355578991826
1,0,0,0,0,0,0,1,0,0.4188466417111069,0.9253047963992734,56.13544689053658
0,0,1,0,0,0,0,0,1,0.960899755599796,0.7575236072708992,32.564650778314835
0,1,0,0,0,0,0,0,1,0.468543892237162,0.4721187609194337,42.41600571583539
0,1,0,0,0,0,0,0,1,0.06813645723619723,0.12610784945072484,53.75629438835654
1,0,0,0,0,0,0,1,0,0.3075136006007684,0.8617969169050187,48.43952971005148
0,0,0,0,0,0,0,0,1,0.45931417314646483,0.46349838019626005,34.04604012167987
1,0,0,0,0,1,0,1,0,0.30699264744918675,0.5144112668222829,76.77248155399413
0,1,0,0,0,0,0,0,1,0.21258284331947702,0.30061523282808017,39.836348930825565
1,0,1,1,0,1,0,1,0,0.6232416337484609,0.653575748095265,60.02167038652067
1,0,0,1,0,0,0,0,0,0.03650899810108668,0.2780340508991703,81.71550446114354
1,0,1,0,0,1,0,1,0,0.5534782931648187,0.9055685867246219,81.65791208356292
0,1,0,0,0,0,0,0,1,0.5998754395892497,0.7610207978886656,54.99302871002011
1,0,1,1,1,0,0,1,0,0.5444317740641664,0.6503628680545809,76.91683754537365
1,0,0,1,0,0,0,0,0,0.02798239683983269,0.2692836064235944,81.80785954554095
1,0,0,0,0,0,0,1,0,0.40763739388954995,0.9167950009135242,56.437804425579166
1,0,1,0,0,0,0,0,1,0.29037884296471467,0.5115756618101029,55.6695788381761
1,0,0,0,1,0,0,1,0,0.588730503924258,0.5119794025170825,39.5058066018219
0,1,0,0,0,0,0,0,0,0.24802691883100106,0.28037982446980486,53.12089235783303
0,1,0,0,0,0,0,0,1,0.30291918529595463,0.2638571025918165,47.927619424853084
1,0,1,0,1,0,0,1,0,0.6151737008478442,0.6417452519255528,72.9299734017622
0,1,1,0,0,0,0,0,0,0.6036252270666592,0.32649724160017923,35.2298845772986
0,1,0,0,0,0,1,0,0,0.74288368395789,0.9759922539560688,35.52882609286077
0,1,0,0,0,0,1,0,0,0.09646593581869722,0.10121830906892072,40.44731058031412
0,1,0,0,0,0,0,0,1,0.6105995127826138,0.7565308798060971,54.337818462567775
1,0,0,0,0,1,0,1,0,0.42240248752901227,0.9130116099187789,61.981978112452694
1,0,1,0,0,0,0,1,0,0.9694185985101645,0.8568409589168621,64.53711953851383
0,1,0,0,0,0,0,0,1,0.22614545591467614,0.3172895690277808,39.62111678490821
0,1,0,0,0,0,0,0,1,0.460136968173483,0.463555154118918,43.03454444774512
1,0,0,0,0,0,0,0,1,0.1317187642553341,0.10869047301649552,55.082153551478335
0,1,0,0,0,0,0,0,1,0.46977482358248535,0.4542250115741789,51.809532125559606
1,0,0,0,0,1,0,0,1,0.8673654452976011,0.8380330241421882,50.03423244225642
0,1,0,0,0,0,1,0,1,0.25753136213426864,0.10490541515340754,46.30504506346682
0,0,1,0,0,0,0,0,0,0.4080139165209238,0.3397203831639545,31.80928444579015
0,1,0,0,0,0,1,0,1,0.5697295360191106,0.05406011714238493,35.19675271256675
0,1,0,0,0,0,1,0,0,0.09575776991276967,0.11578151380496914,39.551358220057566
0,0,0,0,0,0,0,0,1,0.899316422610815,0.32156762894494173,38.27407650949591
1,1,0,0,0,0,1,0,0,0.60422417180018,0.3169519820619434,49.07232415760206
1,0,0,1,0,0,0,1,0,0.4698115022862602,0.7649961567795408,50.44676816148728
1,0,0,1,0,0,0,1,0,0.31821336941019296,0.9389481849885292,54.49189965663596
0,1,0,0,0,0,0,0,1,0.5940874196711177,0.12786269210386156,37.629715426349584
0,1,0,0,0,0,1,0,0,0.056769145216612964,0.09673159250454853,39.15471879507826
0,1,0,0,0,0,0,0,1,0.03755582247468428,0.33051836703331866,24.15263284940668
0,1,0,0,0,0,1,0,0,0.7461981548573329,0.317914073269129,38.72535531535647
0,0,1,0,0,0,0,0,1,0.9605220930107836,0.7518624993138064,33.107536646693625
1,0,0,0,0,0,0,0,1,0.2058117117864988,0.5196878592815503,57.31672748979547
0,1,0,0,0,0,1,0,1,0.09357335269585304,0.5208858443221952,28.11561006764473
0,1,0,0,0,0,0,0,1,0.3095242162094882,0.2639140542997967,47.26772753912201
0,1,0,0,0,0,0,0,1,0.030755174471160458,0.32099597935814633,24.74475801877072
1,0,0,0,0,0,0,1,0,0.4635531473316192,0.3235787914439118,49.37821802357011
0,1,0,0,0,0,0,0,1,0.299849264408879,0.26138921320682634,47.81639935862858
0,1,0,0,0,0,0,0,1,0.5891574815898796,0.11933617840942486,37.231043424570565
0,1,0,0,0,0,1,0,0,0.7447915370431208,0.030645575115433366,39.27035680153509
0,1,0,0,0,0,0,0,1,0.7252794113099671,0.49720287368399524,42.48375981045169
1,0,0,0,0,0,0,1,0,0.4325466157871526,0.9189703805349302,55.68459186021617
0,1,0,0,0,0,1,0,1,0.5978825354681462,0.8461949144653548,40.91860362234331
0,1,0,0,0,0,0,0,1,0.726699798208071,0.5007945939625847,42.70259663322955
1,0,1,0,0,0,0,1,0,0.9715315057326603,0.8654432713734738,63.59091340934933
0,1,1,0,0,0,0,0,0,0.6036749657965516,0.32782526060202566,35.00810204886225
0,1,0,0,0,0,0,0,1,0.23467095035177943,0.33139246451038185,40.10992660213671
1,0,0,0,1,0,0,1,0,0.5999331653461041,0.5184306192867096,67.44080924834405
0,1,0,0,0,0,0,0,1,0.9494276696044952,0.21408203474573798,63.21319514288477
0,1,0,0,0,0,0,0,0,0.9068215352206964,0.4972208749130429,52.832549944003645
0,1,0,0,0,0,1,0,0,0.7387110139488653,0.32045354213644944,38.980665586361
0,1,0,0,0,0,1,0,0,0.7282289813637797,0.04157680247046274,39.84135879781091
0,0,1,0,0,0,0,0,1,0.9645820261241779,0.7623812715370123,33.14303219800183
0,1,0,0,0,0,0,0,0,0.9050259848601104,0.5050856101689704,52.131880510416906
1,0,1,0,1,0,0,1,0,0.5969492608177338,0.6354791740474147,72.74878606606286
0,1,0,0,0,0,0,0,1,0.5865834932693947,0.13093538726581028,37.49888463299562
1,0,0,0,0,1,0,1,0,0.31848372616225556,0.7740364335523581,66.9788273774785
0,0,0,0,0,0,1,0,1,0.7370056067972686,0.07556075495588199,29.622897386899602
0,1,0,0,0,0,0,0,1,0.16396166170457468,0.2282465829373269,66.47977032211126
1,0,0,0,0,0,0,0,1,0.8372227299502862,0.655914506484585,66.09946467523469
0,0,1,0,0,0,0,0,1,0.9618379540077686,0.7649179436219838,33.61071063903411
1,0,0,0,0,0,0,0,1,0.20014605708191927,0.5096044453935399,58.028496945896514
0,0,1,0,0,0,1,0,0,0.1807409967240917,0.263356451200849,42.077084919561074
1,0,0,1,0,0,0,1,0,0.6041969320721594,0.7894522656953895,70.56586058390569
1,0,0,0,0,0,0,0,1,0.26194213106563585,0.97600001,38.22340974319638
1,1,0,0,0,0,1,0,0,0.6176624870717546,0.32104766131437773,48.87755267866451
0,1,0,0,0,0,0,0,1,0.07206716870240995,0.11996678418037114,52.65994546419331
0,1,0,0,0,0,0,0,0,0.16016129789672215,0.1073857645115518,26.883267852001637
0,1,0,0,0,0,0,0,1,0.23006612739162396,0.3378208166561048,40.06486451988569
0,0,0,0,0,0,0,0,0,0.011,0.5053666038373474,45.00223355959376
0,1,0,0,0,0,1,0,1,0.8310144857713059,0.32927004701747614,55.704167671490914
0,1,0,0,0,0,0,0,1,0.13371153538953556,0.043083852700937675,42.885420483702525
1,0,0,0,0,0,0,0,0,0.31350993774735836,0.5142788293045746,42.888828658710764
0,1,0,0,0,0,0,0,1,0.4671120854036855,0.46580503687644476,52.15506254837694
0,0,0,0,0,0,0,0,1,0.4538141216444103,0.4650920512057224,33.84557843180401
0,1,0,0,0,0,0,0,1,0.4648040634598738,0.46451903071582923,41.88033970912149
1,0,0,1,0,0,0,0,0,0.98799998,0.6460856176460443,72.83068056703725
0,0,0,0,0,0,0,0,1,0.09995071352930375,0.019169675371557962,37.90394315375847
0,1,0,0,0,0,0,0,0,0.22143118391660338,0.1286084991633721,45.272384022762715
1,0,1,0,0,0,0,0,1,0.2982973225858751,0.5100750726291652,54.3734211693055
1,0,0,0,0,1,0,1,0,0.42667246409392673,0.911303726914326,61.90458979364319
0,1,0,0,0,0,0,0,0,0.8880438841790477,0.5066002907792487,52.90374810885709
1,0,1,0,0,1,0,1,0,0.734172745484351,0.8693769450315085,67.00453902832942
0,1,0,0,0,0,0,0,0,0.27413019128717353,0.28475726945553675,53.10934100366305
0,1,0,0,0,0,0,0,1,0.29971234079449427,0.25977490939436265,47.0585104757459
0,1,0,0,0,0,0,0,1,0.1914220818493317,0.9738055135509641,22.445341
1,0,0,0,0,0,0,0,0,0.3032387591394243,0.5158859540873051,43.805058743358835
0,0,0,0,0,0,0,0,1,0.8978589367982797,0.3195158100201745,37.92837944700137
0,0,0,1,0,0,0,0,1,0.3134510158816292,0.5087876492391924,23.22326159694138
0,0,1,0,0,0,0,0,1,0.9474216094397605,0.775264320231787,33.91856619604813
0,1,1,0,0,0,0,0,0,0.6091802885969152,0.33245024757095565,34.20069021243135
0,1,0,0,0,0,0,0,0,0.9123574957863998,0.5026325225660695,52.08048294751427
0,1,0,0,0,0,0,0,1,0.86988235993347,0.31770952315333933,46.41621251534253
0,1,0,0,0,0,0,0,1,0.2920794644051664,0.25592631786960246,47.17334752880157
0,1,0,0,0,0,1,0,1,0.8635968962501153,0.29370944511763114,42.963068310246804
0,0,0,0,0,0,0,0,1,0.9163974352402436,0.3086762816252319,38.92884259270093
0,0,1,0,0,0,0,0,0,0.3945723883272523,0.3273718360853825,32.37854960362878
0,0,1,0,0,0,0,0,0,0.4150692454985134,0.3132738788385084,31.18744216756732
0,1,0,0,0,0,0,0,1,0.1410487053615635,0.21459447564434161,67.18081658695868
1,0,0,0,0,0,0,0,1,0.18078516186497395,0.011,45.753370741183055
0,1,0,0,0,0,0,0,1,0.4593065706194822,0.4614165898948557,51.43149701727188
0,0,1,0,0,0,1,0,0,0.18940665999085396,0.2624511866430296,42.012236169574706
1,0,0,0,0,0,0,0,1,0.2017686897208919,0.5110613957920626,57.20666521058768
0,1,0,0,0,0,0,0,1,0.16648540859043573,0.21543875826428965,67.01454042520642
0,1,0,0,0,0,1,0,1,0.6022885024455342,0.8245375115668011,41.534530976642046
0,1,0,0,0,0,0,0,1,0.0721712879068226,0.12264574839911235,59.62611864142341
1,0,0,1,0,0,0,0,1,0.3934760916718457,0.6574157065701954,73.01912022778086
1,0,0,1,0,0,0,0,0,0.98799998,0.6581852266435556,74.21481609484984
1,0,0,1,0,0,0,0,0,0.7135864409962385,0.6378704741790245,83.86615286317414
0,1,0,0,0,0,0,0,1,0.06427099747656474,0.11854726534038884,59.90794335262139
1,0,0,0,0,0,0,0,1,0.2668123679719793,0.97600001,37.23085281349628
0,1,0,0,0,0,0,0,1,0.7188197385448821,0.502212473235472,36.06873741396606
0,0,1,0,0,0,0,0,1,0.96692925319723,0.7670781908870844,33.028026001817096
0,1,0,0,0,0,0,0,1,0.22815892026145068,0.3240092104395014,39.252631196424225
1,0,0,0,0,0,0,0,1,0.19947039485993692,0.5266980782378593,57.67785195316142
1,0,0,0,0,1,0,1,0,0.2996003616175517,0.7833998338300341,66.67781025428847
0,1,0,0,0,0,0,0,1,0.3119558707491985,0.2988169859966179,44.624952098930024
0,1,0,0,0,0,0,0,0,0.16825774233224422,0.13725228517649904,26.526613577250856
0,0,1,0,0,0,0,0,1,0.9491623526874184,0.7592008189880443,34.243628073661384
1,0,0,0,0,0,0,1,0,0.3039361802819163,0.8683569300173681,47.30672502864805
0,1,0,0,0,0,0,0,1,0.07639214134548698,0.12427020991599226,60.53477082193244
1,0,0,1,0,0,0,0,1,0.8272777821797057,0.6425151314689028,71.91333040553214
0,1,0,0,0,0,1,0,1,0.8754742543831199,0.2832034481114499,43.102492842113165
1,0,0,1,0,0,0,0,0,0.98799998,0.6500836588579176,72.51271111626342
0,1,0,0,0,0,0,0,1,0.4689514398228636,0.46972378674808035,42.24529362415459
1,0,0,0,0,0,0,0,1,0.13254815807879308,0.0949657024961465,55.168801258039856
1,0,0,1,0,0,0,1,0,0.4878604936674342,0.7771947642136836,50.360289330290925
0,1,0,0,0,0,0,0,1,0.7301969149060011,0.5116425058595931,35.90797745892756
1,0,1,0,1,0,0,1,0,0.5972711960586952,0.6495694618525509,72.20495991358496
1,0,0,1,0,0,0,1,0,0.31660771959131845,0.927340217143746,55.018719487794925
0,1,0,0,0,0,1,0,0,0.7357021271230311,0.038945912819416215,39.42496403939968
1,0,1,0,0,0,0,0,1,0.2975580481942406,0.5172362118208866,54.85132879148179
1,0,0,1,0,0,0,0,0,0.025293502149373974,0.2733366584059475,81.62037062396828
0,0,0,0,0,0,0,0,1,0.48447957978856626,0.45609267325641856,34.31625952136558
1,0,0,0,0,1,0,1,0,0.31575635462737794,0.5061620706058164,76.37639613375427
0,1,0,0,0,0,0,0,0,0.26082441757676517,0.2737096093179232,51.921761453956265
1,0,0,1,0,0,0,1,0,0.6117242726557939,0.7736997072902018,70.91430030124407
0,1,0,0,0,0,0,0,0,0.26607953766648296,0.28731697008621115,53.13918809391854
1,0,0,0,0,0,0,0,1,0.2648673683119389,0.9746780494353631,37.799584287321814
1,0,0,0,0,0,0,0,1,0.2017418082216524,0.5231937206278073,56.715519926786484
1,0,1,0,1,0,0,1,0,0.593105156704011,0.6626615889812933,73.13858326222899
1,0,0,1,0,0,0,0,1,0.8279737962393432,0.6530741717979934,70.82237454978646
0,1,0,0,0,0,0,0,1,0.14313249596066469,0.026996156950432504,42.63814810696899
0,1,0,0,0,0,1,0,1,0.875931389786553,0.292424762904678,42.519717935574576
0,1,0,0,0,0,0,0,1,0.4618272955429426,0.464480033641004,51.78277273470008
1,0,0,0,0,0,0,1,0,0.425723445883025,0.9190751111998073,59.076998746143374
0,1,0,0,0,0,0,0,1,0.06553948344119633,0.11310601680202094,52.62941139993306
0,1,0,0,0,0,0,0,0,0.21785825997498423,0.10841754962421676,46.32405265741301
0,0,0,0,0,0,1,0,1,0.7288138392665896,0.05648481855696706,29.85836084476757
1,0,0,0,0,0,0,1,0,0.4727275169084492,0.3303930500456713,49.802262736795846
0,1,0,0,0,0,0,0,0,0.14738335106323794,0.10932415801796055,27.141630557107536
1,0,0,1,0,0,0,1,0,0.32026948339062306,0.9440721264724926,54.26474737481184
1,0,1,1,0,1,0,1,0,0.6007979647521897,0.641744919330522,58.569798157857726
1,0,0,0,0,0,0,0,1,0.20017890867339552,0.5002850509451956,57.64435890914005
1,0,0,0,0,0,0,1,0,0.3034957780679935,0.8643472156074172,48.026484129163244
0,1,0,0,0,0,0,0,1,0.23120472644336917,0.3380322103114319,39.36817723423349
0,1,0,0,0,0,1,0,0,0.10350479849713363,0.11655040817379854,38.951679302010085
0,1,0,0,0,0,0,0,0,0.17009250182910018,0.12087642945281792,27.62690452811608
0,1,0,0,0,0,1,0,1,0.8352256289941264,0.30928998912096706,54.67179819326925
0,1,0,0,0,0,1,0,0,0.7389922055378753,0.9592264776137588,35.0319005055561
0,1,0,0,0,0,1,0,1,0.9094142789461808,0.4438510703585424,46.284708318291
0,1,0,0,0,0,0,0,1,0.13746227765809466,0.20385114931867176,67.81501302085184
1,0,0,1,0,0,0,0,1,0.5927950832013903,0.6519968804886106,69.86804875472393
0,1,0,0,0,0,0,0,1,0.22307422378619868,0.3058874770408325,38.48020034303658
1,0,1,1,0,1,0,1,0,0.6086895121013185,0.6397327753428916,58.86497245214033
1,0,0,1,0,0,0,0,1,0.4074948858933719,0.6464222614372204,73.3769132261102
1,0,1,1,1,0,0,1,0,0.6064560079769138,0.7599161223525387,56.70722776789436
1,0,0,0,0,0,0,1,0,0.44242739706477907,0.9213780205424634,55.909327138468534
0,1,0,0,0,0,0,0,1,0.13733949522452363,0.036604038672959915,43.9423369894852
1,0,0,0,0,0,0,0,1,0.2428212941552471,0.97600001,38.02433876175459
0,0,0,0,0,0,0,0,0,0.011,0.12241152432009579,32.469447932222884
0,1,0,0,0,0,1,0,1,0.9046114707117282,0.46272157710153117,46.47967357895293
0,1,0,0,0,0,0,0,1,0.5662240207549053,0.11598365213417179,37.66547495560435
1,0,0,0,0,0,0,0,1,0.22079427271379057,0.08358602802045588,34.555056065383084
1,0,0,1,0,0,0,1,0,0.6145311020674368,0.7713589427110118,70.61130253833998
0,1,0,0,0,0,0,0,1,0.5948366319352509,0.7562071438030065,55.129234783473784
0,1,0,0,0,0,0,0,1,0.31583695549580965,0.25161526310695836,46.45838188144336
0,1,0,0,0,0,0,0,1,0.7242765882298948,0.5081670327933016,36.71844596827419
0,1,0,0,0,0,0,0,0,0.214333573399579,0.10903308228755543,45.546319200421685
1,0,0,1,0,0,0,0,0,0.7324593137944878,0.6545928761998308,84.18029
1,0,0,1,0,0,0,0,0,0.9834244344586186,0.6501988589050735,72.41597843194546
0,0,0,0,0,0,0,0,1,0.9098979903450362,0.31934867877969153,37.605853782516846
1,0,0,1,0,0,0,0,0,0.7042195115178773,0.6453566247744702,83.67041752181112
0,1,0,0,0,0,0,0,1,0.9567054375545889,0.20968544833869243,55.21353222377711
0,1,0,0,0,0,1,0,1,0.6090823107413647,0.8453413188188792,41.29446621409043
0,0,0,1,0,0,0,0,1,0.31146091654019975,0.5116699294928937,23.214027838531354
0,1,0,0,0,0,0,0,1,0.20185374861456215,0.9686475606203088,22.445341
1,0,1,0,0,1,0,1,0,0.5341105888383557,0.9128901524352686,81.08709813310632
0,1,0,0,0,0,0,0,1,0.950972600543664,0.21522407115155215,55.08241898504994
0,1,0,0,0,0,0,0,1,0.7292677335656672,0.4990143235002168,35.81331623492093
0,1,0,0,0,0,1,0,0,0.09127902531309265,0.12470246293064495,38.7110355595264
0,1,0,0,0,0,1,0,0,0.08885372933824613,0.11142306636742715,39.69080169208104
0,1,0,0,0,0,1,0,0,0.727103190362347,0.0305155214784895,39.42442931994746
0,1,0,0,0,0,0,0,1,0.15685834629299367,0.22035092026912764,67.59495635409566
0,1,0,0,0,0,0,0,1,0.8741581157849786,0.3347366951828535,46.1777108704462
0,1,0,0,0,0,0,0,1,0.5864963488041718,0.11617075007354957,37.455936292640764
1,0,1,0,1,0,0,1,0,0.7319258218638643,0.4307815958016969,60.77635666013085
0,1,0,0,0,0,0,0,1,0.07332795904003805,0.12063471030458567,59.11903653266252
1,0,0,0,0,1,0,0,1,0.8684677085411086,0.8438670944084256,50.15090554067457
0,1,0,0,0,0,0,0,1,0.08780396544320221,0.13208816077709573,52.76663803071613
1,0,1,0,0,1,0,1,0,0.5327771935816608,0.9059904781604984,81.9704620117265
0,1,0,0,0,0,0,0,0,0.23063384571178208,0.0969538885172481,45.136271951578856
0,0,0,1,0,0,0,0,1,0.32453594544135494,0.5140453066205869,23.345485935345994
0,1,0,0,0,0,0,0,1,0.45781350064333953,0.4815711132442071,41.79837430942255
0,1,0,0,0,0,0,0,1,0.9598000830511295,0.2334293855877393,55.64608375053879
0,1,0,0,0,0,0,0,1,0.5893952247669115,0.13160268708763986,37.48517663932629
0,1,0,0,0,0,0,0,0,0.9141899134786605,0.5023099765549953,52.50253777354597
0,0,0,0,0,0,0,0,1,0.9062363391316265,0.33277300131877624,38.60697004436373
0,1,0,0,0,0,0,0,1,0.19516806957182184,0.9698474506752411,22.95277407533779
1,0,0,1,0,0,0,0,0,0.7182340253653429,0.6529113278560544,84.18029
0,1,0,0,0,0,1,0,0,0.7352934464069033,0.023152391797472482,38.836664522688125
0,1,0,0,0,0,1,0,0,0.7438165953012649,0.028508198243326573,39.15527364433968
1,0,0,0,1,0,0,1,0,0.6055290447462711,0.505237266163938,38.53450439468923
0,0,0,0,0,0,0,0,1,0.08531353679485972,0.03065714193582243,38.04159698337785
1,0,1,0,0,1,0,1,0,0.7389526196178208,0.8668234298839481,67.04661157531027
0,0,0,0,0,0,0,0,1,0.10076833015668957,0.025358951090672592,37.11214245040975
1,0,0,1,0,0,0,1,0,0.3185209213652409,0.9064922089148605,54.44362505863015
1,0,0,0,0,0,0,1,0,0.3192869958663094,0.8573443388005902,47.174098079514344
0,0,0,0,0,0,1,0,1,0.7297151754566895,0.06264188076803369,29.68036453030828
0,1,0,0,0,0,0,0,1,0.18916556819551542,0.97600001,22.445341
0,1,0,0,0,0,0,0,1,0.9336782560594875,0.23004003742899976,55.335758459128336
1,0,1,1,1,0,0,1,0,0.5322076698608231,0.6600021309996834,76.8396419742183
0,1,0,0,0,0,0,0,1,0.31499824552762673,0.24856431105023644,48.01048714702063
0,1,0,0,0,0,0,0,1,0.06829625050273337,0.09265475411604292,53.19801617364292
0,1,0,0,0,0,0,0,1,0.1932894576299562,0.9609426414126999,22.445341
0,1,0,0,0,0,1,0,1,0.823074409660991,0.3371145474362905,55.713036744674916
0,1,0,0,0,0,0,0,1,0.454481014418021,0.4615806599875146,50.79909820661124
0,1,0,0,0,0,0,0,1,0.5904523403373583,0.10960261401406522,36.926163623174766
0,1,0,0,0,0,0,0,1,0.7263950085242041,0.5249980981983424,36.163819734248385
1,0,1,0,0,1,0,1,0,0.5490409729282345,0.9167812256622536,80.69581709474214
0,0,1,0,0,0,0,0,0,0.40627196133363697,0.3252083325895172,32.21468786694894
1,0,0,0,1,0,0,1,0,0.6161329855260005,0.5084997118892508,38.52731854407157
0,1,0,0,0,0,0,0,1,0.06778537147841943,0.11487428435538898,59.90845420915529
0,1,1,0,0,0,0,0,0,0.6064459637609548,0.3269357838551264,34.04474184610673
0,1,0,0,0,0,0,0,1,0.9606139473275481,0.23363498652542164,55.28986627804095
0,0,0,1,0,0,0,0,1,0.3257885638327275,0.5146000846370039,23.426305383529414
0,1,0,0,0,0,1,0,1,0.8454146342837527,0.33118692972242453,55.968563518060556
0,1,0,0,0,0,1,0,0,0.7269971942216965,0.9749640394171246,35.293711291278896
0,1,0,0,0,0,0,0,1,0.9382545656482721,0.21003247172800807,54.76639425375508
1,0,1,0,0,0,0,0,1,0.3063001080167196,0.51743262224289,54.955731971484376
0,1,0,0,0,0,0,0,1,0.31211260472884483,0.25248979855313475,46.58334259643696
1,0,1,1,0,1,0,1,0,0.6006667628865997,0.6295588260480651,59.70747474476904
0,1,0,0,0,0,1,0,1,0.918373179838884,0.43486456902424486,47.04218985342093
0,0,0,0,0,0,1,0,1,0.7310368252611745,0.06032399193666492,30.787239379592577
1,0,0,0,0,0,0,0,1,0.28639308366048305,0.97600001,37.61430995792514
1,0,0,0,0,1,0,1,0,0.313765248038128,0.5119697360554174,76.65108467434037
1,0,0,0,0,0,0,0,1,0.28205609151735983,0.97600001,37.6345299659999
1,0,0,0,0,0,0,0,1,0.1770133670647626,0.027625188773392668,45.829829089445596
0,1,0,0,0,0,1,0,1,0.5771209324051907,0.04718530520923764,34.74648687881858
1,0,1,1,1,0,0,1,0,0.5398891473993975,0.6507662435241364,76.65035970977594
1,0,0,1,0,0,0,0,1,0.39879999387144377,0.6535943022439613,73.91169847897268
1,0,0,0,0,0,0,0,1,0.13087683202572173,0.08672576614445024,55.104707112510766
0,1,0,0,0,0,0,0,1,0.07733675071706157,0.11624138960893482,53.25870619599298
0,1,0,0,0,0,1,0,0,0.046339494614973685,0.09036584814318385,39.37736306839639
0,1,0,0,0,0,0,0,1,0.20915147644984314,0.3370146676280252,39.44152095369528
0,1,0,0,0,0,1,0,1,0.08152855347914184,0.5051915233701316,27.989236491290406
0,1,0,0,0,0,1,0,1,0.08096455184167323,0.5283107896228574,29.192324848960254
0,1,0,0,0,0,0,0,1,0.7170931262927551,0.5107232463220606,41.91355104431831
0,1,0,0,0,0,1,0,0,0.09392332340408815,0.12476067643455441,39.14263894010105
0,1,0,0,0,0,0,0,1,0.05548781772008812,0.3245457634849802,24.195772074726975
0,0,0,1,0,0,0,0,1,0.3128868508252015,0.5107379929053022,24.20140150457389
1,0,1,0,0,1,0,1,0,0.5269372747360307,0.9010231470151182,82.03207679520578
1,0,0,1,0,0,0,0,1,0.5913912523845773,0.6520151482344763,69.18611017244298
1,0,1,0,1,0,0,1,0,0.7306270594190157,0.4437098723672303,61.0256412097954
1,0,0,0,0,0,0,0,1,0.28467614797033075,0.9693168611166204,38.000271682732276
1,0,0,1,0,0,0,0,1,0.8127115285061399,0.6499344396604474,71.23834142142765
1,0,0,0,1,0,0,1,0,0.6007052738470225,0.5058009524993857,39.307739465432014
1,0,0,0,0,0,0,0,1,0.28138593438673914,0.97600001,38.05802547885115
0,1,0,0,0,0,1,0,0,0.7357947862726665,0.03323535094690638,39.555210287645934
1,0,0,1,0,0,0,0,1,0.5977505705397823,0.6641678931078837,69.46539252450327
0,1,0,0,0,0,0,0,0,0.22096632338619365,0.11433298185886445,45.6554400862887
1,0,1,0,0,1,0,1,0,0.548782508391271,0.9082095693925787,81.7435753590882
0,1,0,0,0,0,1,0,0,0.05255780395620928,0.09273984442684685,39.16698771392326
0,1,0,0,0,0,0,0,1,0.06217336795261516,0.11219021960340057,59.58270330053512
1,0,0,1,0,0,0,0,0,0.727404949562245,0.6527941153575935,84.18029
1,0,0,1,0,0,0,1,0,0.3014210621892849,0.9315152936515879,54.06549900971919
0,1,0,0,0,0,0,0,1,0.7347692111932586,0.512891631714189,36.205286057576856
0,1,0,0,0,0,0,0,0,0.26850736375319445,0.290791541850395,52.770861911564815
0,1,0,0,0,0,1,0,0,0.726802613817531,0.9704600166411574,36.062891773869914
0,0,1,0,0,0,1,0,0,0.1858086885737821,0.2808680772709922,41.50783602100303
1,0,1,0,0,1,0,1,0,0.7267499305330244,0.8594968749696893,66.64907207815203
0,1,0,0,0,0,0,0,1,0.9319620156650577,0.2403685571251467,54.67811324167415
0,0,1,0,0,0,0,0,0,0.41501787557233005,0.32086363055394257,32.372940000155516
0,1,0,0,0,0,0,0,0,0.21068974754198663,0.10946850752253011,44.863751137660365
1,0,1,0,1,0,0,1,0,0.6067222134971018,0.6406884157785605,72.88956506879062
1,0,0,0,1,0,0,1,0,0.5943009695250062,0.530864074241582,38.03052207895392
1,0,0,0,0,1,0,1,0,0.4360043162183515,0.9249829965279365,62.3899842345807
0,1,0,0,0,0,0,0,0,0.15203624852299996,0.11315275182759146,27.08435751999471
1,1,0,0,0,0,1,0,0,0.5992242427317809,0.33564368024630975,48.32965243298919
1,0,0,1,0,0,0,0,0,0.9827325205078458,0.6568602678734163,73.36429505376599
1,0,0,0,1,0,0,1,0,0.6151753120229566,0.5277545608754839,38.40119825745543
1,0,0,0,1,0,0,1,0,0.6067853997404056,0.4978099448901574,39.324756921433696
1,0,0,1,0,0,0,1,0,0.3112143781807988,0.9157386833848993,54.218815786929746
0,1,0,0,0,0,0,0,1,0.5852058139310975,0.11205857094886681,38.05133378388929
0,0,0,0,0,0,0,0,0,0.011,0.09918103657780979,32.59000855608995
0,1,0,0,0,0,1,0,1,0.8716362220806606,0.2880357099561823,42.4067859932618
0,0,0,1,1,0,0,1,0,0.48184560935499354,0.7646958047196499,45.89415697554125
1,0,0,0,1,0,0,1,0,0.6051160860061491,0.5173028321916276,67.86865643903086
0,0,0,0,0,0,0,0,1,0.9065727512129236,0.3451090573402578,37.8958245524459
1,0,1,0,0,0,0,1,0,0.9696224936658824,0.8569898033426772,64.27902803920287
0,1,0,0,0,0,0,0,1,0.948552875610352,0.21641109652776291,55.66198698518164
0,0,1,0,0,0,0,0,1,0.9481547610988985,0.7680112303399236,33.10900556549428
1,0,1,0,1,0,0,1,0,0.5898124287876733,0.6594129616126286,73.13961811634785
1,0,0,0,0,0,0,1,0,0.4317734567067901,0.9131706699201679,59.65503786717085
0,1,0,0,0,0,0,0,1,0.30697123113932406,0.3076231783423721,44.73058110540273
1,0,1,0,0,0,0,1,0,0.9760646549353176,0.869008969686912,64.28329774953288
0,1,0,0,0,0,1,0,1,0.09034204607172731,0.5142265984498426,28.00065947565249
1,0,1,0,1,0,0,1,0,0.715685538057103,0.42357562345860594,60.03766289009416
1,0,0,0,1,0,0,1,0,0.5933064453496149,0.5005576631577479,67.13942782436399
1,0,0,0,0,0,0,1,0,0.4068112043363551,0.9307929336918948,59.37582642968369
1,0,0,0,0,1,0,1,0,0.31102554226645235,0.770425097988599,66.41017365697057
0,1,0,0,0,0,0,0,1,0.31141129268218437,0.24850485990585663,47.20610897929755
1,0,0,0,0,0,0,0,1,0.2634203743586202,0.9745478445500613,38.343239908382685
0,1,0,0,0,0,0,0,1,0.07809849403809027,0.11611279782628883,59.34296928791751
0,0,0,1,1,0,0,1,0,0.4751074611607309,0.7732696562606546,46.192954850906546
0,1,1,0,0,0,0,0,0,0.6025630356090639,0.31342539260960345,34.60049235056796
1,0,0,0,0,0,0,0,1,0.8069975067062828,0.6438337754094776,66.26558103757877
1,0,0,0,0,1,0,0,1,0.8772056924212421,0.8503260137888278,50.152282932306136
0,0,0,0,0,0,0,0,0,0.015683511919318043,0.5101492281655268,46.515216864905526
1,1,0,0,0,0,1,0,0,0.6066091577527096,0.3298731536500513,49.10996916014653
0,1,0,0,0,0,1,0,1,0.8802770799226908,0.26852262161802776,43.636500252081525
1,0,0,0,0,0,0,1,0,0.420176680935939,0.9210432929980916,55.8327461975195
0,1,0,0,0,0,0,0,1,0.0859404076859038,0.12530205508008974,59.860607503964886
0,0,1,0,0,0,0,0,0,0.4099088808789396,0.32914847011568227,32.39175332909768
0,0,0,0,0,0,0,0,0,0.017318411599611644,0.512185436654514,45.715174111615354
0,1,1,0,0,0,0,0,0,0.5897700834630373,0.32418290687735773,34.649642476393325
1,0,1,0,0,0,0,0,1,0.8521548213687391,0.8528857300961061,65.23068840053385
1,0,0,0,0,1,0,0,1,0.8847879512418201,0.8473864457321355,49.82714777411783
0,0,0,0,0,0,0,0,0,0.011,0.12673472798619645,32.725291811061474
1,0,1,0,0,0,0,0,1,0.8670833179693308,0.8589856949215761,65.8357930829195
0,1,0,0,0,0,0,0,1,0.7339983026814709,0.503417413192958,35.20457142596013
0,1,0,0,0,0,1,0,0,0.7311148477996365,0.9608052299439696,34.86650149055929
1,0,0,1,0,0,0,0,0,0.7315017705372041,0.6527115888573438,84.18029
0,0,0,1,0,0,0,0,1,0.31100417832827554,0.5078170376094371,23.42712652417631
0,0,0,0,0,0,1,0,1,0.7169825153523199,0.07313556561888404,28.52149156032788
1,0,0,0,0,0,0,0,1,0.16722603617397114,0.015455473107541126,46.28213476902808
0,1,0,0,0,0,0,0,1,0.6086483277661595,0.7625755721894337,54.92107948112167
0,0,0,0,0,0,0,0,0,0.014335441608453297,0.1281310254072379,31.901654423181462
0,1,0,0,0,0,0,0,1,0.4517845488090618,0.4734863244021402,51.84904277172382
0,1,0,0,0,0,0,0,1,0.45889141200761235,0.45703877460378906,51.11510756298617
1,0,1,0,0,0,0,1,0,0.9600941471973352,0.8523004375260158,64.05122904348953
0,1,0,0,0,0,0,0,1,0.042917890204743264,0.3243542946679915,24.682242599699194
0,1,0,0,0,0,0,0,0,0.15039652650411656,0.11215525741746322,28.08543167507406
0,1,0,0,0,0,0,0,1,0.0637007644150959,0.10629961816450882,60.57647089793001
0,1,0,0,0,0,0,0,1,0.14485540902880356,0.21623607268844508,67.19547889801149
0,1,0,0,0,0,1,0,0,0.7385065510260737,0.320956373582179,39.38841202882593
1,0,0,0,1,0,0,1,0,0.6108235218311671,0.5052747523859611,67.95026661796845
1,0,0,0,0,0,0,1,0,0.46377033863182077,0.32230895365447265,49.10190539317531
1,0,0,0,0,0,0,1,0,0.4266938260808913,0.9280422841572311,56.77317028853212
0,1,0,0,0,0,1,0,0,0.7331800118121443,0.9666977998325936,34.96862519098811
1,0,0,0,0,0,0,1,0,0.45811358816770664,0.3460637947005932,49.79325957990907
0,0,0,0,0,0,0,0,0,0.011,0.5124529850742842,46.01668620244765
1,0,1,0,0,1,0,1,0,0.7240708351690447,0.8575281812201289,67.19166844013702
1,0,1,0,0,1,0,1,0,0.7266464287124287,0.8600352288338233,67.02355191703306
0,1,0,0,0,0,0,0,1,0.7221880821077568,0.5131857058287218,40.92354922411582
0,1,0,0,0,0,0,0,0,0.9073667146921077,0.514709046544752,52.41996740380278
0,1,0,0,0,0,1,0,1,0.5751539113426606,0.0756969318818071,34.86078466100328
1,0,0,1,0,0,0,0,0,0.020615547321133493,0.27179651465070853,82.06194212668751
0,0,1,0,0,0,1,0,0,0.18621191762113296,0.27432044956686347,41.859290579701465
0,1,0,0,0,0,0,0,1,0.1491452084262801,0.22177037055853793,67.75825188481048
0,1,0,0,0,0,1,0,0,0.095880042588354,0.10261171029120876,39.14853674576777
0,1,0,0,0,0,0,0,1,0.46489088366158815,0.47156759811519716,51.60449259372195
1,0,0,0,0,0,0,1,0,0.41774139081195566,0.928802179642884,56.94885160581578
0,1,0,0,0,0,0,0,0,0.151353909364567,0.10869547290766589,27.46298037659808
0,1,0,0,0,0,0,0,1,0.46524813744284726,0.464923869019529,51.01835611234684
0,1,0,0,0,0,0,0,0,0.9146760242449109,0.4962971756587109,51.271458198458404
1,0,1,0,0,0,0,0,1,0.8413271335289345,0.8492729462961361,65.50691275762922
0,1,0,0,0,0,0,0,1,0.15391560129912774,0.2289309043150708,67.37155097706383
0,1,0,0,0,0,0,0,1,0.323032413200722,0.30902536821919824,44.22057101204668
0,1,0,0,0,0,0,0,1,0.3117094789435987,0.24555120820544823,47.52480721175398
1,0,0,0,1,0,0,1,0,0.6086399852835911,0.5129553528280634,39.040302848326085
1,0,1,1,0,1,0,1,0,0.5980707870094719,0.6465482225147406,60.09448838192538
0,0,1,0,0,0,0,0,0,0.4169933606427381,0.3209878292128815,32.101446118552055
1,0,0,0,0,0,0,0,1,0.2063303719037152,0.08730025157110169,34.92720172561087
0,1,0,0,0,0,1,0,1,0.5492294912189927,0.04810015386405751,34.800986715930094
0,0,1,0,0,0,0,0,0,0.4259506241068505,0.31728481644255285,32.889937526921415
1,0,1,0,1,0,0,1,0,0.7236932455706157,0.4423130203349535,60.0517835141662
0,0,0,0,0,0,0,0,0,0.011,0.5192609167790447,45.91534335236137
1,0,1,0,0,0,0,1,0,0.9533077052584732,0.8705511350975051,64.725691258219
0,1,0,0,0,0,1,0,1,0.8941093415335122,0.44733261022902215,47.46172816941156
0,1,1,0,0,0,0,0,0,0.6025339468701003,0.3329879553947782,34.62303071490481
1,0,0,0,1,0,0,1,0,0.5978472364958864,0.5043178214598696,38.84659068859101
1,0,0,0,0,0,0,0,1,0.223187537715869,0.09656225252114875,35.05424351948813
1,0,0,1,0,0,0,1,0,0.6078163561408155,0.7573384600979939,71.11685065776203
0,1,0,0,0,0,0,0,1,0.2227058169918033,0.3363207746392604,39.288970964423115
0,1,0,0,0,0,1,0,1,0.2690121788297135,0.11040567830394518,46.14077456493977
0,0,0,1,1,0,0,1,0,0.4783057713073262,0.7841561306999525,46.814643515239275
1,0,0,1,0,0,0,0,1,0.3969966658769543,0.6560390274494903,74.26457329286497
0,0,0,1,0,0,0,0,1,0.31253670853431337,0.5023418785489845,23.743698652437292
0,1,0,0,0,0,0,0,0,0.17155229777533806,0.11154968486572092,27.323234312621715
1,0,1,0,0,0,0,1,0,0.9756641965064456,0.866656935286829,64.32961038578495
0,1,0,0,0,0,0,0,1,0.7200098498056963,0.5199702102037046,42.516676318226075
0,1,0,0,0,0,1,0,1,0.5663658270697822,0.057397386969965276,34.528230704272595
1,0,0,0,0,0,0,0,1,0.2784534143070548,0.97600001,37.97040725532331
0,1,0,0,0,0,0,0,0,0.910284796660271,0.5174623723944839,51.87724097922231
0,1,0,0,0,0,1,0,0,0.7336466990878899,0.3261231254206497,39.75468792537812
1,0,0,0,1,0,0,1,0,0.6021641726129738,0.49997722990157767,67.10259285381835
1,0,0,0,0,1,0,1,0,0.4267633068334358,0.9110721285540448,62.0948589566774
0,0,0,0,0,0,0,0,1,0.9084306539346325,0.3270035915773777,38.053789498213874
0,1,0,0,0,0,0,0,1,0.938871636698092,0.23035787289808377,63.95883758230412
0,1,0,0,0,0,0,0,1,0.19664092228983462,0.97600001,22.445341
0,0,1,0,0,0,1,0,0,0.1866628454074238,0.2736428394160638,41.612042685591675
0,1,0,0,0,0,1,0,1,0.2612816185307682,0.11844818118898232,45.75411400137207
1,0,0,1,0,0,0,0,0,0.03848760146654063,0.2853811134615172,82.59422485316547
1,0,0,0,0,1,0,1,0,0.3375766500595737,0.7613182261152055,65.23654792527539
0,1,0,0,0,0,0,0,0,0.8910141825587723,0.5096942047877356,51.9014370993904
1,0,0,1,0,0,0,1,0,0.46773249044701565,0.7599770954828056,51.546107560536605
1,0,0,1,0,0,0,0,0,0.7135891291860266,0.640358716540094,84.18029
1,0,1,0,0,1,0,1,0,0.7368693913637215,0.8628423861799568,66.4863896188063
0,0,0,0,0,0,0,0,0,0.011392632511424071,0.512580852931132,46.098110283263736
0,1,0,0,0,0,0,0,1,0.47142493958308745,0.47085990956012275,57.149340843623925
1,0,0,0,0,0,0,0,0,0.3229133737457188,0.5156537346374572,43.4401990859864
1,0,0,0,0,0,0,1,0,0.3146227324153436,0.8620677310033713,48.636976020769694
0,1,0,0,0,0,0,0,1,0.9505469012844383,0.22474327279258854,63.255646731090486
0,1,0,0,0,0,0,0,1,0.8522298442135806,0.324636261097286,46.17484264836604
0,1,0,0,0,0,1,0,0,0.7454127298974906,0.03751850340683151,39.80594942326999
0,1,0,0,0,0,0,0,0,0.270162996583295,0.2728120871418872,52.60498029068701
0,0,0,1,0,0,0,0,1,0.32208975182422533,0.514150471471915,22.964368238402866
1,0,1,1,0,1,0,1,0,0.5937124083458366,0.6566960180112036,58.75695654540776
0,1,0,0,0,0,0,0,1,0.11999387957045803,0.028293234859619678,42.40210435890472
0,1,0,0,0,0,0,0,0,0.2682307294462646,0.27944170317969713,52.51800820953634
0,0,1,0,0,0,1,0,0,0.1858563145978128,0.2616858896510385,41.38746276967868
0,1,0,0,0,0,0,0,1,0.5833871685026542,0.11151331276496979,37.48597845409373
1,0,1,0,0,0,0,1,0,0.9741459970688401,0.8504137954062544,63.827010828261706
0,0,0,1,1,0,0,1,0,0.4501133913403459,0.7777864662821553,44.91707326963591
0,1,0,0,0,0,0,0,1,0.07721249323376128,0.125081358511897,59.40590196591231
0,1,0,0,0,0,0,0,1,0.4650698437194663,0.4695798042634413,41.97170753485188
1,0,0,1,0,0,0,0,0,0.9862814291810464,0.6678063141290506,72.62221378774143
1,1,0,0,0,0,1,0,0,0.59159363374968,0.32338731107930213,49.649458527449966
0,0,0,0,0,0,0,0,1,0.09724235554531466,0.04883551133827778,37.45309733443853
1,0,1,0,1,0,0,1,0,0.711641126843402,0.4390610919762426,61.18727346201198
0,1,0,0,0,0,0,0,1,0.05146809246352803,0.3271746494323768,24.516657934335306
0,1,0,0,0,0,0,0,1,0.4524166439968363,0.4616102898583022,42.160207570011266
0,1,0,0,0,0,0,0,0,0.22045082589294912,0.11917281498725804,45.09969508471512
0,0,0,1,1,0,0,1,0,0.4639950150525985,0.7741208085011833,46.270801621292925
1,0,0,0,0,0,0,1,0,0.4398630602721775,0.9170292283838213,58.90037762968155
1,0,1,0,0,0,0,0,1,0.30049333977448534,0.5261405020693969,55.13868315580302
0,1,0,0,0,0,1,0,1,0.5981461006411614,0.8390379480732125,41.161838426901426
0,1,0,0,0,0,0,0,1,0.21572767432174314,0.32730496225800376,39.03227233548189
1,0,0,0,0,0,0,0,1,0.23073458507348796,0.07325387183176736,35.1572694109898
0,1,0,0,0,0,0,0,1,0.469522745991729,0.468566287889749,42.36608086636737
0,1,0,0,0,0,1,0,0,0.7287478618817147,0.9638578416572249,35.09413424849828
1,0,1,0,1,0,0,1,0,0.7300059695978589,0.43581682534629385,60.864547188400756
1,0,1,0,0,1,0,1,0,0.5327835465943421,0.8993832042245898,81.60613046560374
0,1,0,0,0,0,0,0,1,0.7352761042347586,0.5337677182458679,41.89135420219574
0,1,0,0,0,0,0,0,1,0.031158969944734598,0.3227547383765708,24.55592360559314
1,0,0,0,0,0,0,1,0,0.3193401049882435,0.847584141536598,47.557237654343325
1,0,0,0,0,1,0,1,0,0.3140846927399356,0.7610500457046391,66.05601809742392
0,1,0,0,0,0,1,0,1,0.8921298283943733,0.2785605687380997,42.137030872878206
0,1,0,0,0,0,0,0,1,0.8627222216834378,0.3296584758526622,46.25434963011176
1,0,0,0,0,0,0,1,0,0.4641342211732696,0.3297277522270241,49.902304687002264
1,0,0,1,0,0,0,1,0,0.3281654653964906,0.9237658285496557,54.22161614463119
1,0,0,0,1,0,0,1,0,0.6140473001731414,0.5055047288943404,40.08119049215891
1,0,0,0,1,0,0,1,0,0.5981286143022685,0.5139010823074417,39.36369923685066
0,1,0,0,0,0,0,0,1,0.3148887714907867,0.30553454874206143,44.94789348169201
0,1,0,0,0,0,0,0,1,0.7320168511454699,0.5057196212114772,36.366601619068724
0,1,0,0,0,0,0,0,0,0.22237781461090314,0.10817963765967607,46.279368045564674
1,0,0,0,0,1,0,1,0,0.42410783770938243,0.9078729879988355,61.93912376175091
0,0,0,1,0,0,0,0,1,0.31224672545347204,0.5200687632854775,22.445341
1,0,0,0,0,0,0,1,0,0.4165231764726826,0.9238680636333482,59.04035031041274
1,0,0,1,0,0,0,0,0,0.7211395647828618,0.6593227860300857,84.18029
1,0,1,0,1,0,0,1,0,0.6077951232711856,0.6513350308036009,73.16604564552779
0,1,0,0,0,0,0,0,1,0.06708210493685732,0.12261965595050087,59.984882651036486
1,0,0,1,0,0,0,0,0,0.020379815122966057,0.26399098021691575,82.44590716617213
0,1,0,0,0,0,0,0,1,0.8803365524166527,0.33235488933091384,46.57937294564875
1,0,0,1,0,0,0,0,1,0.4090741340828667,0.6525093669572423,73.78557407484173
0,1,0,0,0,0,0,0,1,0.3068772966756708,0.3183439764232915,43.963214075104815
1,0,1,0,0,0,0,0,1,0.2996336060389783,0.5142383921534213,54.58338434323716
0,1,0,0,0,0,0,0,1,0.7193444149802342,0.5025886762284897,42.98039178367246
0,1,0,0,0,0,0,0,1,0.8633524026094935,0.31223427214248967,46.455994256275446
0,0,1,0,0,0,0,0,0,0.4134644928316703,0.3189321387092132,31.95750558814174
0,1,0,0,0,0,0,0,1,0.4753596246560598,0.4698140074409435,56.847055698484375
0,1,0,0,0,0,0,0,0,0.2146068846850823,0.12188069318768222,45.18142964475757
0,1,0,0,0,0,0,0,1,0.586399075212177,0.10434292290145732,37.03741207311033
1,0,0,1,0,0,0,0,0,0.02946022723212552,0.2706394591514675,81.30317788370951
0,1,0,0,0,0,1,0,1,0.09509101481835427,0.5048368441054316,27.469014933472174
0,1,0,0,0,0,0,0,1,0.31180756122020264,0.25195518392544936,47.08765593318757
0,0,0,0,0,0,0,0,0,0.018362736441812938,0.4993931075391445,45.85631348160412
1,0,0,0,0,0,0,1,0,0.4254897927598139,0.9058818026835264,59.72197271086529
1,0,1,0,0,0,0,0,1,0.288738408733856,0.5039966162097805,55.19268176934384
1,0,0,1,0,0,0,1,0,0.3013456178861322,0.9187350019636785,54.64287939938736
1,0,0,1,0,0,0,1,0,0.3085145147091466,0.9079394098515655,54.20035015523829
0,1,0,0,0,0,0,0,1,0.03546631940799237,0.3240131571004376,24.471877537382095
0,0,0,0,0,0,0,0,1,0.46845943545514984,0.4740205792997799,34.31737481059673
0,0,0,0,0,0,0,0,1,0.9020720636218309,0.31390672457845487,38.32524859000774
0,0,0,0,0,0,0,0,1,0.11302573936798971,0.021240748778475697,37.681133788847404
0,1,0,0,0,0,0,0,0,0.20534535495897144,0.12473258210532585,41.86310499096174
0,0,0,0,0,0,0,0,1,0.09471729893755203,0.01943567791201968,37.72584191957569
0,1,0,0,0,0,0,0,1,0.5714876189909863,0.11111140789636773,37.696444237751976
1,0,0,0,0,0,0,0,1,0.21583900513564758,0.0909148631016513,34.50703992434415
0,0,0,1,1,0,0,1,0,0.4661926309357673,0.7643906838450147,45.50118539303242
0,1,0,0,0,0,1,0,0,0.7123894669700879,0.9744120511065364,35.40851900556761
0,1,0,0,0,0,1,0,1,0.6059971924942381,0.8406554878075482,41.58380233921447
0,1,0,0,0,0,1,0,0,0.7480477538178275,0.9620783799461842,35.54323359182296
1,0,0,1,0,0,0,0,0,0.716176054918479,0.6550877579046421,84.18029
0,1,0,0,0,0,1,0,1,0.09519103609214023,0.5137307273062703,27.974469840607732
0,1,0,0,0,0,0,0,1,0.47364345828114396,0.4736995701132801,51.05840845594023
0,1,0,0,0,0,0,0,1,0.06761733116112231,0.11132721057224113,60.10611092380759
0,1,0,0,0,0,0,0,0,0.2151005962833465,0.11635114222679073,41.57669337958936
0,0,0,1,1,0,0,1,0,0.4458080629023794,0.7664758070768546,46.05045967758116
0,1,0,0,0,0,1,0,0,0.7374056483823453,0.33100046919536535,39.672349610397944
1,0,1,0,1,0,0,1,0,0.6030455883776809,0.6422638378473947,72.71213131460827
0,1,0,0,0,0,0,0,1,0.2114597469444031,0.33366627662244913,39.190734543006045
1,0,0,1,0,0,0,0,1,0.4070676163280939,0.6549738941468415,74.15309656618912
0,1,0,0,0,0,0,0,1,0.1920776563249499,0.9647776818578179,22.82649767496191
0,1,0,0,0,0,1,0,0,0.041543631040694036,0.1142963503247275,38.98395206920119
0,1,0,0,0,0,1,0,0,0.09811302902362742,0.13503808056727673,39.13800823897378
1,0,0,0,0,1,0,1,0,0.3017130276748899,0.7755372631396215,66.53860692165178
0,1,0,0,0,0,0,0,1,0.15983229986630634,0.23216021445133053,65.83278018306935
1,0,0,0,0,0,0,0,1,0.25521290214531067,0.97600001,37.48940331036867
1,0,0,1,0,0,0,0,1,0.5874112391574776,0.6368413151560579,69.46147516264007
1,0,0,0,0,0,0,0,0,0.3292167461841872,0.4952850959484574,42.91240647359874
1,0,0,0,1,0,0,1,0,0.6135072756953173,0.5131736909094335,39.08347212614486
0,1,0,0,0,0,0,0,1,0.3138231124325391,0.24995538465583558,47.66887564440835
0,1,0,0,0,0,0,0,0,0.15406823922806223,0.10820633328961435,27.162766612806152
1,0,0,1,0,0,0,1,0,0.5995364649995594,0.7664653169318993,70.27151416540399
1,0,0,0,0,0,0,0,1,0.2676179417214899,0.97600001,38.029741480143706
0,1,0,0,0,0,0,0,1,0.19731644416883398,0.9636201698502328,22.445341
1,0,0,0,0,0,0,0,1,0.12623365941568115,0.08917483984664247,55.306969217537926
0,1,0,0,0,0,0,0,1,0.06873997857512398,0.1288665362954124,52.69790899252796
0,1,0,0,0,0,0,0,1,0.46319211328077037,0.45583680667038223,52.39620758566502
0,1,0,0,0,0,1,0,1,0.08083938219128628,0.5184117497681711,27.14415884116644
0,1,0,0,0,0,0,0,1,0.19264411692954223,0.9718693211889,22.445341
0,0,1,0,0,0,0,0,0,0.42571329668969715,0.3296510341585675,32.22937615819717
1,0,0,1,0,0,0,0,1,0.8134604348370336,0.6603510222793488,71.12226406110891
1,0,0,1,0,0,0,1,0,0.6024013940629892,0.7733169376451121,71.13050832030562
0,0,0,0,0,0,0,0,0,0.011,0.5187474878832797,46.47338393017524
0,1,1,0,0,0,0,0,0,0.6049390200733331,0.31518655355090314,34.49672501322844
0,1,0,0,0,0,0,0,0,0.9027225650395376,0.5204901589919604,52.22268621344657
1,0,1,1,1,0,0,1,0,0.6164592540542722,0.7597336977705863,56.86541738675208
0,1,0,0,0,0,0,0,1,0.6082721308768194,0.7572117149397195,54.815127851203485
0,0,1,0,0,0,0,0,0,0.406937198067615,0.32720066451822094,32.19660284710186
0,1,0,0,0,0,1,0,1,0.5746606681306972,0.06213402555692913,34.49649203321637
0,1,0,0,0,0,0,0,0,0.8994671589561538,0.5138713949834013,52.45224642103379
1,0,1,1,1,0,0,1,0,0.5991339942890508,0.7598093964343563,57.24507633027826
1,0,0,0,0,1,0,1,0,0.4326465357066166,0.9064969299385179,61.74461038235831
0,0,0,0,0,0,0,0,1,0.0888529551223635,0.030433819384973637,37.261276955439364
1,0,0,0,0,1,0,1,0,0.3205296989048148,0.5125835906782658,76.00130414767357
0,1,0,0,0,0,1,0,1,0.8414683247518939,0.33479453665000064,55.73424404231424
0,1,0,0,0,0,1,0,0,0.7267802363920268,0.03361880516787194,39.57040446673984
1,0,0,0,0,0,0,0,1,0.2614646262025571,0.9640257406471395,38.10891271930702
0,1,0,0,0,0,1,0,1,0.08822980837799119,0.5192329649474426,27.50013745051113
1,0,0,1,0,0,0,1,0,0.4742697973094817,0.7638438643469142,51.130828338649
0,1,0,0,0,0,1,0,1,0.2723028092959651,0.11891442170992432,45.728647154766655
1,0,0,0,0,0,0,0,1,0.18842043726805224,0.011,45.81056114688062
1,0,0,0,1,0,0,1,0,0.623123663258079,0.5250120857199471,67.9778625351433
1,0,1,0,1,0,0,1,0,0.7233076579663159,0.4335302622582087,60.36758823811662
0,0,1,0,0,0,0,0,1,0.9655938346760339,0.7641245736277406,33.197808454735245
0,1,0,0,0,0,0,0,1,0.931080745744967,0.22091563645059517,63.163765302791894
0,1,0,0,0,0,0,0,0,0.1554422264249606,0.1066928429634576,28.557799590303404
1,0,1,0,0,0,0,0,1,0.29668632367055975,0.5138165400925017,55.19621348343182
0,1,0,0,0,0,0,0,0,0.2580847000684753,0.2927360901127883,53.61630566256106
0,1,0,0,0,0,0,0,1,0.9321291132589139,0.2158204704133664,63.61422119216844
0,1,0,0,0,0,0,0,1,0.7307831984980486,0.5143672348780379,42.43356851529317
0,1,0,0,0,0,0,0,1,0.45473906498441574,0.44157037083914474,50.978344791890784
1,0,0,1,0,0,0,0,0,0.041101899918207264,0.2786682703506451,82.33130484986918
1,0,1,0,0,0,0,0,1,0.852260331479926,0.8573323842364846,65.05887564901069
1,0,0,0,1,0,0,1,0,0.627693870074426,0.5040250587522033,39.67754324916509
1,0,0,0,0,1,0,1,0,0.3091933356020718,0.7762157242816478,66.55844760711153
0,1,0,0,0,0,0,0,0,0.2676073354075484,0.27621988702808625,51.74840397168644
1,0,0,1,0,0,0,1,0,0.5930759866724173,0.7654876252268337,70.58621794001189
0,1,0,0,0,0,1,0,0,0.10738796259649361,0.11278570763171922,39.298867560605736
1,0,1,1,1,0,0,1,0,0.6134410399813809,0.7506656535794801,56.81053466977571
1,0,0,0,0,1,0,0,1,0.8745039566051699,0.838353637646787,49.83787641788521
1,0,1,0,0,0,0,1,0,0.9536419982433322,0.8681900784347978,63.98032696423764
1,0,1,1,0,1,0,1,0,0.6057765841365191,0.6330198334296467,58.95615147173985
1,0,1,0,1,0,0,1,0,0.5945426206957115,0.6444697758077056,73.06820387179667
0,1,0,0,0,0,1,0,1,0.10533246290586626,0.5075937196693948,28.141290847781416
1,0,1,1,0,1,0,1,0,0.6108241410103394,0.665858493836063,59.376370753369365
0,1,0,0,0,0,1,0,1,0.8728048447551265,0.28554975519083475,43.387711741674174
0,1,0,0,0,0,0,0,1,0.025453346003189645,0.32025199741413996,24.15189456798418
1,0,0,0,0,0,0,0,1,0.2117065713004577,0.09211656317288887,34.859425332507655
1,0,1,1,1,0,0,1,0,0.5518000866683271,0.6446896294557487,76.70360901698078
1,0,0,1,0,0,0,0,1,0.8352285856669729,0.6595991797794356,70.781921960607
0,1,0,0,0,0,0,0,1,0.3223539368006592,0.24342017160731555,46.5944037480115
1,0,0,1,0,0,0,0,0,0.9745740782357868,0.6601459097781317,72.89312786824526
1,0,0,0,0,1,0,1,0,0.3155430669989578,0.5075390655331786,77.63800284057048
1,0,1,0,0,1,0,1,0,0.7405641207686354,0.8512354930820952,67.22592387959587
0,0,0,0,0,0,1,0,1,0.7180147710575284,0.06714958378228071,28.946436901593795
0,1,0,0,0,0,1,0,1,0.9059333589571911,0.4553634302548505,45.4183837555181
1,0,1,1,1,0,0,1,0,0.5483093914015712,0.6467839644731108,76.99546526088774
0,1,0,0,0,0,0,0,1,0.19446356608606755,0.97600001,22.445341
1,0,0,0,0,0,0,1,0,0.2973801784236948,0.855031960717352,48.33057162386247
0,1,0,0,0,0,0,0,1,0.7292532845243016,0.5162865545473605,41.88559373545563
0,1,0,0,0,0,0,0,1,0.9382397195327108,0.22376844605000693,63.238822485687095
0,1,0,0,0,0,1,0,0,0.7307512529892783,0.033480839197920095,39.831879244932026
1,0,1,0,0,0,0,0,1,0.29724807403320386,0.5072386899731792,54.86771314760421
0,0,1,0,0,0,0,0,0,0.41426396158745665,0.32629136228157846,32.044017407969676
0,1,0,0,0,0,0,0,1,0.3126651355450037,0.25968905041708495,47.18431499693739
1,0,0,0,0,1,0,0,1,0.8757313264482284,0.865569848087216,49.76225370135405
0,1,0,0,0,0,1,0,0,0.09043268388968524,0.12400537893002772,39.00560786056548
1,0,0,1,0,0,0,0,1,0.5895453032214747,0.659317030359663,69.91120329543436
0,1,0,0,0,0,1,0,1,0.9067788680642979,0.47931912109888547,46.58063864911448
0,0,1,0,0,0,0,0,0,0.4018003756489798,0.3293967893699565,31.648060129317972
0,1,0,0,0,0,0,0,1,0.1550229638998388,0.2241299452981903,67.9051769611925
1,0,0,0,0,1,0,0,1,0.8719952312406332,0.8539993352469434,49.25878376095138
0,1,0,0,0,0,1,0,0,0.732334736882107,0.9564019506354231,35.04130861325886
0,1,0,0,0,0,0,0,1,0.05410214766909071,0.3212172312641515,24.49611176625427
1,0,0,1,0,0,0,1,0,0.5875313171478286,0.7626866405070887,70.76512184373337
1,0,1,0,0,0,0,1,0,0.94835406346639,0.8655187268255309,64.18365301362596
0,0,1,0,0,0,0,0,0,0.42030907627320363,0.32351574148016965,32.223344545962185
1,0,0,0,0,0,0,0,1,0.8249399715217017,0.652177906782374,66.55713628357864
1,0,0,0,0,0,0,0,1,0.198435150918122,0.5202668493393255,57.295965333938646
1,0,1,1,1,0,0,1,0,0.6001027199743326,0.7743554580730126,55.88001929214052
0,0,1,0,0,0,0,0,0,0.42360269487410673,0.3236218659138627,33.056373157257255
1,0,1,1,1,0,0,1,0,0.5538652105666592,0.6452905798948934,76.60914800128475
0,0,0,0,0,0,0,0,0,0.01508156134721459,0.5206743539072364,46.37129752724673
1,0,1,0,1,0,0,1,0,0.6018003288821695,0.6575948225080522,72.4948087651334
1,0,0,1,0,0,0,1,0,0.2952252415351668,0.9043120781926475,54.319763656313896
1,0,0,0,0,0,0,1,0,0.31948717933076654,0.8573314327727848,47.53472405636637
0,1,0,0,0,0,0,0,1,0.3233031778709951,0.2564104590037403,47.81818257185771
0,1,0,0,0,0,0,0,1,0.05143574575610264,0.3316368768111104,24.267917530503993
0,1,0,0,0,0,1,0,1,0.0855817253899205,0.5187555143302328,28.460104502958885
0,1,0,0,0,0,0,0,1,0.1326823011658349,0.03641933956940067,42.80350234166466
0,1,0,0,0,0,0,0,1,0.47225709357147905,0.4699872540001025,51.21380886528774
1,0,0,0,0,0,0,1,0,0.478145944023035,0.3255465391216538,49.54574910777836
1,0,1,0,0,1,0,1,0,0.5386115140009686,0.9002577155095371,82.20629912056214
0,0,0,0,0,0,0,0,0,0.011,0.5087735855096559,45.28718778260177
1,0,0,1,0,0,0,0,1,0.41230194930288794,0.6511618555763375,72.85764211339152
0,0,0,0,0,0,0,0,1,0.46548415558058887,0.4647044767912576,33.30442910658677
0,1,0,0,0,0,1,0,0,0.7225772462143251,0.3089318641108805,38.708280372161504
1,0,0,0,0,0,0,1,0,0.43349658792039014,0.9146127801471478,56.13434948052635
0,1,0,0,0,0,1,0,0,0.7368800093461884,0.3254789529228276,38.47702802176246
0,1,0,0,0,0,1,0,1,0.8487418063063825,0.32260226332461817,55.031882595634855
1,0,0,0,0,1,0,0,1,0.8738518026026226,0.8458966527016307,48.64000312021864
0,1,0,0,0,0,1,0,1,0.6018182290110983,0.8411584844670514,40.818790684686604
0,1,0,0,0,0,0,0,1,0.9534667297960668,0.2108055425119801,55.63047114892608
0,1,0,0,0,0,1,0,1,0.8404041947638459,0.31112644144352564,55.531151095374156
1,0,0,0,1,0,0,1,0,0.5990469257385228,0.5080330111722403,67.68520176156368
0,0,0,1,0,0,0,0,1,0.3130926339829589,0.5175114685944526,22.97777830755602
1,0,0,0,0,0,0,0,1,0.13441247113846247,0.10738067888559664,54.70137938479904
0,1,0,0,0,0,0,0,1,0.45237222305486624,0.47166499554464003,50.912538253291444
0,0,1,0,0,0,0,0,0,0.4069499021054348,0.3124880118757875,32.21203338771005
0,0,1,0,0,0,0,0,0,0.4008152616791858,0.3230198459037339,32.611973880936766
0,1,0,0,0,0,0,0,0,0.16227572820183706,0.11818693932914325,27.699847634875642
1,0,0,1,0,0,0,0,0,0.9785689866456592,0.6525133830828026,73.16463034565173
1,0,0,1,0,0,0,0,1,0.5897569687475047,0.6555957656372227,69.16012858493444
0,1,0,0,0,0,1,0,0,0.7375775817621134,0.9571852321643579,35.30152911429523
0,1,0,0,0,0,0,0,1,0.8665896664318008,0.3255534099732794,46.270702418031675
1,0,1,0,0,0,0,0,1,0.8619504775607606,0.8635818392291951,65.62799862265699
0,1,0,0,0,0,0,0,1,0.0664755956627569,0.12303604978063062,53.71989247819301
1,0,1,1,1,0,0,1,0,0.5516681325818956,0.6441340001808904,75.9005697992368
1,0,0,1,0,0,0,0,0,0.7240069211175058,0.6480587261464007,84.07730762037448
0,1,0,0,0,0,0,0,0,0.9001647448991624,0.48795908735550775,52.8732123968669
0,1,0,0,0,0,0,0,1,0.9395776914443608,0.21470414052577463,54.46042312911625
0,1,0,0,0,0,0,0,0,0.275802177108467,0.2745311483089296,52.628898642182854
0,1,0,0,0,0,1,0,1,0.2703174498504593,0.10731149360853492,45.76367094666804
0,1,0,0,0,0,0,0,1,0.2082190187333311,0.3264112729434678,39.348814577653656
1,1,0,0,0,0,1,0,0,0.6095289849463215,0.3245232445806603,48.282302883247525
1,0,0,0,0,1,0,1,0,0.30385315787692757,0.49174782968016006,77.0298272320578
1,0,1,0,0,1,0,1,0,0.5579121274080446,0.9078364958915918,81.93529844197296
0,0,1,0,0,0,0,0,0,0.42663652892364695,0.317089169387191,32.45408350794441
1,0,0,0,0,1,0,1,0,0.31544467727144376,0.5151388342022628,76.38665706375534
0,1,0,0,0,0,1,0,1,0.84932597961636,0.3140765474902508,55.3920092178984
0,1,0,0,0,0,0,0,1,0.21823717109657728,0.3252556941615711,39.05210188788462
1,0,1,1,0,1,0,1,0,0.6097221568812231,0.6485870111977371,59.38329880848443
0,1,0,0,0,0,1,0,1,0.8688731014679129,0.2815829274958625,43.79414255350322
0,1,0,0,0,0,0,0,0,0.16398662821055274,0.11706262216147177,27.345858656958804
0,1,0,0,0,0,0,0,0,0.27435326232456625,0.2768255992005151,52.39027400126165
1,0,0,1,0,0,0,1,0,0.5992620944592557,0.7539084991768804,70.81477690628526
1,0,1,0,1,0,0,1,0,0.5988034400826635,0.638411822818461,72.50635227560574
1,0,0,0,0,0,0,1,0,0.45492757371189996,0.3200243304430361,49.12734559952709
1,0,0,0,0,0,0,1,0,0.4210230063574099,0.9179294220189141,58.77924969413618
0,1,0,0,0,0,1,0,1,0.5885805884980903,0.8318167553168412,41.07053628766038
1,0,0,0,1,0,0,1,0,0.6101548252758184,0.5163277952142812,39.386203720589336
0,1,0,0,0,0,0,0,0,0.17725509459261105,0.11362058689420275,27.557681392423756
1,0,0,1,0,0,0,0,1,0.8370201973411332,0.6427765533232045,71.69455415116327
1,0,0,0,0,1,0,1,0,0.29928675362952256,0.5086301505256281,76.28636290150905
0,1,0,0,0,0,1,0,1,0.6101128771181848,0.8389247005143142,41.02796797629253
1,0,0,1,0,0,0,1,0,0.6159930002864712,0.7697685624144687,70.85500226343594
0,1,0,0,0,0,0,0,0,0.1581475905550555,0.13200682333164354,27.028141609910197
0,1,0,0,0,0,0,0,1,0.22085553524765297,0.31929980229670085,39.32464546028788
1,0,0,0,0,1,0,1,0,0.29606685263542126,0.7663738631530193,66.6643598411318
0,0,0,0,0,0,0,0,1,0.9082494825252275,0.328631254113802,37.857912343856874
1,0,0,0,1,0,0,1,0,0.5950306660887509,0.5108003785652067,67.70213691310002
1,0,0,0,0,0,0,0,1,0.8266835693020556,0.6467339450191987,67.2735162764176
1,0,0,0,0,1,0,0,1,0.8588339084680469,0.8347978171826788,49.44869682388686
1,0,0,0,0,0,0,1,0,0.46957807893746467,0.3206468546828592,50.17102755200967
1,0,0,1,0,0,0,0,1,0.414639998917706,0.6418503416744659,73.6804563465422
1,0,0,1,0,0,0,0,1,0.3993952098428696,0.6362865430254886,72.79112549475717
1,0,0,0,0,0,0,0,1,0.8154119961393712,0.6442195514404747,66.09093818767684
0,1,0,0,0,0,0,0,1,0.10881763997536373,0.025077089739709534,42.723120129058586
1,0,1,0,0,1,0,1,0,0.7297532483388991,0.8649748140396826,66.59660088053063
1,0,0,0,0,1,0,1,0,0.3080952417238657,0.5161222530724091,76.72897847678595
0,1,0,0,0,0,1,0,1,0.07991981092413938,0.5032974689067787,28.397161027910467
0,1,0,0,0,0,1,0,0,0.7358204269631592,0.3227824218614318,39.736301635156586
1,0,0,0,0,0,0,0,1,0.12320527085192484,0.07716477390725779,55.51068936124985
0,0,0,0,0,0,0,0,0,0.011,0.11178742538523007,32.06551004993254
1,0,0,1,0,0,0,0,0,0.029323134016642407,0.28239998005305805,80.95251459480892
0,1,0,0,0,0,0,0,1,0.3220346081086298,0.2620298028942754,47.20420556845506
0,1,0,0,0,0,1,0,1,0.877084719989859,0.27292369746576417,42.860452641033376
1,0,1,0,0,0,0,1,0,0.9639034229705421,0.8689635119023711,64.43361396429144
1,0,1,0,0,0,0,0,1,0.3072210799960853,0.49808383735358874,55.988345823420595
0,1,0,0,0,0,1,0,1,0.08320969886717103,0.5003681765347692,28.671845502108315
0,1,0,0,0,0,0,0,1,0.04627298633355815,0.33104745502715704,24.869493447607383
0,1,0,0,0,0,0,0,1,0.5822423814212645,0.13024065132313706,36.92633716743061
0,0,0,0,0,0,0,0,1,0.08903773611431715,0.027204837312399893,37.49722036682567
1,0,1,0,0,1,0,1,0,0.7356723349071965,0.8596562277235532,66.93010468366089
1,0,1,0,0,0,0,0,1,0.29541837108055047,0.4922934697898957,54.72380289205534
1,0,0,0,0,1,0,1,0,0.43429947409377734,0.9007654653206659,62.504098040134856
0,1,0,0,0,0,1,0,0,0.7366539731294511,0.03510278021939174,39.61717702137014
1,0,0,0,0,0,0,0,1,0.1953987549513727,0.0779487278708208,34.244421821459824
0,1,0,0,0,0,0,0,1,0.20703818902371365,0.9665765085922504,22.970535754300407
1,0,0,1,0,0,0,0,1,0.3802984314208713,0.6515584634079079,73.47988647430451
0,1,0,0,0,0,0,0,1,0.9358046620676648,0.2209811051604223,62.32637795299696
0,0,1,0,0,0,1,0,0,0.19464705373806104,0.2750479382027062,41.88177739889072
0,1,0,0,0,0,0,0,1,0.14832422014238542,0.22116407203084892,67.16102881351108
1,0,0,1,0,0,0,0,0,0.707635263543327,0.6614679235774054,84.18029
1,1,0,0,0,0,1,0,0,0.5947761719997245,0.3250681120401762,48.83455744876931
1,0,0,1,0,0,0,1,0,0.3216601803701762,0.917017139606177,54.88977215990948
0,0,1,0,0,0,1,0,0,0.1697954017773003,0.2760696484330646,41.986430842214745
1,0,1,1,1,0,0,1,0,0.5555211054136153,0.6426621237571566,76.09670133506951
0,1,0,0,0,0,1,0,0,0.7315352982118664,0.97600001,34.669743475488566
1,0,0,0,0,0,0,0,1,0.16394417855368199,0.014197799663861997,46.22935689383458
1,0,0,0,0,1,0,1,0,0.3080824135311235,0.7702453001811241,66.99550941785361
0,1,0,0,0,0,0,0,1,0.9324214356937859,0.22447466560098445,55.245396091432646
1,0,0,0,0,0,0,1,0,0.4373051352948552,0.9339962138902984,57.146856578899694
0,1,0,0,0,0,1,0,0,0.09917677556240732,0.1227534428548517,39.475566284242035
1,0,0,1,0,0,0,0,0,0.7055018516134063,0.6373223512824752,84.18029
0,1,0,0,0,0,0,0,1,0.06559639003422194,0.12795983394275134,59.46409047048524
1,0,0,0,0,0,0,1,0,0.305720498004272,0.857095020677771,48.58955062597948
0,1,0,0,0,0,0,0,1,0.6149085101583499,0.755913134250064,55.09645422071114
1,0,1,1,1,0,0,1,0,0.5926141973295536,0.7560987104719363,56.74523076394514
0,1,1,0,0,0,0,0,0,0.6175288936560683,0.32948408088314673,34.22442648694452
1,0,0,0,0,1,0,1,0,0.3127192059226149,0.7614492592370103,66.58336349949957
1,0,0,0,0,0,0,0,1,0.25720106425344225,0.97600001,37.153883176618976
0,1,0,0,0,0,0,0,1,0.1452883427652451,0.21757901772328553,67.34466309664151
1,0,1,0,1,0,0,1,0,0.7252397086496927,0.4574042274999262,60.382248963088266
0,1,0,0,0,0,1,0,0,0.7212507678339595,0.97600001,35.45338861799103
1,0,0,1,0,0,0,0,1,0.5937996920762748,0.6513963873177268,69.25488723112302
0,1,0,0,0,0,1,0,0,0.08264463835967331,0.11654519340936113,38.89586409120977
0,1,0,0,0,0,1,0,0,0.7136123370805114,0.9618176329068175,34.95860397401883
1,0,1,0,0,0,0,0,1,0.29879806954293475,0.5204249395357174,54.99332027097464
0,1,0,0,0,0,0,0,1,0.2977959871721145,0.31019706157888466,45.20462860292342
0,1,1,0,0,0,0,0,0,0.5976567819033313,0.3214095160624336,35.125481714170014
0,0,1,0,0,0,1,0,0,0.17833327487981157,0.27533918138873265,42.05986271966472
0,1,0,0,0,0,0,0,1,0.7246527752586921,0.5064128024853232,42.260976208789174
1,0,0,0,0,0,0,1,0,0.4468747051174023,0.9176782461412681,56.86095875978589
0,1,0,0,0,0,1,0,1,0.5694757449080174,0.04452467670785405,35.074851827300996
1,0,0,0,0,0,0,0,1,0.26906927401835856,0.97600001,37.523041796120054
0,1,0,0,0,0,0,0,1,0.29801911422371646,0.3295393103515559,44.34153678137764
0,1,0,0,0,0,1,0,1,0.26148493153171826,0.12214600478043815,45.19630364989045
1,0,0,1,0,0,0,0,0,0.98799998,0.6634569093588831,73.3807478431045
0,1,0,0,0,0,0,0,0,0.21135985414691982,0.10878984354987699,42.29574413743283
1,0,1,0,0,1,0,1,0,0.7396579441220076,0.8620138744893212,67.00686736895508
1,0,0,0,1,0,0,1,0,0.5938572851150603,0.5029627344696752,38.042526481094235
1,0,0,0,0,0,0,1,0,0.42758500233152613,0.9160590497654912,59.50331922645837
0,0,0,0,0,0,0,0,0,0.011,0.5175804687214294,45.719766816222524
1,0,0,0,0,1,0,1,0,0.31438575319890993,0.7678676960392534,66.17958476011704
0,1,0,0,0,0,0,0,1,0.06359856172179264,0.10396201741454786,60.138956254330566
0,1,0,0,0,0,1,0,0,0.09071547843110629,0.10479382856751784,39.123603067608705
0,1,0,0,0,0,1,0,1,0.8460086372840848,0.31323024305868236,55.13985098886129
1,1,0,0,0,0,1,0,0,0.5978066676377113,0.3291879596431117,48.69758690621403
0,0,1,0,0,0,1,0,0,0.19009093557382684,0.2845877041332731,41.95952818167155
0,1,0,0,0,0,0,0,1,0.6060103674639602,0.7666103442787462,54.681426710324075
1,0,0,0,0,0,0,1,0,0.3122526832115295,0.843843154546682,47.34299147453067
1,0,0,0,0,0,0,0,1,0.1933698215463628,0.5231098416855886,57.07331250008174
0,0,1,0,0,0,1,0,0,0.19271748402153438,0.27497963361269623,42.053330204467244
0,1,0,0,0,0,0,0,1,0.46301114225472484,0.4518315491791954,51.3342734988537
0,1,0,0,0,0,0,0,1,0.8694135139021074,0.3224162226284983,45.791431126538356
1,0,1,1,1,0,0,1,0,0.6048828510160418,0.7763356399491327,57.34857465591639
0,1,0,0,0,0,0,0,1,0.083307799574465,0.12069058232988378,51.62408426799742
0,1,0,0,0,0,1,0,0,0.7206963820818426,0.9538443662824115,35.0948791910102
0,0,0,1,0,0,0,0,1,0.3194924137453533,0.5162044893679483,23.14566455195642
0,1,0,0,0,0,0,0,1,0.44903434519828794,0.4467850433759664,57.18476480184703
1,0,0,1,0,0,0,0,1,0.5948323167927277,0.649101215258737,69.73026002274746
0,1,0,0,0,0,0,0,1,0.2332831247509917,0.3346972191996806,39.941254131640534
0,1,0,0,0,0,0,0,1,0.15512107167177272,0.22015674841886784,66.72500594218701
1,0,0,0,0,0,0,0,1,0.12843893017190258,0.08874824841110145,55.632861808724094
0,1,0,0,0,0,0,0,1,0.30827355905919646,0.26257866616080205,47.25915927598067
1,0,1,0,1,0,0,1,0,0.7322618199368324,0.44930646945248226,60.049632356996426
0,1,0,0,0,0,1,0,1,0.5668742920609808,0.06916365157983466,35.41299821673129
0,1,0,0,0,0,0,0,1,0.45837163408075265,0.4724508093414832,50.78105750686767
0,0,0,0,0,0,0,0,0,0.011,0.5202150394025593,46.3005914730463
0,1,0,0,0,0,0,0,0,0.9076730251643368,0.5172455443790634,52.51258971402126
0,1,0,0,0,0,0,0,0,0.26052982865118096,0.2812627428548883,53.032348693762074
0,1,0,0,0,0,1,0,0,0.08620039640410188,0.11676276121332929,38.79486461290291
0,1,0,0,0,0,0,0,0,0.894528697377122,0.5089781440763451,52.704485293381616
0,1,0,0,0,0,0,0,0,0.27029508608885316,0.26866867446216236,52.22666157647942
0,1,1,0,0,0,0,0,0,0.6085988373048536,0.3168591933482938,34.48879359039857
1,0,1,0,0,1,0,1,0,0.5479536588976311,0.9035968012288715,81.3954709120506
0,0,0,0,0,0,1,0,1,0.7401395492893073,0.07105756028653312,29.406474790058617
1,0,1,1,1,0,0,1,0,0.546741012957833,0.6632780698981529,76.86192784319981
0,1,0,0,0,0,0,0,1,0.9443059205470682,0.21964382012610742,63.55796601772414
0,1,0,0,0,0,1,0,0,0.7345623380606993,0.9735512083692892,35.140126313657916
1,0,1,1,0,1,0,1,0,0.6032279867897671,0.6601975322260084,59.87183446336107
1,0,1,0,0,1,0,1,0,0.7275234174413999,0.8580277095532057,66.99355251658494
0,1,0,0,0,0,0,0,1,0.6226725533700757,0.7600677208814387,54.4693565486096
1,0,0,0,0,0,0,0,1,0.26318855790163775,0.9739247578457373,37.7739918144844
1,0,0,0,0,0,0,0,1,0.26138445248623904,0.97600001,37.75576568809935
1,0,0,0,0,0,0,0,1,0.8286601191862194,0.6564184319749167,66.26887224649444
0,1,0,0,0,0,0,0,1,0.15312395044119825,0.20985515606731203,67.22565761617011
1,0,0,1,0,0,0,0,1,0.8131529804021771,0.6523764708595176,71.56801893915544
0,1,0,0,0,0,0,0,0,0.9154678873712899,0.5250445569204513,51.643445937338726
1,0,0,0,0,0,0,1,0,0.46420563015904925,0.32345560894146375,48.92876981178646
0,0,0,0,0,0,0,0,1,0.45563119978908695,0.4688152550076773,34.34532074490607
0,0,0,0,0,0,0,0,1,0.9160253770264194,0.3296517591595636,37.65319380075596
1,0,0,1,0,0,0,0,0,0.725276531353124,0.642166319004367,84.18029
0,0,0,0,0,0,0,0,1,0.45433575508698,0.4693520563968641,34.50165138418598
0,1,0,0,0,0,0,0,0,0.17698749205989645,0.10412227379869851,26.746137356246816
1,0,1,0,1,0,0,1,0,0.7375558169547759,0.4356686823821519,60.18128120416268
1,0,1,0,0,1,0,1,0,0.7319140032357175,0.8691669067149354,67.70650980818719
0,1,0,0,0,0,0,0,0,0.23341077079007702,0.11904013966837411,45.62056053703398
1,0,0,0,0,1,0,1,0,0.3143433938503093,0.764405377420132,66.2867061366667
1,0,0,0,0,0,0,0,1,0.1267631673817658,0.09680457082735588,54.96561628397311
0,0,0,0,0,0,1,0,1,0.7264314899437013,0.06848791501470987,29.479696085666614
0,1,0,0,0,0,0,0,1,0.22490691145650352,0.32510717915127046,38.924345441344876
0,0,0,0,0,0,0,0,0,0.01501932937156615,0.12159715445039244,32.64875057402479
1,0,1,1,1,0,0,1,0,0.5461238018255924,0.6448016723269648,76.33292309640153
0,1,0,0,0,0,0,0,1,0.8653377987444685,0.3253437213088452,46.891587834185025
1,0,0,0,0,0,0,0,1,0.22109573568545998,0.07833897074449704,34.546193457958026
1,0,0,0,0,0,0,0,1,0.1734113568421147,0.011,45.2788984068505
1,0,0,1,0,0,0,0,0,0.02275443102588099,0.27115624064378746,81.6791846136662
0,0,0,0,0,0,1,0,1,0.7195877747628049,0.08236364920233193,28.552137369875624
0,1,0,0,0,0,0,0,1,0.4697661003615738,0.46827846387517935,42.1257755616386
0,1,0,0,0,0,0,0,1,0.4430575303906719,0.4537208903977327,51.33777720972031
1,0,1,0,0,0,0,0,1,0.30373227582457196,0.4978736734187684,55.42599088101348
0,1,0,0,0,0,0,0,0,0.1579681886017888,0.11504418245354273,26.476104620604833
0,1,0,0,0,0,0,0,1,0.20803281845223967,0.97600001,22.95519861920427
0,1,0,0,0,0,0,0,0,0.21583844121214196,0.11440851912234114,41.74965762513321
0,1,0,0,0,0,0,0,1,0.07456161732291332,0.12713774668252203,60.41342775546084
0,1,0,0,0,0,0,0,0,0.15865271185988286,0.11899901845027737,27.280729468964687
1,0,0,0,0,0,0,0,1,0.17495926076752227,0.015015814856126148,46.18167268614907
1,0,0,0,0,0,0,1,0,0.4362139635710374,0.9066174843958222,58.59050129337364
0,1,0,0,0,0,0,0,1,0.9370991151206897,0.22798920916561244,63.39804408795757
0,1,0,0,0,0,0,0,1,0.5894042028568202,0.1131458382083614,37.01011543006451
1,0,1,0,0,0,0,1,0,0.9566198311050569,0.867354951389902,63.62866129770679
1,0,0,0,0,0,0,0,1,0.8274843758429928,0.6440619770662762,66.0812824761053
0,1,1,0,0,0,0,0,0,0.6117808551212083,0.32650873633257177,34.52010820958968
1,0,0,0,0,1,0,1,0,0.43556629527091056,0.9209996135670093,61.92275675531025
0,0,0,1,1,0,0,1,0,0.48116192871248736,0.7656874074162983,46.46162798977205
1,0,0,0,0,0,0,0,0,0.30656168750955565,0.5144473582875371,42.27539464395892
0,1,0,0,0,0,0,0,1,0.5923692092331442,0.7527298667526463,53.927684466678926
0,1,0,0,0,0,0,0,1,0.11861448715018783,0.02846896482989054,43.691163821521506
0,0,0,0,0,0,1,0,1,0.7375696913824008,0.08268130888796957,30.100302346825323
0,0,0,1,0,0,0,0,1,0.31719911676104867,0.5199387522260589,22.957364858898814
0,0,0,0,0,0,1,0,1,0.7328623497076342,0.06251620176002629,29.702374677288656
0,1,0,0,0,0,0,0,0,0.21052978147445023,0.12084406338345387,41.83694360140729
1,0,1,0,0,0,0,1,0,0.9714671815943325,0.8536711869115884,64.53729628904617
0,1,0,0,0,0,0,0,1,0.9306716937286263,0.20990457385741268,63.15018420600922
1,0,1,0,1,0,0,1,0,0.6137737238705783,0.6598097457924175,73.58013851049189
0,1,0,0,0,0,0,0,1,0.1750975868866778,0.20547831948158712,66.71697208338317
0,1,0,0,0,0,0,0,1,0.22309038750834698,0.33289829903134366,39.460481926030475
1,0,0,0,0,1,0,0,1,0.8769174979701623,0.8458463878115915,49.51628054651625
1,0,0,1,0,0,0,0,0,0.9838435523631602,0.6491973013452594,72.76820581566616
1,0,0,0,0,0,0,1,0,0.41473396243194394,0.9214917220401045,59.06506505515656
1,0,1,1,0,1,0,1,0,0.5989170649307325,0.6559527723734155,59.56122750565185
0,1,0,0,0,0,0,0,1,0.8627832813141795,0.3179582117894562,46.42681491720501
0,1,0,0,0,0,0,0,1,0.20779699583611283,0.33111617113946373,38.986722283890465
0,1,0,0,0,0,0,0,1,0.7465251448519341,0.5119660800499178,36.36947720355705
1,0,0,0,1,0,0,1,0,0.6063010977904089,0.5002963649406861,38.546573405367674
0,0,0,0,0,0,0,0,1,0.0962020161489033,0.021552395093779708,37.62656940565186
0,1,0,0,0,0,0,0,1,0.12439392585850224,0.04577072964341118,42.95934713652436
1,0,0,0,0,1,0,0,1,0.8705421086336914,0.86228728497532,49.68125831509732
0,1,0,0,0,0,0,0,0,0.17013433224987323,0.1221129672027314,26.37394627079041
1,0,0,0,0,0,0,0,1,0.2197272918133656,0.07085635136455876,35.11295473667733
1,0,0,0,0,0,0,0,1,0.27147548402470456,0.97600001,37.59010677062241
0,1,0,0,0,0,0,0,1,0.579347009600477,0.12325070883502898,37.88387408690381
1,0,0,1,0,0,0,1,0,0.4621145266446679,0.773184223860389,50.13771461300675
1,0,0,0,0,0,0,0,1,0.8131350797565183,0.6576890980505591,66.55315114566478
1,0,0,1,0,0,0,1,0,0.5873210455262546,0.770095608017023,71.57546081656689
1,0,0,0,0,0,0,1,0,0.46279417355006897,0.32438291994478613,49.53179967540696
0,1,0,0,0,0,0,0,1,0.46547645279004396,0.4598157265688333,57.66338002094151
1,0,0,1,0,0,0,1,0,0.5931536669204746,0.7508265446764806,70.7527750138919
0,1,0,0,0,0,0,0,0,0.2197092635860148,0.11889429629153685,41.571853745065106
0,1,0,0,0,0,0,0,1,0.7324533007639631,0.5125854506581682,36.0483276751448
0,0,0,0,0,0,0,0,1,0.887817786782397,0.32975143653072186,38.38302266726032
0,1,0,0,0,0,0,0,0,0.25928248156075834,0.2676019779242414,52.61056263804245
0,0,0,1,0,0,0,0,1,0.31643456309814993,0.516496563738594,22.985997540410327
1,0,0,1,0,0,0,1,0,0.46826417715843527,0.7845080617985659,50.06732191651403
0,1,0,0,0,0,0,0,0,0.210270728898814,0.11666852179217617,41.43331254435088
0,1,0,0,0,0,1,0,1,0.9073362578056872,0.4524745219058147,46.68644688979607
1,0,0,1,0,0,0,0,1,0.6016222430540801,0.6536332190377667,69.79547535897393
1,0,0,0,1,0,0,1,0,0.6105532488968115,0.5283187731822783,68.1754866999591
1,0,0,0,0,0,0,1,0,0.429196437658459,0.9092768481272688,58.80789838658795
1,0,1,0,0,0,0,1,0,0.9610533916731745,0.8617316612024651,64.03126390233933
0,1,0,0,0,0,1,0,0,0.08769255965459949,0.1091856275090887,38.38163824285886
1,0,0,1,0,0,0,0,1,0.4099452482609925,0.6463386564983462,74.32597124709945
1,1,0,0,0,0,1,0,0,0.6056453377033644,0.32457740050051714,49.11634801602425
0,1,0,0,0,0,0,0,0,0.22530794430952064,0.12748136961905113,41.600106919362815
1,0,1,0,0,0,0,1,0,0.966112099648278,0.8753473580812077,63.76522119438998
1,0,1,0,0,0,0,0,1,0.30890486097151026,0.5148188747131732,55.06355857794939
1,0,0,0,0,0,0,0,0,0.31379771593146544,0.5077907848506321,43.29236845391528
0,1,0,0,0,0,1,0,0,0.09961750675871604,0.13724216031290007,38.900981255465226
0,1,0,0,0,0,1,0,0,0.10034389991573404,0.11235654542220545,39.48394601456769
0,1,0,0,0,0,1,0,1,0.2602151864281171,0.11113299976357147,47.01031950397999
1,0,0,1,0,0,0,1,0,0.5887513732142611,0.75187463915734,70.32004483978403
0,1,0,0,0,0,0,0,1,0.23301671746992011,0.33689694451949864,38.998281144986926
0,0,1,0,0,0,1,0,0,0.18816447660956218,0.27525100592897517,41.519125475669156
1,0,0,0,0,0,0,1,0,0.41554125923813345,0.9386035873376838,57.19534357680483
0,1,0,0,0,0,0,0,0,0.21398015566861245,0.1041590172956468,41.846970019437684
1,0,0,0,0,0,0,0,1,0.18050942705176296,0.023425969872179923,45.677274817159194
1,0,0,1,0,0,0,0,1,0.8226413951548386,0.6515976878683438,71.48109334549844
0,0,0,0,0,0,0,0,1,0.4606816393438102,0.47186927550362423,33.80063710936017
1,0,0,1,0,0,0,0,1,0.6048140280847076,0.6369582979970554,69.87435540341188
1,0,0,0,0,0,0,0,1,0.1881679274437611,0.5235104077254538,57.052539054493856
1,0,0,0,0,0,0,0,0,0.30626893406081734,0.5177023727552837,42.95476855142451
1,0,0,0,0,0,0,1,0,0.4667826827069161,0.3246684136733453,49.92065601687289
0,1,0,0,0,0,1,0,1,0.09629282030847315,0.5164973817995165,28.044941860240893
0,1,0,0,0,0,0,0,1,0.22418580301230448,0.3184767339457311,39.343690721623325
0,0,1,0,0,0,1,0,0,0.19368473150217458,0.2620622248155364,41.90894867925131
0,1,0,0,0,0,1,0,1,0.2686746604015541,0.11205070354117912,46.34484994390929
0,1,0,0,0,0,0,0,1,0.46912711496697584,0.4492117669119216,57.84226461021298
0,1,0,0,0,0,0,0,1,0.5788139840519965,0.12334357390172865,37.60544880888704
1,0,0,1,0,0,0,0,0,0.7205287827544397,0.6611543217277327,84.18029
0,1,0,0,0,0,1,0,0,0.7329068565492447,0.9590233853431851,35.203054763675844
0,0,0,0,0,0,0,0,0,0.01281398420559745,0.11896725195933158,31.950485619828175
1,0,0,0,0,0,0,1,0,0.43651505953222564,0.9157371463726477,59.523108416503135
0,1,0,0,0,0,0,0,0,0.16668170258667778,0.11879742423982005,27.37900999264488
0,1,0,0,0,0,0,0,1,0.465372894653756,0.45965202851973447,50.78814300771266
1,0,0,0,0,0,0,1,0,0.42317641875206674,0.9104717711526096,59.09215639193412
1,0,0,0,0,0,0,0,1,0.1975706911072532,0.5199653568748868,57.182872598557715
0,1,0,0,0,0,0,0,1,0.12676371799279812,0.03345572147922376,42.86492161766595
0,1,0,0,0,0,0,0,1,0.7336291456096439,0.5282316134771574,42.92230067985214
0,1,0,0,0,0,0,0,0,0.23860826009097158,0.11639463567941573,41.60012303168578
1,1,0,0,0,0,1,0,0,0.599582844096152,0.31710830970461906,49.585236390169456
1,0,1,0,0,1,0,1,0,0.7355612742853046,0.8704555274793935,67.0873229562438
1,0,0,0,0,0,0,1,0,0.4390106567305312,0.9233754159879112,56.526216130336536
1,0,0,1,0,0,0,1,0,0.4658264782194308,0.7731941505222065,49.93654216210271
1,0,0,1,0,0,0,0,1,0.6127157076893399,0.661145860315502,69.48902299397065
0,1,0,0,0,0,0,0,1,0.4618118863434824,0.45943712146862825,42.184500407061556
0,1,0,0,0,0,0,0,1,0.07173313526432072,0.11491559632419192,52.226021351428216
0,1,0,0,0,0,1,0,1,0.5972634122931706,0.835538980585798,41.028752108875906
0,1,0,0,0,0,0,0,1,0.0660354891956874,0.10500075526264174,59.7221330647873
1,0,0,1,0,0,0,0,1,0.4080993209866574,0.6487538062864419,73.61643573508887
1,0,1,0,1,0,0,1,0,0.7391371146259929,0.4523881209100557,61.003153603535075
0,1,0,0,0,0,0,0,1,0.60669098815691,0.757022503887841,54.60601310991742
1,0,0,1,0,0,0,1,0,0.32361846626447116,0.906529363923942,54.732203354420164
0,1,0,0,0,0,0,0,0,0.21919913032793695,0.10274173590903164,45.38638096098902
1,0,0,0,0,1,0,0,1,0.869198707620627,0.862186570230402,48.26484800776284
0,1,0,0,0,0,0,0,1,0.6038034511092094,0.11523033618931407,37.13582195775882
0,0,0,0,0,0,1,0,1,0.7353247090479669,0.06348301763684364,30.17717968832261
0,1,0,0,0,0,0,0,1,0.45893240598922747,0.4626651477327807,41.44075125344796
0,1,0,0,0,0,1,0,1,0.5631450847843943,0.04541095043922722,34.62844287250833
0,0,0,0,0,0,1,0,1,0.7240501002002463,0.08112706662761009,30.39934545365046
1,0,0,0,0,0,0,0,1,0.1818983477077586,0.011,45.40297096468793
1,0,0,0,0,0,0,0,1,0.12392710189388727,0.10465247103840095,55.376397073202945
0,1,0,0,0,0,0,0,1,0.07007408224692731,0.11644015601209187,59.29176125513053
1,0,0,0,0,0,0,1,0,0.3124644031530439,0.8721819307710067,48.543825965356675
0,1,0,0,0,0,0,0,1,0.1331688850508479,0.03618745363125164,43.05235544424032
0,1,0,0,0,0,1,0,0,0.7248591544700874,0.04127092205160917,39.48101708903635
1,0,0,1,0,0,0,0,1,0.5839293807563978,0.6571278539136657,70.07809078239292
1,0,0,0,0,0,0,0,1,0.198891563453287,0.5163114263484806,57.50952417507668
0,0,0,0,0,0,0,0,1,0.9110680818244404,0.3279649535754534,37.626714005540926
1,0,1,0,1,0,0,1,0,0.606804310267818,0.6490157559012214,72.81551336613516
0,1,0,0,0,0,1,0,0,0.7251736347916972,0.97600001,35.507944916982126
1,0,0,0,0,0,0,0,1,0.20271342377471555,0.5032714124035534,56.945369211341024
0,1,0,0,0,0,1,0,0,0.08672680968350416,0.11603670806856213,38.08279576349871
0,1,0,0,0,0,0,0,1,0.06460171318619237,0.1161268516938495,59.84063453260563
1,0,0,0,0,1,0,1,0,0.3050393594806154,0.7704294650627697,65.8211236235195
1,0,1,0,0,1,0,1,0,0.5569730411397976,0.9023402195627409,82.35218108491915
1,0,1,0,1,0,0,1,0,0.6093417953325798,0.6536821667626262,73.1771350806334
0,1,0,0,0,0,0,0,1,0.7371020724694448,0.5095611685342156,35.6204132987745
0,0,0,0,0,0,0,0,0,0.021518091244159127,0.49751919008150886,45.809926660496316
1,0,1,0,0,1,0,1,0,0.5697198769425089,0.9060814209035356,80.81379647983383
0,1,0,0,0,0,1,0,0,0.07858560856752334,0.10662140621629868,38.52942511079172
1,0,0,0,0,0,0,0,1,0.260773048746446,0.9612202426912675,38.33317744064817
0,0,0,0,0,0,0,0,1,0.9008036389792197,0.32616637170951446,38.9903296544129
1,0,0,0,0,0,0,1,0,0.42282480436217407,0.9221575338873628,56.80926295859793
0,0,0,0,0,0,0,0,0,0.011,0.5154882978084206,46.07611430517692
0,1,0,0,0,0,0,0,0,0.903472959859355,0.5158331902670426,52.151909827148465
0,1,0,0,0,0,0,0,1,0.4547400323084955,0.4485312208786914,50.992694396392
0,0,0,0,0,0,0,0,1,0.09582551027604642,0.011401938061740148,38.62621563102311
1,0,0,1,0,0,0,1,0,0.4654359867563255,0.7838176094004785,50.26471808880293
0,0,1,0,0,0,1,0,0,0.19005665254605,0.25807608037579327,42.83270219799665
1,0,1,0,0,0,0,1,0,0.9692817894983293,0.865205361945509,64.96485313388264
1,0,0,0,0,0,0,0,1,0.13208532955814767,0.08714618422563132,54.61154658869855
1,0,0,0,0,1,0,1,0,0.30985092545302817,0.7676789603907245,66.17844251517184
0,1,0,0,0,0,0,0,1,0.0868882080281047,0.11060365164456515,52.53235234433069
0,1,0,0,0,0,1,0,1,0.0949770267704837,0.5157852173902313,28.092400308394527
0,1,0,0,0,0,0,0,0,0.8902931524738684,0.5121655163365898,52.31499751412339
0,1,0,0,0,0,0,0,0,0.897546698152415,0.5071798272492124,53.656293781694856
0,1,0,0,0,0,0,0,0,0.14732183963440842,0.10705083776686239,26.831148982116524
0,1,1,0,0,0,0,0,0,0.6041461578940542,0.3272818585530685,34.61815904997163
1,0,0,1,0,0,0,0,0,0.9869727616480106,0.6406656975852061,73.15844086618738
1,0,0,1,0,0,0,0,1,0.8210496218843021,0.6546428487571501,71.46436016295588
0,1,0,0,0,0,0,0,1,0.08595871404199737,0.13838189256157862,59.91234814504457
1,0,0,1,0,0,0,1,0,0.4696297298622654,0.7785056490341635,49.88905628610668
1,0,0,0,0,0,0,0,1,0.18012338551134907,0.01712148395407982,45.78347695221606
1,0,0,0,0,0,0,0,1,0.21214799052094793,0.080270487588207,34.94641537463838
1,0,1,0,0,0,0,1,0,0.9565738948735162,0.8434787070023053,64.49709978130761
0,1,0,0,0,0,1,0,1,0.9063104113187661,0.44173199473486485,47.03356720345526
0,0,1,0,0,0,1,0,0,0.1874590187757311,0.27793145653356544,42.524197623581344
1,0,0,0,0,0,0,1,0,0.4143452027159126,0.9112699829326695,59.64728764385206
0,1,0,0,0,0,1,0,1,0.8464794092178285,0.3190412330009716,55.385331957769594
1,0,0,0,0,0,0,0,1,0.8251186639065645,0.6495884104618003,66.06038651410022
0,0,0,0,0,0,0,0,1,0.46318558544419636,0.45594965092731243,33.89565985214171
1,0,1,0,0,0,0,0,1,0.2951404356139843,0.5005459294474283,54.967692054774226
0,1,0,0,0,0,0,0,1,0.041449945232475235,0.32456986939650745,24.6357240098525
1,0,1,0,0,1,0,1,0,0.7305084857499322,0.8524027394421924,66.76181996170952
1,0,0,0,0,0,0,1,0,0.43076575261357186,0.9116853051348677,56.079876579484086
0,1,1,0,0,0,0,0,0,0.6091003506901795,0.3183429810230465,33.99626806028268
1,0,1,0,0,0,0,0,1,0.3111151600447669,0.515451332507018,54.3394916270134
0,1,0,0,0,0,0,0,1,0.6015176513160241,0.7530219142902465,54.75800843115737
0,1,0,0,0,0,0,0,1,0.728153094108095,0.5094782584830941,41.62714802156724
1,0,1,0,0,1,0,1,0,0.735690865684526,0.8650869529680225,66.53266792729325
0,1,1,0,0,0,0,0,0,0.6091514001889209,0.3237895831783122,34.34482646366656
1,0,0,0,0,1,0,1,0,0.30933825334665294,0.7646288485803453,65.88444423161623
1,0,0,0,0,1,0,1,0,0.4366656246412637,0.9220089766927658,62.45112628145186
0,1,0,0,0,0,1,0,1,0.8562611138359904,0.33069411460468673,55.67887541378006
0,0,0,0,0,0,0,0,0,0.0218931620367928,0.1147466962961291,32.019982925098184
1,0,0,0,0,1,0,1,0,0.3279970797004306,0.5116868884103087,76.57682088487039
0,1,0,0,0,0,0,0,1,0.8646932444719655,0.31833787484092246,46.64755436517046
1,0,1,0,1,0,0,1,0,0.6041171775811781,0.6436656106777151,72.78623610998355
0,0,0,1,1,0,0,1,0,0.46509510804667775,0.7735543987035656,45.95311270431833
0,1,0,0,0,0,0,0,1,0.06817291549820548,0.1197916248464769,60.3890531061795
1,0,0,0,0,0,0,1,0,0.307524569783231,0.863879887891943,48.21775891224709
0,0,1,0,0,0,0,0,0,0.40547184000895914,0.327393322562848,32.4949710151068
