chocolate,fruity,caramel,peanutyalmondy,nougat,crispedricewafer,hard,bar,pluribus,sugarpercent,pricepercent
-0.868553950490285,1.126246421477271,-0.46852128566581813,-0.4269262346731772,-0.3096617686426661,-0.3031529792768068,-0.4310113119027647,-0.596600539213493,-1.037364240502847,-0.8869535214746193,-1.257278635403457
-0.868553950490285,1.126246421477271,-0.46852128566581813,-0.4269262346731772,-0.3096617686426661,-0.3031529792768068,-0.4310113119027647,-0.596600539213493,0.9639815611103627,-0.8525114760267857,-0.5020160254623142
1.151338957626657,-0.8879051519545104,-0.46852128566581813,-0.4269262346731772,-0.3096617686426661,3.2986645962892145,-0.4310113119027647,1.6761634196950517,-1.037364240502847,-0.5185509481093223,0.12798780707111865
-0.868553950490285,1.126246421477271,-0.46852128566581813,-0.4269262346731772,-0.3096617686426661,-0.3031529792768068,2.320124721519137,-0.596600539213493,-1.037364240502847,0.8934244722196818,-0.5805002293916711
-0.868553950490285,1.126246421477271,-0.46852128566581813,-0.4269262346731772,-0.3096617686426661,-0.3031529792768068,-0.4310113119027647,-0.596600539213493,0.9639815611103627,-0.595222211055558,-0.5676415440480082
1.151338957626657,-0.8879051519545104,-0.46852128566581813,-0.4269262346731772,-0.3096617686426661,-0.3031529792768068,-0.4310113119027647,-0.596600539213493,-1.037364240502847,-0.5767812380264628,0.15441176243256552
1.151338957626657,-0.8879051519545104,2.1343747458109497,-0.4269262346731772,-0.3096617686426661,3.2986645962892145,-0.4310113119027647,1.6761634196950517,-1.037364240502847,0.9403505722491408,1.3628756659019683
1.151338957626657,-0.8879051519545104,-0.46852128566581813,-0.4269262346731772,-0.3096617686426661,3.2986645962892145,-0.4310113119027647,1.6761634196950517,-1.037364240502847,-0.5452724081127488,0.1311211589143676
-0.868553950490285,-0.8879051519545104,-0.46852128566581813,-0.4269262346731772,-0.3096617686426661,-0.3031529792768068,-0.4310113119027647,-0.596600539213493,0.9639815611103627,-1.3316719216810133,-1.5713906748142223
-0.868553950490285,1.126246421477271,-0.46852128566581813,-0.4269262346731772,-0.3096617686426661,-0.3031529792768068,2.320124721519137,-0.596600539213493,0.9639815611103627,-1.356161362285477,0.11267535840649084
-0.868553950490285,1.126246421477271,-0.46852128566581813,-0.4269262346731772,-0.3096617686426661,-0.3031529792768068,-0.4310113119027647,-0.596600539213493,0.9639815611103627,1.7061228954910637,-0.8200083101449733
-0.868553950490285,1.126246421477271,-0.46852128566581813,-0.4269262346731772,-0.3096617686426661,-0.3031529792768068,2.320124721519137,-0.596600539213493,-1.037364240502847,-1.3676452947629465,-1.2938209299228691
-0.868553950490285,1.126246421477271,-0.46852128566581813,-0.4269262346731772,-0.3096617686426661,-0.3031529792768068,2.320124721519137,-0.596600539213493,-1.037364240502847,0.9479689405869327,-0.5290110678095044
1.151338957626657,-0.8879051519545104,-0.46852128566581813,2.342325017260945,-0.3096617686426661,-0.3031529792768068,-0.4310113119027647,1.6761634196950517,-1.037364240502847,0.4967454517866681,1.0435406927157853
-0.868553950490285,-0.8879051519545104,-0.46852128566581813,-0.4269262346731772,-0.3096617686426661,-0.3031529792768068,-0.4310113119027647,-0.596600539213493,0.9639815611103627,-0.02656379763794601,-0.036183101498380985
-0.868553950490285,-0.8879051519545104,-0.46852128566581813,2.342325017260945,-0.3096617686426661,-0.3031529792768068,-0.4310113119027647,-0.596600539213493,0.9639815611103627,-0.5777243630710543,0.12792854742938384
-0.868553950490285,1.126246421477271,-0.46852128566581813,-0.4269262346731772,-0.3096617686426661,-0.3031529792768068,-0.4310113119027647,-0.596600539213493,-1.037364240502847,-0.8669579510519608,-1.3212160771030381
1.151338957626657,-0.8879051519545104,-0.46852128566581813,2.342325017260945,-0.3096617686426661,-0.3031529792768068,-0.4310113119027647,-0.596600539213493,0.9639815611103627,1.215963215739009,0.6110670129720885
1.151338957626657,-0.8879051519545104,2.1343747458109497,-0.4269262346731772,-0.3096617686426661,-0.3031529792768068,-0.4310113119027647,-0.596600539213493,0.9639815611103627,1.355012290171839,1.3180740903688613
1.151338957626657,-0.8879051519545104,-0.46852128566581813,-0.4269262346731772,-0.3096617686426661,-0.3031529792768068,-0.4310113119027647,-0.596600539213493,0.9639815611103627,-0.9821785563271695,0.15796881342363897
-0.868553950490285,-0.8879051519545104,-0.46852128566581813,2.342325017260945,3.2293298729878037,-0.3031529792768068,-0.4310113119027647,1.6761634196950517,-1.037364240502847,-0.08156692030029822,1.0578210779427863
-0.868553950490285,1.126246421477271,-0.46852128566581813,-0.4269262346731772,-0.3096617686426661,-0.3031529792768068,2.320124721519137,-0.596600539213493,0.9639815611103627,-1.394504161867994,0.08843676768406805
-0.868553950490285,1.126246421477271,-0.46852128566581813,-0.4269262346731772,-0.3096617686426661,-0.3031529792768068,-0.4310113119027647,-0.596600539213493,0.9639815611103627,-0.562065037113763,-0.780781954800458
-0.868553950490285,1.126246421477271,-0.46852128566581813,-0.4269262346731772,-0.3096617686426661,-0.3031529792768068,2.320124721519137,-0.596600539213493,-1.037364240502847,0.9313656706937403,1.7179350269567475
-0.868553950490285,-0.8879051519545104,-0.46852128566581813,2.342325017260945,3.2293298729878037,-0.3031529792768068,-0.4310113119027647,1.6761634196950517,-1.037364240502847,0.00787247690044238,1.042037962953327
-0.868553950490285,-0.8879051519545104,2.1343747458109497,-0.4269262346731772,-0.3096617686426661,-0.3031529792768068,2.320124721519137,-0.596600539213493,-1.037364240502847,-1.0121603819854432,-0.7582058842120329
-0.868553950490285,-0.8879051519545104,-0.46852128566581813,-0.4269262346731772,-0.3096617686426661,-0.3031529792768068,-0.4310113119027647,-0.596600539213493,0.9639815611103627,1.5457986787835907,-0.46672319427775205
1.151338957626657,-0.8879051519545104,-0.46852128566581813,-0.4269262346731772,-0.3096617686426661,3.2986645962892145,-0.4310113119027647,-0.596600539213493,0.9639815611103627,1.418098333624031,1.3527408419790223
-0.868553950490285,1.126246421477271,-0.46852128566581813,-0.4269262346731772,-0.3096617686426661,-0.3031529792768068,2.320124721519137,-0.596600539213493,0.9639815611103627,0.4881764781711713,1.261327115368471
-0.868553950490285,-0.8879051519545104,-0.46852128566581813,-0.4269262346731772,-0.3096617686426661,-0.3031529792768068,-0.4310113119027647,-0.596600539213493,0.9639815611103627,-1.370782220168148,-1.5689496544935648
-0.868553950490285,1.126246421477271,2.1343747458109497,-0.4269262346731772,-0.3096617686426661,-0.3031529792768068,-0.4310113119027647,-0.596600539213493,-1.037364240502847,0.4873559445718438,-0.5476149099523095
-0.868553950490285,1.126246421477271,-0.46852128566581813,-0.4269262346731772,-0.3096617686426661,-0.3031529792768068,-0.4310113119027647,-0.596600539213493,0.9639815611103627,-0.9885990683969347,1.7504397929374764
1.151338957626657,-0.8879051519545104,2.1343747458109497,-0.4269262346731772,3.2293298729878037,-0.3031529792768068,-0.4310113119027647,1.6761634196950517,-1.037364240502847,0.4695240347540787,0.5891618081455093
-0.868553950490285,1.126246421477271,-0.46852128566581813,-0.4269262346731772,-0.3096617686426661,-0.3031529792768068,-0.4310113119027647,-0.596600539213493,-1.037364240502847,-0.9574509113942252,-1.2241488298487655
-0.868553950490285,1.126246421477271,-0.46852128566581813,-0.4269262346731772,-0.3096617686426661,-0.3031529792768068,2.320124721519137,-0.596600539213493,0.9639815611103627,0.4472138373208806,1.2968611081380734
-0.868553950490285,1.126246421477271,-0.46852128566581813,-0.4269262346731772,-0.3096617686426661,-0.3031529792768068,-0.4310113119027647,-0.596600539213493,0.9639815611103627,-1.120315952642212,-0.8487638421491932
1.151338957626657,-0.8879051519545104,2.1343747458109497,-0.4269262346731772,-0.3096617686426661,-0.3031529792768068,-0.4310113119027647,1.6761634196950517,-1.037364240502847,1.7876654300608255,1.3621082548168952
1.151338957626657,-0.8879051519545104,-0.46852128566581813,-0.4269262346731772,-0.3096617686426661,-0.3031529792768068,-0.4310113119027647,1.6761634196950517,-1.037364240502847,-0.5836786602251759,1.344099718210556
1.151338957626657,-0.8879051519545104,-0.46852128566581813,2.342325017260945,-0.3096617686426661,-0.3031529792768068,-0.4310113119027647,-0.596600539213493,-1.037364240502847,1.8268464977535115,0.6119909746449269
-0.868553950490285,1.126246421477271,-0.46852128566581813,-0.4269262346731772,-0.3096617686426661,-0.3031529792768068,-0.4310113119027647,-0.596600539213493,-1.037364240502847,1.5725388079125722,0.09634908492075021
1.151338957626657,-0.8879051519545104,-0.46852128566581813,-0.4269262346731772,-0.3096617686426661,-0.3031529792768068,-0.4310113119027647,-0.596600539213493,0.9639815611103627,-0.9144182110040133,-1.4033899636463412
-0.868553950490285,1.126246421477271,-0.46852128566581813,-0.4269262346731772,-0.3096617686426661,-0.3031529792768068,-0.4310113119027647,-0.596600539213493,0.9639815611103627,0.9081767141674345,0.0899268005312956
1.151338957626657,-0.8879051519545104,2.1343747458109497,-0.4269262346731772,-0.3096617686426661,-0.3031529792768068,-0.4310113119027647,-0.596600539213493,0.9639815611103627,-0.6285839499838669,0.11244444193179359
-0.868553950490285,1.126246421477271,-0.46852128566581813,-0.4269262346731772,-0.3096617686426661,-0.3031529792768068,2.320124721519137,-0.596600539213493,0.9639815611103627,-1.4062767781964782,0.09867261070715182
-0.868553950490285,1.126246421477271,-0.46852128566581813,-0.4269262346731772,-0.3096617686426661,-0.3031529792768068,-0.4310113119027647,-0.596600539213493,0.9639815611103627,-0.002327348930854966,-0.017723463002628764
-0.868553950490285,-0.8879051519545104,-0.46852128566581813,2.342325017260945,3.2293298729878037,-0.3031529792768068,-0.4310113119027647,1.6761634196950517,-1.037364240502847,-0.02402857191624067,1.0110121190596935
1.151338957626657,-0.8879051519545104,2.1343747458109497,-0.4269262346731772,-0.3096617686426661,3.2986645962892145,-0.4310113119027647,1.6761634196950517,-1.037364240502847,0.2718229062178905,1.5332162246854142
-0.868553950490285,-0.8879051519545104,2.1343747458109497,-0.4269262346731772,-0.3096617686426661,-0.3031529792768068,-0.4310113119027647,-0.596600539213493,-1.037364240502847,-0.16803156377757042,-0.5513124604740725
1.151338957626657,-0.8879051519545104,-0.46852128566581813,-0.4269262346731772,-0.3096617686426661,-0.3031529792768068,-0.4310113119027647,-0.596600539213493,-1.037364240502847,-0.5920152522780132,0.07770038597020013
-0.868553950490285,1.126246421477271,-0.46852128566581813,-0.4269262346731772,-0.3096617686426661,-0.3031529792768068,-0.4310113119027647,-0.596600539213493,0.9639815611103627,1.6564427272555313,-0.8878270674294796
-0.868553950490285,-0.8879051519545104,-0.46852128566581813,-0.4269262346731772,-0.3096617686426661,-0.3031529792768068,-0.4310113119027647,-0.596600539213493,0.9639815611103627,-0.03732748651331894,-0.03766721231178121
1.151338957626657,-0.8879051519545104,-0.46852128566581813,-0.4269262346731772,-0.3096617686426661,-0.3031529792768068,-0.4310113119027647,-0.596600539213493,0.9639815611103627,1.3036747048076027,0.6319631945428725
1.151338957626657,-0.8879051519545104,-0.46852128566581813,-0.4269262346731772,-0.3096617686426661,-0.3031529792768068,-0.4310113119027647,-0.596600539213493,0.9639815611103627,-1.2376222953042422,-1.3803588864115288
-0.868553950490285,1.126246421477271,-0.46852128566581813,-0.4269262346731772,-0.3096617686426661,-0.3031529792768068,-0.4310113119027647,-0.596600539213493,0.9639815611103627,-0.06501429540383037,-0.11702073971704974
-0.868553950490285,1.126246421477271,-0.46852128566581813,-0.4269262346731772,-0.3096617686426661,-0.3031529792768068,-0.4310113119027647,-0.596600539213493,0.9639815611103627,-1.5080891107509318,-0.5167543607174045
1.151338957626657,-0.8879051519545104,-0.46852128566581813,-0.4269262346731772,-0.3096617686426661,3.2986645962892145,-0.4310113119027647,-0.596600539213493,0.9639815611103627,1.4467507259358436,1.3112964320381006
1.151338957626657,-0.8879051519545104,-0.46852128566581813,-0.4269262346731772,-0.3096617686426661,-0.3031529792768068,-0.4310113119027647,-0.596600539213493,0.9639815611103627,-1.2179501999717306,-1.3281634068428567
-0.868553950490285,1.126246421477271,-0.46852128566581813,-0.4269262346731772,-0.3096617686426661,-0.3031529792768068,-0.4310113119027647,-0.596600539213493,0.9639815611103627,-0.012112005892591085,-0.022688752976985953
-0.868553950490285,1.126246421477271,-0.46852128566581813,-0.4269262346731772,-0.3096617686426661,-0.3031529792768068,-0.4310113119027647,-0.596600539213493,0.9639815611103627,0.9206908829943303,0.12783272087131498
-0.868553950490285,1.126246421477271,-0.46852128566581813,-0.4269262346731772,-0.3096617686426661,-0.3031529792768068,-0.4310113119027647,-0.596600539213493,0.9639815611103627,-0.02618628714893168,-0.10578762055911443
-0.868553950490285,-0.8879051519545104,-0.46852128566581813,-0.4269262346731772,-0.3096617686426661,-0.3031529792768068,2.320124721519137,-0.596600539213493,0.9639815611103627,0.918967014642202,-1.441112721249506
-0.868553950490285,1.126246421477271,-0.46852128566581813,-0.4269262346731772,-0.3096617686426661,-0.3031529792768068,-0.4310113119027647,-0.596600539213493,0.9639815611103627,0.9388663796260153,0.20514497655541836
1.151338957626657,-0.8879051519545104,-0.46852128566581813,-0.4269262346731772,-0.3096617686426661,3.2986645962892145,-0.4310113119027647,-0.596600539213493,0.9639815611103627,1.381008680159214,1.2570361661763205
1.151338957626657,-0.8879051519545104,2.1343747458109497,-0.4269262346731772,3.2293298729878037,-0.3031529792768068,-0.4310113119027647,1.6761634196950517,-1.037364240502847,0.9029518936040406,-0.06169240418508551
1.151338957626657,-0.8879051519545104,2.1343747458109497,2.342325017260945,3.2293298729878037,-0.3031529792768068,-0.4310113119027647,1.6761634196950517,-1.037364240502847,0.2897011539575952,0.5948399473382077
-0.868553950490285,-0.8879051519545104,-0.46852128566581813,-0.4269262346731772,-0.3096617686426661,-0.3031529792768068,-0.4310113119027647,-0.596600539213493,-1.037364240502847,-1.651496127151888,0.13111159238896167
-0.868553950490285,-0.8879051519545104,2.1343747458109497,-0.4269262346731772,-0.3096617686426661,-0.3031529792768068,-0.4310113119027647,-0.596600539213493,0.9639815611103627,1.7723618064437572,1.0071858358178407
1.151338957626657,-0.8879051519545104,-0.46852128566581813,2.342325017260945,-0.3096617686426661,-0.3031529792768068,-0.4310113119027647,-0.596600539213493,-1.037364240502847,0.8778825833862819,0.6214691703527125
-0.868553950490285,-0.8879051519545104,-0.46852128566581813,-0.4269262346731772,-0.3096617686426661,-0.3031529792768068,2.320124721519137,-0.596600539213493,0.9639815611103627,0.8885201635366134,-1.4738741276379184
-0.868553950490285,1.126246421477271,-0.46852128566581813,-0.4269262346731772,-0.3096617686426661,-0.3031529792768068,-0.4310113119027647,-0.596600539213493,0.9639815611103627,-1.1443212760291321,-0.9267045347277579
1.151338957626657,-0.8879051519545104,2.1343747458109497,-0.4269262346731772,-0.3096617686426661,-0.3031529792768068,-0.4310113119027647,-0.596600539213493,0.9639815611103627,1.3260753475614726,1.272466485852906
1.151338957626657,-0.8879051519545104,-0.46852128566581813,2.342325017260945,-0.3096617686426661,-0.3031529792768068,-0.4310113119027647,1.6761634196950517,-1.037364240502847,0.4521504853119599,0.9743841614590009
1.151338957626657,-0.8879051519545104,-0.46852128566581813,-0.4269262346731772,-0.3096617686426661,3.2986645962892145,-0.4310113119027647,1.6761634196950517,-1.037364240502847,-0.6049481547056932,0.05831464056168031
-0.868553950490285,1.126246421477271,-0.46852128566581813,-0.4269262346731772,-0.3096617686426661,-0.3031529792768068,-0.4310113119027647,-0.596600539213493,0.9639815611103627,-1.5653502509539927,-0.5278015813832654
1.151338957626657,-0.8879051519545104,2.1343747458109497,2.342325017260945,-0.3096617686426661,3.2986645962892145,-0.4310113119027647,1.6761634196950517,-1.037364240502847,0.47546209618573926,0.5519622080608002
-0.868553950490285,1.126246421477271,2.1343747458109497,-0.4269262346731772,-0.3096617686426661,-0.3031529792768068,-0.4310113119027647,-0.596600539213493,-1.037364240502847,0.46396265470876497,-0.5647984671598842
1.151338957626657,-0.8879051519545104,-0.46852128566581813,-0.4269262346731772,-0.3096617686426661,-0.3031529792768068,-0.4310113119027647,1.6761634196950517,-1.037364240502847,-0.0931563151281133,1.546645721238924
-0.868553950490285,1.126246421477271,-0.46852128566581813,-0.4269262346731772,-0.3096617686426661,-0.3031529792768068,-0.4310113119027647,-0.596600539213493,0.9639815611103627,-1.5439382964118777,-0.5258562584356341
1.151338957626657,-0.8879051519545104,2.1343747458109497,-0.4269262346731772,3.2293298729878037,-0.3031529792768068,-0.4310113119027647,1.6761634196950517,-1.037364240502847,0.4791397367753423,0.6078568510786745
1.151338957626657,-0.8879051519545104,-0.46852128566581813,2.342325017260945,-0.3096617686426661,-0.3031529792768068,-0.4310113119027647,1.6761634196950517,-1.037364240502847,0.4227621928192945,1.0376598295278114
1.151338957626657,-0.8879051519545104,-0.46852128566581813,2.342325017260945,-0.3096617686426661,-0.3031529792768068,-0.4310113119027647,1.6761634196950517,-1.037364240502847,0.43029193723079046,0.9636148702909985
-0.868553950490285,1.126246421477271,-0.46852128566581813,-0.4269262346731772,-0.3096617686426661,-0.3031529792768068,-0.4310113119027647,-0.596600539213493,0.9639815611103627,0.4762986722228622,1.018768291158226
-0.868553950490285,1.126246421477271,-0.46852128566581813,-0.4269262346731772,-0.3096617686426661,-0.3031529792768068,-0.4310113119027647,-0.596600539213493,0.9639815611103627,1.6395385483296872,-0.8880558351151903
1.151338957626657,-0.8879051519545104,-0.46852128566581813,-0.4269262346731772,-0.3096617686426661,3.2986645962892145,-0.4310113119027647,1.6761634196950517,-1.037364240502847,-0.17462583616872945,1.5123831518533009
-0.868553950490285,-0.8879051519545104,-0.46852128566581813,-0.4269262346731772,-0.3096617686426661,-0.3031529792768068,-0.4310113119027647,-0.596600539213493,-1.037364240502847,-1.6302911728006768,0.12972988704097096
1.151338957626657,-0.8879051519545104,-0.46852128566581813,-0.4269262346731772,-0.3096617686426661,-0.3031529792768068,-0.4310113119027647,-0.596600539213493,-1.037364240502847,-0.5703483962948936,0.1357060621758863
-0.868553950490285,1.126246421477271,-0.46852128566581813,-0.4269262346731772,-0.3096617686426661,-0.3031529792768068,2.320124721519137,-0.596600539213493,-1.037364240502847,0.9408141975308488,-0.5321021465401665
-0.868553950490285,1.126246421477271,-0.46852128566581813,-0.4269262346731772,-0.3096617686426661,-0.3031529792768068,-0.4310113119027647,-0.596600539213493,0.9639815611103627,-1.161496749560931,-0.8871877252518235
1.151338957626657,-0.8879051519545104,-0.46852128566581813,-0.4269262346731772,-0.3096617686426661,3.2986645962892145,-0.4310113119027647,-0.596600539213493,0.9639815611103627,1.3957729177537748,1.309164065125595
1.151338957626657,-0.8879051519545104,-0.46852128566581813,-0.4269262346731772,-0.3096617686426661,-0.3031529792768068,-0.4310113119027647,-0.596600539213493,0.9639815611103627,-1.240546158057476,-1.3483984511883615
-0.868553950490285,1.126246421477271,-0.46852128566581813,-0.4269262346731772,-0.3096617686426661,-0.3031529792768068,2.320124721519137,-0.596600539213493,0.9639815611103627,1.4405549052658626,-0.6704031799879284
-0.868553950490285,1.126246421477271,-0.46852128566581813,-0.4269262346731772,-0.3096617686426661,-0.3031529792768068,-0.4310113119027647,-0.596600539213493,0.9639815611103627,0.4061211393147773,-1.2953965321605005
-0.868553950490285,-0.8879051519545104,-0.46852128566581813,-0.4269262346731772,-0.3096617686426661,-0.3031529792768068,2.320124721519137,-0.596600539213493,0.9639815611103627,0.9562698516145179,-1.4117057643656334
-0.868553950490285,-0.8879051519545104,2.1343747458109497,-0.4269262346731772,-0.3096617686426661,-0.3031529792768068,-0.4310113119027647,-0.596600539213493,-1.037364240502847,-0.20696975793468803,-0.5653279025933643
-0.868553950490285,-0.8879051519545104,-0.46852128566581813,-0.4269262346731772,-0.3096617686426661,-0.3031529792768068,-0.4310113119027647,-0.596600539213493,0.9639815611103627,1.5856640447975112,-0.5080985820861157
1.151338957626657,-0.8879051519545104,-0.46852128566581813,-0.4269262346731772,-0.3096617686426661,-0.3031529792768068,-0.4310113119027647,-0.596600539213493,0.9639815611103627,-0.9703459321046037,0.16819619644075925
-0.868553950490285,1.126246421477271,-0.46852128566581813,-0.4269262346731772,-0.3096617686426661,-0.3031529792768068,2.320124721519137,-0.596600539213493,-1.037364240502847,0.9238317095113782,1.6766008551867955
1.151338957626657,-0.8879051519545104,-0.46852128566581813,-0.4269262346731772,-0.3096617686426661,-0.3031529792768068,-0.4310113119027647,-0.596600539213493,-1.037364240502847,-0.5693623023728243,0.11437363020724717
-0.868553950490285,-0.8879051519545104,-0.46852128566581813,-0.4269262346731772,-0.3096617686426661,-0.3031529792768068,-0.4310113119027647,-0.596600539213493,-1.037364240502847,-1.652901133035105,0.14127109358678158
-0.868553950490285,1.126246421477271,-0.46852128566581813,-0.4269262346731772,-0.3096617686426661,-0.3031529792768068,2.320124721519137,-0.596600539213493,-1.037364240502847,-1.5041896602121225,-1.335941235374662
-0.868553950490285,1.126246421477271,-0.46852128566581813,-0.4269262346731772,-0.3096617686426661,-0.3031529792768068,2.320124721519137,-0.596600539213493,0.9639815611103627,-1.351629848610453,0.13512960496860335
-0.868553950490285,-0.8879051519545104,-0.46852128566581813,-0.4269262346731772,-0.3096617686426661,-0.3031529792768068,-0.4310113119027647,-0.596600539213493,0.9639815611103627,-0.036235310394552994,-0.06451785008348089
-0.868553950490285,1.126246421477271,-0.46852128566581813,-0.4269262346731772,-0.3096617686426661,-0.3031529792768068,-0.4310113119027647,-0.596600539213493,-1.037364240502847,-0.9078762192028733,-1.3009915689897635
-0.868553950490285,1.126246421477271,-0.46852128566581813,-0.4269262346731772,-0.3096617686426661,-0.3031529792768068,-0.4310113119027647,-0.596600539213493,0.9639815611103627,-0.6266232840653232,-0.5760792426716569
-0.868553950490285,1.126246421477271,-0.46852128566581813,-0.4269262346731772,-0.3096617686426661,-0.3031529792768068,2.320124721519137,-0.596600539213493,0.9639815611103627,-1.3596101124433582,0.15781686996487793
-0.868553950490285,1.126246421477271,-0.46852128566581813,-0.4269262346731772,-0.3096617686426661,-0.3031529792768068,-0.4310113119027647,-0.596600539213493,-1.037364240502847,-1.0783768224521058,-1.2702139027733468
1.151338957626657,-0.8879051519545104,-0.46852128566581813,-0.4269262346731772,-0.3096617686426661,3.2986645962892145,-0.4310113119027647,1.6761634196950517,-1.037364240502847,-0.1429174868639926,1.5248049390931495
1.151338957626657,-0.8879051519545104,-0.46852128566581813,-0.4269262346731772,-0.3096617686426661,3.2986645962892145,-0.4310113119027647,1.6761634196950517,-1.037364240502847,-0.5902056043582573,0.1007753730926589
1.151338957626657,-0.8879051519545104,-0.46852128566581813,2.342325017260945,-0.3096617686426661,-0.3031529792768068,-0.4310113119027647,1.6761634196950517,-1.037364240502847,0.46946835569686124,1.0239076713153488
1.151338957626657,-0.8879051519545104,2.1343747458109497,2.342325017260945,-0.3096617686426661,3.2986645962892145,-0.4310113119027647,1.6761634196950517,-1.037364240502847,0.45091582311931433,0.6320969072562057
-0.868553950490285,1.126246421477271,-0.46852128566581813,-0.4269262346731772,-0.3096617686426661,-0.3031529792768068,2.320124721519137,-0.596600539213493,0.9639815611103627,1.4463178351974177,-0.7063237712307542
1.151338957626657,-0.8879051519545104,-0.46852128566581813,-0.4269262346731772,3.2293298729878037,-0.3031529792768068,-0.4310113119027647,1.6761634196950517,-1.037364240502847,0.45400477926816063,0.13287346386805476
-0.868553950490285,-0.8879051519545104,-0.46852128566581813,-0.4269262346731772,-0.3096617686426661,-0.3031529792768068,-0.4310113119027647,-0.596600539213493,0.9639815611103627,-1.3442893563786344,-1.4893563965999235
1.151338957626657,-0.8879051519545104,-0.46852128566581813,-0.4269262346731772,-0.3096617686426661,-0.3031529792768068,-0.4310113119027647,-0.596600539213493,0.9639815611103627,-0.985670846453906,-1.3471964203930125
-0.868553950490285,1.126246421477271,-0.46852128566581813,-0.4269262346731772,-0.3096617686426661,-0.3031529792768068,-0.4310113119027647,-0.596600539213493,0.9639815611103627,-0.06593770992861614,-0.04709867235143629
-0.868553950490285,1.126246421477271,-0.46852128566581813,-0.4269262346731772,-0.3096617686426661,-0.3031529792768068,-0.4310113119027647,-0.596600539213493,0.9639815611103627,-1.3780639248000557,-1.1984461893927947
-0.868553950490285,-0.8879051519545104,2.1343747458109497,-0.4269262346731772,-0.3096617686426661,-0.3031529792768068,-0.4310113119027647,-0.596600539213493,0.9639815611103627,1.7463931014534178,1.032620396634714
-0.868553950490285,-0.8879051519545104,2.1343747458109497,-0.4269262346731772,-0.3096617686426661,-0.3031529792768068,-0.4310113119027647,-0.596600539213493,-1.037364240502847,-0.2579765659364003,-0.5312725143565948
-0.868553950490285,1.126246421477271,-0.46852128566581813,-0.4269262346731772,-0.3096617686426661,-0.3031529792768068,-0.4310113119027647,-0.596600539213493,0.9639815611103627,0.8995054396892729,0.11568835553672345
-0.868553950490285,1.126246421477271,-0.46852128566581813,-0.4269262346731772,-0.3096617686426661,-0.3031529792768068,2.320124721519137,-0.596600539213493,-1.037364240502847,-1.335790056572167,-1.1804365394535676
1.151338957626657,-0.8879051519545104,2.1343747458109497,-0.4269262346731772,3.2293298729878037,-0.3031529792768068,-0.4310113119027647,1.6761634196950517,-1.037364240502847,0.8847651859384964,-0.11582447476626509
-0.868553950490285,1.126246421477271,-0.46852128566581813,-0.4269262346731772,-0.3096617686426661,-0.3031529792768068,-0.4310113119027647,-0.596600539213493,0.9639815611103627,-0.9699453618358876,1.724748087184643
-0.868553950490285,1.126246421477271,-0.46852128566581813,-0.4269262346731772,-0.3096617686426661,-0.3031529792768068,-0.4310113119027647,-0.596600539213493,-1.037364240502847,-1.1109845207122462,-1.2543361022599315
-0.868553950490285,1.126246421477271,-0.46852128566581813,-0.4269262346731772,-0.3096617686426661,-0.3031529792768068,-0.4310113119027647,-0.596600539213493,0.9639815611103627,-0.6192757860523168,-0.7466287852863238
1.151338957626657,-0.8879051519545104,-0.46852128566581813,-0.4269262346731772,3.2293298729878037,-0.3031529792768068,-0.4310113119027647,1.6761634196950517,-1.037364240502847,0.5050582308708825,0.10638545185599063
-0.868553950490285,1.126246421477271,-0.46852128566581813,-0.4269262346731772,-0.3096617686426661,-0.3031529792768068,2.320124721519137,-0.596600539213493,0.9639815611103627,-1.4029861616459212,0.1514865284240366
-0.868553950490285,-0.8879051519545104,-0.46852128566581813,2.342325017260945,-0.3096617686426661,-0.3031529792768068,-0.4310113119027647,-0.596600539213493,0.9639815611103627,-0.5749124050336833,0.1572766401972225
-0.868553950490285,1.126246421477271,-0.46852128566581813,-0.4269262346731772,-0.3096617686426661,-0.3031529792768068,2.320124721519137,-0.596600539213493,0.9639815611103627,-0.7218997696796955,-1.2461203479844056
-0.868553950490285,1.126246421477271,-0.46852128566581813,-0.4269262346731772,-0.3096617686426661,-0.3031529792768068,-0.4310113119027647,-0.596600539213493,0.9639815611103627,0.9473646230133882,0.17089940672702786
1.151338957626657,-0.8879051519545104,-0.46852128566581813,-0.4269262346731772,-0.3096617686426661,-0.3031529792768068,-0.4310113119027647,-0.596600539213493,0.9639815611103627,-0.9668690789949932,0.0985815613194932
-0.868553950490285,1.126246421477271,-0.46852128566581813,-0.4269262346731772,-0.3096617686426661,-0.3031529792768068,-0.4310113119027647,-0.596600539213493,0.9639815611103627,1.665209522780394,-0.9260849396044573
1.151338957626657,-0.8879051519545104,2.1343747458109497,2.342325017260945,3.2293298729878037,-0.3031529792768068,-0.4310113119027647,1.6761634196950517,-1.037364240502847,0.5650356838550743,1.0148782659458537
-0.868553950490285,-0.8879051519545104,-0.46852128566581813,-0.4269262346731772,-0.3096617686426661,-0.3031529792768068,-0.4310113119027647,-0.596600539213493,-1.037364240502847,-1.6365267819667437,0.185756384018372
-0.868553950490285,1.126246421477271,-0.46852128566581813,-0.4269262346731772,-0.3096617686426661,-0.3031529792768068,2.320124721519137,-0.596600539213493,-1.037364240502847,-1.3745817143777663,-1.2482251871436627
1.151338957626657,-0.8879051519545104,-0.46852128566581813,-0.4269262346731772,-0.3096617686426661,3.2986645962892145,-0.4310113119027647,1.6761634196950517,-1.037364240502847,-0.5525937675431525,1.0447173172118978
-0.868553950490285,-0.8879051519545104,-0.46852128566581813,2.342325017260945,-0.3096617686426661,-0.3031529792768068,-0.4310113119027647,-0.596600539213493,0.9639815611103627,-0.5264539558761702,0.13816740524193394
-0.868553950490285,1.126246421477271,-0.46852128566581813,-0.4269262346731772,-0.3096617686426661,-0.3031529792768068,-0.4310113119027647,-0.596600539213493,-1.037364240502847,-0.7255058605676113,-0.7067137718212984
1.151338957626657,-0.8879051519545104,-0.46852128566581813,-0.4269262346731772,-0.3096617686426661,3.2986645962892145,-0.4310113119027647,-0.596600539213493,0.9639815611103627,1.4349663982229819,1.3145217604633572
-0.868553950490285,1.126246421477271,2.1343747458109497,-0.4269262346731772,-0.3096617686426661,-0.3031529792768068,-0.4310113119027647,-0.596600539213493,-1.037364240502847,0.44396533327638016,-0.5827416339608286
1.151338957626657,-0.8879051519545104,-0.46852128566581813,2.342325017260945,-0.3096617686426661,-0.3031529792768068,-0.4310113119027647,-0.596600539213493,-1.037364240502847,-1.5868425996431803,-0.7143055981852328
1.151338957626657,-0.8879051519545104,2.1343747458109497,2.342325017260945,3.2293298729878037,-0.3031529792768068,-0.4310113119027647,1.6761634196950517,-1.037364240502847,0.2818390757937581,0.5907985042547725
-0.868553950490285,1.126246421477271,-0.46852128566581813,-0.4269262346731772,-0.3096617686426661,-0.3031529792768068,2.320124721519137,-0.596600539213493,-1.037364240502847,0.9521641683765516,1.6918279431649006
-0.868553950490285,1.126246421477271,-0.46852128566581813,-0.4269262346731772,-0.3096617686426661,-0.3031529792768068,-0.4310113119027647,-0.596600539213493,0.9639815611103627,-1.4430676400757505,-1.2004075715320053
-0.868553950490285,1.126246421477271,-0.46852128566581813,-0.4269262346731772,-0.3096617686426661,-0.3031529792768068,2.320124721519137,-0.596600539213493,-1.037364240502847,0.9303882051496525,1.6911182766868604
-0.868553950490285,-0.8879051519545104,2.1343747458109497,-0.4269262346731772,-0.3096617686426661,-0.3031529792768068,2.320124721519137,-0.596600539213493,-1.037364240502847,-1.0563120727743425,-0.6802729717070789
1.151338957626657,-0.8879051519545104,-0.46852128566581813,2.342325017260945,-0.3096617686426661,-0.3031529792768068,-0.4310113119027647,-0.596600539213493,0.9639815611103627,0.4173796793856769,0.64385265310303
-0.868553950490285,1.126246421477271,-0.46852128566581813,-0.4269262346731772,-0.3096617686426661,-0.3031529792768068,-0.4310113119027647,-0.596600539213493,-1.037364240502847,-0.9225425147277387,-1.2534361429636545
-0.868553950490285,1.126246421477271,-0.46852128566581813,-0.4269262346731772,-0.3096617686426661,-0.3031529792768068,2.320124721519137,-0.596600539213493,0.9639815611103627,1.2965282293855698,-0.5792488311287619
-0.868553950490285,-0.8879051519545104,-0.46852128566581813,-0.4269262346731772,-0.3096617686426661,-0.3031529792768068,-0.4310113119027647,-0.596600539213493,0.9639815611103627,-1.373648969336561,-1.5649405840740096
1.151338957626657,-0.8879051519545104,-0.46852128566581813,-0.4269262346731772,-0.3096617686426661,-0.3031529792768068,-0.4310113119027647,1.6761634196950517,-1.037364240502847,-0.5918102835972598,1.3586578115302246
-0.868553950490285,-0.8879051519545104,-0.46852128566581813,-0.4269262346731772,-0.3096617686426661,-0.3031529792768068,-0.4310113119027647,-0.596600539213493,0.9639815611103627,-0.04864261527800618,-0.040397571701162906
-0.868553950490285,1.126246421477271,-0.46852128566581813,-0.4269262346731772,-0.3096617686426661,-0.3031529792768068,-0.4310113119027647,-0.596600539213493,0.9639815611103627,-1.582208728436996,-0.5383445227563892
-0.868553950490285,1.126246421477271,-0.46852128566581813,-0.4269262346731772,-0.3096617686426661,-0.3031529792768068,2.320124721519137,-0.596600539213493,-1.037364240502847,-1.4162288100400713,-1.3239574874273183
1.151338957626657,-0.8879051519545104,-0.46852128566581813,-0.4269262346731772,-0.3096617686426661,3.2986645962892145,-0.4310113119027647,1.6761634196950517,-1.037364240502847,-0.1651234398224248,1.5235619269202085
1.151338957626657,-0.8879051519545104,2.1343747458109497,-0.4269262346731772,-0.3096617686426661,3.2986645962892145,-0.4310113119027647,1.6761634196950517,-1.037364240502847,0.8987691678509173,1.3364630067225494
1.151338957626657,-0.8879051519545104,-0.46852128566581813,-0.4269262346731772,-0.3096617686426661,3.2986645962892145,-0.4310113119027647,1.6761634196950517,-1.037364240502847,-0.5631166949746698,0.11349404596227672
1.151338957626657,-0.8879051519545104,-0.46852128566581813,-0.4269262346731772,-0.3096617686426661,-0.3031529792768068,-0.4310113119027647,-0.596600539213493,0.9639815611103627,-1.105601904317777,-1.6103911498276902
1.151338957626657,-0.8879051519545104,2.1343747458109497,2.342325017260945,3.2293298729878037,-0.3031529792768068,-0.4310113119027647,1.6761634196950517,-1.037364240502847,0.5028887744163104,0.9630526676141866
-0.868553950490285,1.126246421477271,-0.46852128566581813,-0.4269262346731772,-0.3096617686426661,-0.3031529792768068,-0.4310113119027647,-0.596600539213493,0.9639815611103627,-0.9738000668532841,1.7504397929374764
-0.868553950490285,-0.8879051519545104,-0.46852128566581813,-0.4269262346731772,-0.3096617686426661,-0.3031529792768068,-0.4310113119027647,-0.596600539213493,0.9639815611103627,-0.04057701190101505,-0.04669766426548148
1.151338957626657,-0.8879051519545104,2.1343747458109497,-0.4269262346731772,-0.3096617686426661,3.2986645962892145,-0.4310113119027647,1.6761634196950517,-1.037364240502847,0.2724379827560042,1.543511257468964
-0.868553950490285,-0.8879051519545104,-0.46852128566581813,-0.4269262346731772,-0.3096617686426661,-0.3031529792768068,2.320124721519137,-0.596600539213493,0.9639815611103627,0.9146351326752956,-1.3888602702553725
1.151338957626657,-0.8879051519545104,-0.46852128566581813,-0.4269262346731772,-0.3096617686426661,-0.3031529792768068,-0.4310113119027647,1.6761634196950517,-1.037364240502847,-0.1637060162017697,1.5643034118980446
1.151338957626657,-0.8879051519545104,-0.46852128566581813,2.342325017260945,-0.3096617686426661,-0.3031529792768068,-0.4310113119027647,-0.596600539213493,0.9639815611103627,1.2680874579052144,0.5851416820921153
1.151338957626657,-0.8879051519545104,-0.46852128566581813,-0.4269262346731772,-0.3096617686426661,-0.3031529792768068,-0.4310113119027647,-0.596600539213493,0.9639815611103627,-1.1942781638178095,-1.2842095285075654
-0.868553950490285,1.126246421477271,-0.46852128566581813,-0.4269262346731772,-0.3096617686426661,-0.3031529792768068,-0.4310113119027647,-0.596600539213493,-1.037364240502847,-1.0836005923465593,-1.2376234060301254
1.151338957626657,-0.8879051519545104,-0.46852128566581813,2.342325017260945,-0.3096617686426661,-0.3031529792768068,-0.4310113119027647,-0.596600539213493,0.9639815611103627,-0.2842392332861925,0.6372088465540462
-0.868553950490285,1.126246421477271,-0.46852128566581813,-0.4269262346731772,-0.3096617686426661,-0.3031529792768068,-0.4310113119027647,-0.596600539213493,-1.037364240502847,-0.7687271353444073,-0.6370932147371684
-0.868553950490285,-0.8879051519545104,2.1343747458109497,-0.4269262346731772,-0.3096617686426661,-0.3031529792768068,-0.4310113119027647,-0.596600539213493,0.9639815611103627,1.7496009025749728,1.012854525902046
-0.868553950490285,1.126246421477271,-0.46852128566581813,-0.4269262346731772,-0.3096617686426661,-0.3031529792768068,-0.4310113119027647,-0.596600539213493,0.9639815611103627,-0.8874513541384254,-0.5239787338986235
1.151338957626657,-0.8879051519545104,-0.46852128566581813,2.342325017260945,-0.3096617686426661,-0.3031529792768068,-0.4310113119027647,-0.596600539213493,0.9639815611103627,-0.21018110368453458,0.6371071531469132
-0.868553950490285,1.126246421477271,-0.46852128566581813,-0.4269262346731772,-0.3096617686426661,-0.3031529792768068,2.320124721519137,-0.596600539213493,0.9639815611103627,1.4310026238757045,-0.6622044657940094
-0.868553950490285,1.126246421477271,-0.46852128566581813,-0.4269262346731772,-0.3096617686426661,-0.3031529792768068,-0.4310113119027647,-0.596600539213493,-1.037364240502847,-0.7429827989308082,-0.6883141555870568
1.151338957626657,-0.8879051519545104,-0.46852128566581813,-0.4269262346731772,-0.3096617686426661,-0.3031529792768068,-0.4310113119027647,1.6761634196950517,-1.037364240502847,-0.02522040464830214,-0.5009043130668641
-0.868553950490285,1.126246421477271,-0.46852128566581813,-0.4269262346731772,-0.3096617686426661,-0.3031529792768068,-0.4310113119027647,-0.596600539213493,0.9639815611103627,1.7107200531900553,-0.9079439041633026
1.151338957626657,-0.8879051519545104,2.1343747458109497,-0.4269262346731772,-0.3096617686426661,-0.3031529792768068,-0.4310113119027647,-0.596600539213493,0.9639815611103627,1.429993188935011,1.3568095851164546
-0.868553950490285,-0.8879051519545104,-0.46852128566581813,-0.4269262346731772,-0.3096617686426661,-0.3031529792768068,-0.4310113119027647,-0.596600539213493,-1.037364240502847,-1.652901133035105,0.10590280068247036
1.151338957626657,-0.8879051519545104,-0.46852128566581813,-0.4269262346731772,-0.3096617686426661,-0.3031529792768068,-0.4310113119027647,1.6761634196950517,-1.037364240502847,-0.15311909685332373,1.4826639972291515
-0.868553950490285,1.126246421477271,-0.46852128566581813,-0.4269262346731772,-0.3096617686426661,-0.3031529792768068,-0.4310113119027647,-0.596600539213493,0.9639815611103627,-0.8830193160373343,-0.5512958534884359
-0.868553950490285,1.126246421477271,-0.46852128566581813,-0.4269262346731772,-0.3096617686426661,-0.3031529792768068,2.320124721519137,-0.596600539213493,0.9639815611103627,0.34647044826061346,-1.4711000267751368
-0.868553950490285,1.126246421477271,-0.46852128566581813,-0.4269262346731772,-0.3096617686426661,-0.3031529792768068,-0.4310113119027647,-0.596600539213493,-1.037364240502847,-0.886016288265228,-1.2145437259802832
1.151338957626657,-0.8879051519545104,-0.46852128566581813,-0.4269262346731772,3.2293298729878037,-0.3031529792768068,-0.4310113119027647,1.6761634196950517,-1.037364240502847,0.47244268588337845,0.10814057813937723
1.151338957626657,-0.8879051519545104,-0.46852128566581813,-0.4269262346731772,3.2293298729878037,-0.3031529792768068,-0.4310113119027647,1.6761634196950517,-1.037364240502847,0.4470875226060941,0.10223803444615394
-0.868553950490285,1.126246421477271,-0.46852128566581813,-0.4269262346731772,-0.3096617686426661,-0.3031529792768068,-0.4310113119027647,-0.596600539213493,-1.037364240502847,1.4935832164588951,0.12966027936056654
-0.868553950490285,-0.8879051519545104,-0.46852128566581813,2.342325017260945,-0.3096617686426661,-0.3031529792768068,-0.4310113119027647,-0.596600539213493,0.9639815611103627,-0.5726217645820956,0.12467207610231353
1.151338957626657,-0.8879051519545104,-0.46852128566581813,-0.4269262346731772,-0.3096617686426661,-0.3031529792768068,-0.4310113119027647,-0.596600539213493,0.9639815611103627,-0.9021681222636652,-1.3679274681909064
1.151338957626657,-0.8879051519545104,-0.46852128566581813,2.342325017260945,-0.3096617686426661,-0.3031529792768068,-0.4310113119027647,1.6761634196950517,-1.037364240502847,0.4659836163827261,1.021399366679451
-0.868553950490285,1.126246421477271,-0.46852128566581813,-0.4269262346731772,-0.3096617686426661,-0.3031529792768068,-0.4310113119027647,-0.596600539213493,0.9639815611103627,-1.3941531158723484,-1.2382728126905267
1.151338957626657,-0.8879051519545104,2.1343747458109497,-0.4269262346731772,3.2293298729878037,-0.3031529792768068,-0.4310113119027647,1.6761634196950517,-1.037364240502847,0.9470241599688911,-0.13764304331301427
-0.868553950490285,1.126246421477271,-0.46852128566581813,-0.4269262346731772,-0.3096617686426661,-0.3031529792768068,-0.4310113119027647,-0.596600539213493,-1.037364240502847,-0.7113095529857435,-0.6649736532134879
1.151338957626657,-0.8879051519545104,-0.46852128566581813,-0.4269262346731772,-0.3096617686426661,-0.3031529792768068,-0.4310113119027647,1.6761634196950517,-1.037364240502847,-0.16046070759347886,1.5916439661343273
-0.868553950490285,1.126246421477271,-0.46852128566581813,-0.4269262346731772,-0.3096617686426661,-0.3031529792768068,-0.4310113119027647,-0.596600539213493,0.9639815611103627,-1.580763776734116,-0.5321988810990234
1.151338957626657,-0.8879051519545104,-0.46852128566581813,-0.4269262346731772,-0.3096617686426661,3.2986645962892145,-0.4310113119027647,1.6761634196950517,-1.037364240502847,-0.5674096350210133,1.011063462902932
-0.868553950490285,-0.8879051519545104,2.1343747458109497,-0.4269262346731772,-0.3096617686426661,-0.3031529792768068,2.320124721519137,-0.596600539213493,-1.037364240502847,-0.9991775745769507,-0.7442770769880007
1.151338957626657,-0.8879051519545104,2.1343747458109497,2.342325017260945,3.2293298729878037,-0.3031529792768068,-0.4310113119027647,1.6761634196950517,-1.037364240502847,0.26199910558127,0.5931315548383901
1.151338957626657,-0.8879051519545104,-0.46852128566581813,-0.4269262346731772,-0.3096617686426661,-0.3031529792768068,-0.4310113119027647,-0.596600539213493,0.9639815611103627,-1.0453377133935282,-1.6215652394103242
-0.868553950490285,1.126246421477271,-0.46852128566581813,-0.4269262346731772,-0.3096617686426661,-0.3031529792768068,-0.4310113119027647,-0.596600539213493,0.9639815611103627,0.33392622579657916,-1.2547202656878076
-0.868553950490285,-0.8879051519545104,-0.46852128566581813,2.342325017260945,-0.3096617686426661,-0.3031529792768068,-0.4310113119027647,-0.596600539213493,0.9639815611103627,-0.537285773346891,0.16598804793971805
1.151338957626657,-0.8879051519545104,-0.46852128566581813,-0.4269262346731772,-0.3096617686426661,3.2986645962892145,-0.4310113119027647,1.6761634196950517,-1.037364240502847,-0.5672580552810236,1.0231618625778387
1.151338957626657,-0.8879051519545104,2.1343747458109497,-0.4269262346731772,-0.3096617686426661,-0.3031529792768068,-0.4310113119027647,-0.596600539213493,0.9639815611103627,1.3574856297918554,1.3357788322071866
1.151338957626657,-0.8879051519545104,2.1343747458109497,2.342325017260945,3.2293298729878037,-0.3031529792768068,-0.4310113119027647,1.6761634196950517,-1.037364240502847,0.3951424891512195,1.0147718384027808
-0.868553950490285,-0.8879051519545104,-0.46852128566581813,-0.4269262346731772,-0.3096617686426661,-0.3031529792768068,-0.4310113119027647,-0.596600539213493,0.9639815611103627,1.5679247371218359,-0.5139927964480532
1.151338957626657,-0.8879051519545104,-0.46852128566581813,2.342325017260945,-0.3096617686426661,-0.3031529792768068,-0.4310113119027647,1.6761634196950517,-1.037364240502847,-0.5462035697402405,1.6388740076407806
-0.868553950490285,1.126246421477271,-0.46852128566581813,-0.4269262346731772,-0.3096617686426661,-0.3031529792768068,-0.4310113119027647,-0.596600539213493,0.9639815611103627,-0.040427596123579566,-0.04373476576357634
-0.868553950490285,1.126246421477271,-0.46852128566581813,-0.4269262346731772,-0.3096617686426661,-0.3031529792768068,-0.4310113119027647,-0.596600539213493,0.9639815611103627,1.4205447319575146,-0.5498284053951052
1.151338957626657,-0.8879051519545104,2.1343747458109497,2.342325017260945,3.2293298729878037,-0.3031529792768068,-0.4310113119027647,1.6761634196950517,-1.037364240502847,0.4283614859130642,0.982037429264494
1.151338957626657,-0.8879051519545104,-0.46852128566581813,-0.4269262346731772,3.2293298729878037,-0.3031529792768068,-0.4310113119027647,1.6761634196950517,-1.037364240502847,0.4687328460943826,0.14060845143444237
1.151338957626657,-0.8879051519545104,-0.46852128566581813,-0.4269262346731772,-0.3096617686426661,3.2986645962892145,-0.4310113119027647,1.6761634196950517,-1.037364240502847,-0.5721023417334937,1.0027047064920722
-0.868553950490285,1.126246421477271,-0.46852128566581813,-0.4269262346731772,-0.3096617686426661,-0.3031529792768068,2.320124721519137,-0.596600539213493,-1.037364240502847,0.9001577685437367,-1.5385115900886965
-0.868553950490285,1.126246421477271,-0.46852128566581813,-0.4269262346731772,-0.3096617686426661,-0.3031529792768068,2.320124721519137,-0.596600539213493,-1.037364240502847,-1.3965261883541056,-1.2527580688109292
1.151338957626657,-0.8879051519545104,-0.46852128566581813,-0.4269262346731772,3.2293298729878037,-0.3031529792768068,-0.4310113119027647,1.6761634196950517,-1.037364240502847,0.4411438104076047,0.12992399146412456
-0.868553950490285,1.126246421477271,-0.46852128566581813,-0.4269262346731772,-0.3096617686426661,-0.3031529792768068,2.320124721519137,-0.596600539213493,-1.037364240502847,-1.3496018342992733,-1.2554265988030804
-0.868553950490285,1.126246421477271,-0.46852128566581813,-0.4269262346731772,-0.3096617686426661,-0.3031529792768068,-0.4310113119027647,-0.596600539213493,-1.037364240502847,1.583669110036636,0.17466358424197523
-0.868553950490285,1.126246421477271,-0.46852128566581813,-0.4269262346731772,-0.3096617686426661,-0.3031529792768068,-0.4310113119027647,-0.596600539213493,0.9639815611103627,-0.06501083390743481,-0.09269740176934367
-0.868553950490285,1.126246421477271,-0.46852128566581813,-0.4269262346731772,-0.3096617686426661,-0.3031529792768068,-0.4310113119027647,-0.596600539213493,0.9639815611103627,1.7196451069519565,-0.92338359396
-0.868553950490285,1.126246421477271,-0.46852128566581813,-0.4269262346731772,-0.3096617686426661,-0.3031529792768068,2.320124721519137,-0.596600539213493,-1.037364240502847,-1.3050975453204954,-1.262743953540194
1.151338957626657,-0.8879051519545104,-0.46852128566581813,-0.4269262346731772,-0.3096617686426661,-0.3031529792768068,-0.4310113119027647,-0.596600539213493,0.9639815611103627,-1.0551664911499155,-1.6215652394103242
-0.868553950490285,1.126246421477271,-0.46852128566581813,-0.4269262346731772,-0.3096617686426661,-0.3031529792768068,2.320124721519137,-0.596600539213493,0.9639815611103627,-0.6919379131253314,-1.304332419357575
1.151338957626657,-0.8879051519545104,-0.46852128566581813,2.342325017260945,-0.3096617686426661,-0.3031529792768068,-0.4310113119027647,-0.596600539213493,-1.037364240502847,0.9030836608761121,0.5839228247101756
-0.868553950490285,1.126246421477271,-0.46852128566581813,-0.4269262346731772,-0.3096617686426661,-0.3031529792768068,-0.4310113119027647,-0.596600539213493,0.9639815611103627,-0.10681578751584819,-0.0745631100044873
1.151338957626657,-0.8879051519545104,-0.46852128566581813,-0.4269262346731772,-0.3096617686426661,-0.3031529792768068,-0.4310113119027647,1.6761634196950517,-1.037364240502847,-0.15641666434070114,1.517288668297585
1.151338957626657,-0.8879051519545104,-0.46852128566581813,2.342325017260945,-0.3096617686426661,-0.3031529792768068,-0.4310113119027647,-0.596600539213493,-1.037364240502847,-1.5451837503667707,-0.6862504774734751
1.151338957626657,-0.8879051519545104,2.1343747458109497,-0.4269262346731772,-0.3096617686426661,3.2986645962892145,-0.4310113119027647,1.6761634196950517,-1.037364240502847,0.30418274120673683,1.512255637275071
-0.868553950490285,1.126246421477271,-0.46852128566581813,-0.4269262346731772,-0.3096617686426661,-0.3031529792768068,-0.4310113119027647,-0.596600539213493,0.9639815611103627,-1.18007494369188,-1.5656697770516412
1.151338957626657,-0.8879051519545104,-0.46852128566581813,-0.4269262346731772,-0.3096617686426661,-0.3031529792768068,-0.4310113119027647,-0.596600539213493,0.9639815611103627,-0.9539261024133947,-1.354948835678724
-0.868553950490285,1.126246421477271,-0.46852128566581813,-0.4269262346731772,-0.3096617686426661,-0.3031529792768068,2.320124721519137,-0.596600539213493,0.9639815611103627,1.4268207956136219,-0.6535177798954871
-0.868553950490285,1.126246421477271,-0.46852128566581813,-0.4269262346731772,-0.3096617686426661,-0.3031529792768068,-0.4310113119027647,-0.596600539213493,0.9639815611103627,-1.4155200646846129,-1.2538196521614662
-0.868553950490285,1.126246421477271,-0.46852128566581813,-0.4269262346731772,-0.3096617686426661,-0.3031529792768068,-0.4310113119027647,-0.596600539213493,0.9639815611103627,-1.14148841303261,-0.8600480389550352
-0.868553950490285,-0.8879051519545104,-0.46852128566581813,2.342325017260945,3.2293298729878037,-0.3031529792768068,-0.4310113119027647,1.6761634196950517,-1.037364240502847,-0.059833516495035884,1.0238145593742116
-0.868553950490285,-0.8879051519545104,2.1343747458109497,-0.4269262346731772,-0.3096617686426661,-0.3031529792768068,-0.4310113119027647,-0.596600539213493,0.9639815611103627,1.7594203580590426,1.0039906181846356
-0.868553950490285,1.126246421477271,-0.46852128566581813,-0.4269262346731772,-0.3096617686426661,-0.3031529792768068,-0.4310113119027647,-0.596600539213493,-1.037364240502847,-0.9398258315519473,-1.2523271217402825
1.151338957626657,-0.8879051519545104,2.1343747458109497,2.342325017260945,-0.3096617686426661,3.2986645962892145,-0.4310113119027647,1.6761634196950517,-1.037364240502847,0.4594746553825377,0.6532336125515027
-0.868553950490285,1.126246421477271,-0.46852128566581813,-0.4269262346731772,-0.3096617686426661,-0.3031529792768068,2.320124721519137,-0.596600539213493,-1.037364240502847,0.9084645561530189,-1.54252821965759
-0.868553950490285,1.126246421477271,-0.46852128566581813,-0.4269262346731772,-0.3096617686426661,-0.3031529792768068,-0.4310113119027647,-0.596600539213493,0.9639815611103627,-0.8584310238573863,-0.4827816896085771
-0.868553950490285,1.126246421477271,-0.46852128566581813,-0.4269262346731772,-0.3096617686426661,-0.3031529792768068,-0.4310113119027647,-0.596600539213493,0.9639815611103627,-0.6197657568982463,-0.7522696562945695
-0.868553950490285,1.126246421477271,-0.46852128566581813,-0.4269262346731772,-0.3096617686426661,-0.3031529792768068,-0.4310113119027647,-0.596600539213493,0.9639815611103627,1.3573765334044394,-0.5256242655373838
1.151338957626657,-0.8879051519545104,-0.46852128566581813,-0.4269262346731772,-0.3096617686426661,-0.3031529792768068,-0.4310113119027647,-0.596600539213493,0.9639815611103627,-1.018919042573358,0.16930279797016584
1.151338957626657,-0.8879051519545104,2.1343747458109497,-0.4269262346731772,-0.3096617686426661,-0.3031529792768068,-0.4310113119027647,1.6761634196950517,-1.037364240502847,1.7013498153927613,1.3643844157519858
1.151338957626657,-0.8879051519545104,-0.46852128566581813,2.342325017260945,-0.3096617686426661,-0.3031529792768068,-0.4310113119027647,1.6761634196950517,-1.037364240502847,-0.5179483925727066,1.5679175951282462
-0.868553950490285,1.126246421477271,-0.46852128566581813,-0.4269262346731772,-0.3096617686426661,-0.3031529792768068,-0.4310113119027647,-0.596600539213493,0.9639815611103627,-1.1891857507887178,-0.9091651237481061
-0.868553950490285,1.126246421477271,-0.46852128566581813,-0.4269262346731772,-0.3096617686426661,-0.3031529792768068,-0.4310113119027647,-0.596600539213493,0.9639815611103627,0.4787342221327906,0.985265445860349
-0.868553950490285,-0.8879051519545104,-0.46852128566581813,-0.4269262346731772,-0.3096617686426661,-0.3031529792768068,-0.4310113119027647,-0.596600539213493,-1.037364240502847,-1.652901133035105,0.1526597000322912
-0.868553950490285,1.126246421477271,-0.46852128566581813,-0.4269262346731772,-0.3096617686426661,-0.3031529792768068,-0.4310113119027647,-0.596600539213493,0.9639815611103627,-1.1941930270142136,-1.5950813956885392
-0.868553950490285,1.126246421477271,-0.46852128566581813,-0.4269262346731772,-0.3096617686426661,-0.3031529792768068,-0.4310113119027647,-0.596600539213493,0.9639815611103627,-0.028997456091925323,-0.03683110677619812
-0.868553950490285,1.126246421477271,-0.46852128566581813,-0.4269262346731772,-0.3096617686426661,-0.3031529792768068,-0.4310113119027647,-0.596600539213493,0.9639815611103627,-0.0397047366401147,-0.05458885120927488
1.151338957626657,-0.8879051519545104,2.1343747458109497,-0.4269262346731772,3.2293298729878037,-0.3031529792768068,-0.4310113119027647,1.6761634196950517,-1.037364240502847,0.43526220374959357,0.591971806940397
1.151338957626657,-0.8879051519545104,-0.46852128566581813,2.342325017260945,-0.3096617686426661,-0.3031529792768068,-0.4310113119027647,-0.596600539213493,-1.037364240502847,1.8432197430083486,0.6398977849301848
-0.868553950490285,-0.8879051519545104,2.1343747458109497,-0.4269262346731772,-0.3096617686426661,-0.3031529792768068,-0.4310113119027647,-0.596600539213493,-1.037364240502847,-0.1854308081939482,-0.5771604754948096
-0.868553950490285,-0.8879051519545104,-0.46852128566581813,-0.4269262346731772,-0.3096617686426661,-0.3031529792768068,-0.4310113119027647,-0.596600539213493,0.9639815611103627,1.5867959821412998,-0.5488509881795838
-0.868553950490285,-0.8879051519545104,2.1343747458109497,-0.4269262346731772,-0.3096617686426661,-0.3031529792768068,-0.4310113119027647,-0.596600539213493,0.9639815611103627,1.8347047849582863,0.9580437848756128
1.151338957626657,-0.8879051519545104,-0.46852128566581813,-0.4269262346731772,-0.3096617686426661,-0.3031529792768068,-0.4310113119027647,-0.596600539213493,0.9639815611103627,-0.6735716409360053,1.7270868277217708
1.151338957626657,-0.8879051519545104,-0.46852128566581813,-0.4269262346731772,-0.3096617686426661,-0.3031529792768068,-0.4310113119027647,-0.596600539213493,-1.037364240502847,-0.5952558853240568,0.13763373268894166
-0.868553950490285,1.126246421477271,-0.46852128566581813,-0.4269262346731772,-0.3096617686426661,-0.3031529792768068,-0.4310113119027647,-0.596600539213493,0.9639815611103627,-1.01534906024951,1.7504397929374764
1.151338957626657,-0.8879051519545104,-0.46852128566581813,-0.4269262346731772,-0.3096617686426661,-0.3031529792768068,-0.4310113119027647,1.6761634196950517,-1.037364240502847,-0.02191711607459397,-0.5255119146076932
-0.868553950490285,-0.8879051519545104,-0.46852128566581813,-0.4269262346731772,-0.3096617686426661,-0.3031529792768068,-0.4310113119027647,-0.596600539213493,0.9639815611103627,-0.06832413551268106,-0.03482879801398563
-0.868553950490285,1.126246421477271,-0.46852128566581813,-0.4269262346731772,-0.3096617686426661,-0.3031529792768068,-0.4310113119027647,-0.596600539213493,0.9639815611103627,-1.556495010420618,-0.5760158886863062
1.151338957626657,-0.8879051519545104,2.1343747458109497,-0.4269262346731772,-0.3096617686426661,3.2986645962892145,-0.4310113119027647,1.6761634196950517,-1.037364240502847,0.2858697640549454,1.5241346906743352
1.151338957626657,-0.8879051519545104,-0.46852128566581813,-0.4269262346731772,-0.3096617686426661,-0.3031529792768068,-0.4310113119027647,-0.596600539213493,0.9639815611103627,-0.9010893597148597,-1.386262290321686
1.151338957626657,-0.8879051519545104,-0.46852128566581813,2.342325017260945,-0.3096617686426661,-0.3031529792768068,-0.4310113119027647,-0.596600539213493,-1.037364240502847,0.8882798374514816,0.6438727651749765
1.151338957626657,-0.8879051519545104,-0.46852128566581813,-0.4269262346731772,-0.3096617686426661,-0.3031529792768068,-0.4310113119027647,-0.596600539213493,0.9639815611103627,-0.7202646668036256,1.7121193866517361
-0.868553950490285,-0.8879051519545104,-0.46852128566581813,2.342325017260945,-0.3096617686426661,-0.3031529792768068,-0.4310113119027647,-0.596600539213493,0.9639815611103627,-0.5890479804814871,0.14660928990082697
-0.868553950490285,1.126246421477271,-0.46852128566581813,-0.4269262346731772,-0.3096617686426661,-0.3031529792768068,-0.4310113119027647,-0.596600539213493,0.9639815611103627,-1.4313689878587683,-1.200572186195916
1.151338957626657,-0.8879051519545104,-0.46852128566581813,-0.4269262346731772,-0.3096617686426661,3.2986645962892145,-0.4310113119027647,-0.596600539213493,0.9639815611103627,1.473883268303129,1.3010246826314917
-0.868553950490285,1.126246421477271,-0.46852128566581813,-0.4269262346731772,-0.3096617686426661,-0.3031529792768068,-0.4310113119027647,-0.596600539213493,0.9639815611103627,1.4019758729354646,-0.5476327525135944
-0.868553950490285,1.126246421477271,-0.46852128566581813,-0.4269262346731772,-0.3096617686426661,-0.3031529792768068,-0.4310113119027647,-0.596600539213493,0.9639815611103627,-0.5937903642769796,-0.5850731775278815
-0.868553950490285,1.126246421477271,-0.46852128566581813,-0.4269262346731772,-0.3096617686426661,-0.3031529792768068,-0.4310113119027647,-0.596600539213493,-1.037364240502847,-0.963463924698379,-1.2186547166243629
-0.868553950490285,-0.8879051519545104,-0.46852128566581813,-0.4269262346731772,-0.3096617686426661,-0.3031529792768068,2.320124721519137,-0.596600539213493,0.9639815611103627,0.9450552743422276,-1.3959702255787623
1.151338957626657,-0.8879051519545104,-0.46852128566581813,2.342325017260945,-0.3096617686426661,-0.3031529792768068,-0.4310113119027647,-0.596600539213493,-1.037364240502847,1.8432197430083486,0.6115884304638797
1.151338957626657,-0.8879051519545104,2.1343747458109497,-0.4269262346731772,-0.3096617686426661,3.2986645962892145,-0.4310113119027647,1.6761634196950517,-1.037364240502847,0.9079857354451434,1.345223397481212
1.151338957626657,-0.8879051519545104,-0.46852128566581813,-0.4269262346731772,3.2293298729878037,-0.3031529792768068,-0.4310113119027647,1.6761634196950517,-1.037364240502847,0.43439747322767164,0.19499875676978484
-0.868553950490285,1.126246421477271,-0.46852128566581813,-0.4269262346731772,-0.3096617686426661,-0.3031529792768068,-0.4310113119027647,-0.596600539213493,0.9639815611103627,-1.4343768672092625,-1.2408019846876965
1.151338957626657,-0.8879051519545104,2.1343747458109497,-0.4269262346731772,3.2293298729878037,-0.3031529792768068,-0.4310113119027647,1.6761634196950517,-1.037364240502847,0.9472588020532833,-0.07222388870157007
-0.868553950490285,1.126246421477271,-0.46852128566581813,-0.4269262346731772,-0.3096617686426661,-0.3031529792768068,-0.4310113119027647,-0.596600539213493,-1.037364240502847,-1.126986534464688,-1.2580030599447936
-0.868553950490285,-0.8879051519545104,2.1343747458109497,-0.4269262346731772,-0.3096617686426661,-0.3031529792768068,-0.4310113119027647,-0.596600539213493,-1.037364240502847,-0.23606967745376442,-0.5166634560547367
-0.868553950490285,1.126246421477271,-0.46852128566581813,-0.4269262346731772,-0.3096617686426661,-0.3031529792768068,-0.4310113119027647,-0.596600539213493,0.9639815611103627,1.6837660275168196,-0.8668576653282943
-0.868553950490285,1.126246421477271,-0.46852128566581813,-0.4269262346731772,-0.3096617686426661,-0.3031529792768068,-0.4310113119027647,-0.596600539213493,0.9639815611103627,0.00877482498462096,-0.018328839441247798
1.151338957626657,-0.8879051519545104,-0.46852128566581813,-0.4269262346731772,3.2293298729878037,-0.3031529792768068,-0.4310113119027647,1.6761634196950517,-1.037364240502847,0.40580799114084143,0.12432398214825809
-0.868553950490285,-0.8879051519545104,-0.46852128566581813,-0.4269262346731772,-0.3096617686426661,-0.3031529792768068,-0.4310113119027647,-0.596600539213493,0.9639815611103627,-0.05422532879647096,-0.049655295427190854
1.151338957626657,-0.8879051519545104,-0.46852128566581813,-0.4269262346731772,3.2293298729878037,-0.3031529792768068,-0.4310113119027647,1.6761634196950517,-1.037364240502847,0.48780590833153564,0.0746247854765297
1.151338957626657,-0.8879051519545104,2.1343747458109497,-0.4269262346731772,3.2293298729878037,-0.3031529792768068,-0.4310113119027647,1.6761634196950517,-1.037364240502847,0.4656894334627977,0.5842635853589119
1.151338957626657,-0.8879051519545104,-0.46852128566581813,-0.4269262346731772,-0.3096617686426661,-0.3031529792768068,-0.4310113119027647,-0.596600539213493,0.9639815611103627,-0.7566323241276779,1.7085980353228485
-0.868553950490285,1.126246421477271,-0.46852128566581813,-0.4269262346731772,-0.3096617686426661,-0.3031529792768068,-0.4310113119027647,-0.596600539213493,-1.037364240502847,-0.9252872483728127,-1.2790076814987932
1.151338957626657,-0.8879051519545104,2.1343747458109497,-0.4269262346731772,-0.3096617686426661,-0.3031529792768068,-0.4310113119027647,-0.596600539213493,0.9639815611103627,-0.6361259753957659,0.08905789069939417
-0.868553950490285,1.126246421477271,-0.46852128566581813,-0.4269262346731772,-0.3096617686426661,-0.3031529792768068,-0.4310113119027647,-0.596600539213493,0.9639815611103627,-0.5654580421927305,-0.5923714878387364
-0.868553950490285,1.126246421477271,-0.46852128566581813,-0.4269262346731772,-0.3096617686426661,-0.3031529792768068,-0.4310113119027647,-0.596600539213493,-1.037364240502847,1.5087397950267722,0.11852262631379523
-0.868553950490285,1.126246421477271,-0.46852128566581813,-0.4269262346731772,-0.3096617686426661,-0.3031529792768068,-0.4310113119027647,-0.596600539213493,-1.037364240502847,1.4855343791996092,0.11021367999161454
-0.868553950490285,1.126246421477271,-0.46852128566581813,-0.4269262346731772,-0.3096617686426661,-0.3031529792768068,-0.4310113119027647,-0.596600539213493,0.9639815611103627,0.49272058325682355,0.9835475610308311
1.151338957626657,-0.8879051519545104,-0.46852128566581813,-0.4269262346731772,3.2293298729878037,-0.3031529792768068,-0.4310113119027647,1.6761634196950517,-1.037364240502847,0.5375373128661561,0.1745501199410717
1.151338957626657,-0.8879051519545104,2.1343747458109497,-0.4269262346731772,3.2293298729878037,-0.3031529792768068,-0.4310113119027647,1.6761634196950517,-1.037364240502847,0.8819776674017169,-0.14265809022604137
-0.868553950490285,1.126246421477271,-0.46852128566581813,-0.4269262346731772,-0.3096617686426661,-0.3031529792768068,-0.4310113119027647,-0.596600539213493,0.9639815611103627,-1.3846670180215117,-1.1764539665641922
-0.868553950490285,1.126246421477271,-0.46852128566581813,-0.4269262346731772,-0.3096617686426661,-0.3031529792768068,-0.4310113119027647,-0.596600539213493,0.9639815611103627,0.397826751257254,-1.2618028331474078
-0.868553950490285,1.126246421477271,2.1343747458109497,-0.4269262346731772,-0.3096617686426661,-0.3031529792768068,-0.4310113119027647,-0.596600539213493,-1.037364240502847,0.4984946772199922,-0.5122123061195702
-0.868553950490285,1.126246421477271,-0.46852128566581813,-0.4269262346731772,-0.3096617686426661,-0.3031529792768068,-0.4310113119027647,-0.596600539213493,-1.037364240502847,-1.068463719152141,-1.2476864092158004
1.151338957626657,-0.8879051519545104,-0.46852128566581813,2.342325017260945,-0.3096617686426661,-0.3031529792768068,-0.4310113119027647,1.6761634196950517,-1.037364240502847,-0.5882678402068037,1.5126152501116867
-0.868553950490285,1.126246421477271,-0.46852128566581813,-0.4269262346731772,-0.3096617686426661,-0.3031529792768068,-0.4310113119027647,-0.596600539213493,0.9639815611103627,0.40678106544881687,-1.202474332440391
-0.868553950490285,1.126246421477271,-0.46852128566581813,-0.4269262346731772,-0.3096617686426661,-0.3031529792768068,2.320124721519137,-0.596600539213493,0.9639815611103627,1.3367990346874181,-0.5451750040880493
1.151338957626657,-0.8879051519545104,-0.46852128566581813,2.342325017260945,-0.3096617686426661,-0.3031529792768068,-0.4310113119027647,-0.596600539213493,0.9639815611103627,-0.22606831684481474,0.6311954216766634
-0.868553950490285,1.126246421477271,-0.46852128566581813,-0.4269262346731772,-0.3096617686426661,-0.3031529792768068,2.320124721519137,-0.596600539213493,-1.037364240502847,0.9511579454444841,-0.540239964230317
-0.868553950490285,-0.8879051519545104,-0.46852128566581813,-0.4269262346731772,-0.3096617686426661,-0.3031529792768068,-0.4310113119027647,-0.596600539213493,0.9639815611103627,1.5195404421968959,-0.5289571497545296
1.151338957626657,-0.8879051519545104,-0.46852128566581813,2.342325017260945,-0.3096617686426661,-0.3031529792768068,-0.4310113119027647,-0.596600539213493,-1.037364240502847,-1.560439991914287,-0.6806222928492693
1.151338957626657,-0.8879051519545104,-0.46852128566581813,-0.4269262346731772,-0.3096617686426661,-0.3031529792768068,-0.4310113119027647,-0.596600539213493,0.9639815611103627,-0.7374958328047543,1.7504397929374764
1.151338957626657,-0.8879051519545104,2.1343747458109497,-0.4269262346731772,-0.3096617686426661,3.2986645962892145,-0.4310113119027647,1.6761634196950517,-1.037364240502847,0.9083561089181225,1.3433422245068782
-0.868553950490285,1.126246421477271,-0.46852128566581813,-0.4269262346731772,-0.3096617686426661,-0.3031529792768068,-0.4310113119027647,-0.596600539213493,0.9639815611103627,0.8920318777621258,0.13322513331473124
1.151338957626657,-0.8879051519545104,-0.46852128566581813,2.342325017260945,-0.3096617686426661,-0.3031529792768068,-0.4310113119027647,1.6761634196950517,-1.037364240502847,0.41017278184189704,1.0050576707163972
1.151338957626657,-0.8879051519545104,-0.46852128566581813,-0.4269262346731772,3.2293298729878037,-0.3031529792768068,-0.4310113119027647,1.6761634196950517,-1.037364240502847,0.49255503142440654,0.1861046967782079
-0.868553950490285,-0.8879051519545104,2.1343747458109497,-0.4269262346731772,-0.3096617686426661,-0.3031529792768068,-0.4310113119027647,-0.596600539213493,0.9639815611103627,1.6980130988572606,1.0490079286308418
-0.868553950490285,-0.8879051519545104,2.1343747458109497,-0.4269262346731772,-0.3096617686426661,-0.3031529792768068,2.320124721519137,-0.596600539213493,-1.037364240502847,-1.0214558188724814,-0.688825130191972
-0.868553950490285,-0.8879051519545104,-0.46852128566581813,2.342325017260945,3.2293298729878037,-0.3031529792768068,-0.4310113119027647,1.6761634196950517,-1.037364240502847,0.03198443293941404,1.0120783046701416
1.151338957626657,-0.8879051519545104,-0.46852128566581813,-0.4269262346731772,-0.3096617686426661,-0.3031529792768068,-0.4310113119027647,-0.596600539213493,-1.037364240502847,-0.5963034815007402,0.1490077482867308
1.151338957626657,-0.8879051519545104,-0.46852128566581813,-0.4269262346731772,-0.3096617686426661,-0.3031529792768068,-0.4310113119027647,-0.596600539213493,0.9639815611103627,-0.6891679695380472,1.7504397929374764
-0.868553950490285,1.126246421477271,-0.46852128566581813,-0.4269262346731772,-0.3096617686426661,-0.3031529792768068,-0.4310113119027647,-0.596600539213493,0.9639815611103627,-0.04422774749686535,-0.04036049851558056
-0.868553950490285,1.126246421477271,-0.46852128566581813,-0.4269262346731772,-0.3096617686426661,-0.3031529792768068,-0.4310113119027647,-0.596600539213493,0.9639815611103627,0.9194595164625401,0.11524347634837438
1.151338957626657,-0.8879051519545104,2.1343747458109497,2.342325017260945,-0.3096617686426661,3.2986645962892145,-0.4310113119027647,1.6761634196950517,-1.037364240502847,0.48954715404727783,0.6335869402810019
-0.868553950490285,-0.8879051519545104,-0.46852128566581813,-0.4269262346731772,-0.3096617686426661,-0.3031529792768068,-0.4310113119027647,-0.596600539213493,0.9639815611103627,-0.034789057825660545,-0.0667751393891907
-0.868553950490285,-0.8879051519545104,2.1343747458109497,-0.4269262346731772,-0.3096617686426661,-0.3031529792768068,-0.4310113119027647,-0.596600539213493,0.9639815611103627,1.7006366268749564,1.0236634153023554
-0.868553950490285,1.126246421477271,-0.46852128566581813,-0.4269262346731772,-0.3096617686426661,-0.3031529792768068,-0.4310113119027647,-0.596600539213493,0.9639815611103627,-1.454385890376134,-1.2300770324157406
1.151338957626657,-0.8879051519545104,2.1343747458109497,-0.4269262346731772,-0.3096617686426661,-0.3031529792768068,-0.4310113119027647,-0.596600539213493,0.9639815611103627,-0.6111411557492838,0.16867678965857907
1.151338957626657,-0.8879051519545104,-0.46852128566581813,-0.4269262346731772,-0.3096617686426661,-0.3031529792768068,-0.4310113119027647,-0.596600539213493,0.9639815611103627,-0.9760562074237404,0.12071111457437754
1.151338957626657,-0.8879051519545104,-0.46852128566581813,-0.4269262346731772,-0.3096617686426661,-0.3031529792768068,-0.4310113119027647,-0.596600539213493,0.9639815611103627,-0.9702497386833198,0.1258021446518794
-0.868553950490285,-0.8879051519545104,2.1343747458109497,-0.4269262346731772,-0.3096617686426661,-0.3031529792768068,2.320124721519137,-0.596600539213493,-1.037364240502847,-1.0243048653319182,-0.7038108694170196
1.151338957626657,-0.8879051519545104,2.1343747458109497,-0.4269262346731772,-0.3096617686426661,3.2986645962892145,-0.4310113119027647,1.6761634196950517,-1.037364240502847,0.9218058158030638,1.3185531463193276
1.151338957626657,-0.8879051519545104,-0.46852128566581813,-0.4269262346731772,-0.3096617686426661,-0.3031529792768068,-0.4310113119027647,-0.596600539213493,0.9639815611103627,-0.7718891595849366,1.7504397929374764
1.151338957626657,-0.8879051519545104,-0.46852128566581813,-0.4269262346731772,-0.3096617686426661,3.2986645962892145,-0.4310113119027647,1.6761634196950517,-1.037364240502847,-0.6328108618288568,1.0179419538134147
-0.868553950490285,1.126246421477271,-0.46852128566581813,-0.4269262346731772,-0.3096617686426661,-0.3031529792768068,2.320124721519137,-0.596600539213493,0.9639815611103627,0.3806654883260659,1.2510909411016355
-0.868553950490285,1.126246421477271,-0.46852128566581813,-0.4269262346731772,-0.3096617686426661,-0.3031529792768068,-0.4310113119027647,-0.596600539213493,0.9639815611103627,-0.5650662975935329,-0.7914429139529021
-0.868553950490285,-0.8879051519545104,-0.46852128566581813,-0.4269262346731772,-0.3096617686426661,-0.3031529792768068,-0.4310113119027647,-0.596600539213493,-1.037364240502847,-1.6361415382249536,0.1226147521180457
-0.868553950490285,-0.8879051519545104,-0.46852128566581813,-0.4269262346731772,-0.3096617686426661,-0.3031529792768068,-0.4310113119027647,-0.596600539213493,0.9639815611103627,-1.3533250813533577,-1.5920884020260473
-0.868553950490285,1.126246421477271,-0.46852128566581813,-0.4269262346731772,-0.3096617686426661,-0.3031529792768068,-0.4310113119027647,-0.596600539213493,0.9639815611103627,0.9173141727136109,0.14406044665716208
1.151338957626657,-0.8879051519545104,-0.46852128566581813,-0.4269262346731772,-0.3096617686426661,-0.3031529792768068,-0.4310113119027647,-0.596600539213493,0.9639815611103627,-1.0682837042190612,-1.6007960413697657
-0.868553950490285,1.126246421477271,-0.46852128566581813,-0.4269262346731772,-0.3096617686426661,-0.3031529792768068,-0.4310113119027647,-0.596600539213493,0.9639815611103627,0.379544962691366,-1.2663425050439978
-0.868553950490285,-0.8879051519545104,-0.46852128566581813,-0.4269262346731772,-0.3096617686426661,-0.3031529792768068,-0.4310113119027647,-0.596600539213493,0.9639815611103627,1.5206568060819128,-0.5435166869062817
-0.868553950490285,1.126246421477271,-0.46852128566581813,-0.4269262346731772,-0.3096617686426661,-0.3031529792768068,-0.4310113119027647,-0.596600539213493,0.9639815611103627,-1.4503002758495551,-1.2709912959644432
-0.868553950490285,1.126246421477271,-0.46852128566581813,-0.4269262346731772,-0.3096617686426661,-0.3031529792768068,-0.4310113119027647,-0.596600539213493,0.9639815611103627,1.6885632516019802,-0.8606569367466906
1.151338957626657,-0.8879051519545104,-0.46852128566581813,-0.4269262346731772,-0.3096617686426661,3.2986645962892145,-0.4310113119027647,1.6761634196950517,-1.037364240502847,-0.6212886885282283,0.1173066304670777
1.151338957626657,-0.8879051519545104,-0.46852128566581813,2.342325017260945,-0.3096617686426661,-0.3031529792768068,-0.4310113119027647,-0.596600539213493,-1.037364240502847,1.824370535770664,0.635267973951672
1.151338957626657,-0.8879051519545104,2.1343747458109497,-0.4269262346731772,-0.3096617686426661,-0.3031529792768068,-0.4310113119027647,1.6761634196950517,-1.037364240502847,1.784288547653943,1.3641207513360085
-0.868553950490285,-0.8879051519545104,2.1343747458109497,-0.4269262346731772,-0.3096617686426661,-0.3031529792768068,-0.4310113119027647,-0.596600539213493,-1.037364240502847,-0.20715358134820572,-0.5388069899368821
1.151338957626657,-0.8879051519545104,-0.46852128566581813,-0.4269262346731772,-0.3096617686426661,-0.3031529792768068,-0.4310113119027647,-0.596600539213493,0.9639815611103627,-0.8233460843158925,1.7504397929374764
1.151338957626657,-0.8879051519545104,-0.46852128566581813,-0.4269262346731772,-0.3096617686426661,-0.3031529792768068,-0.4310113119027647,-0.596600539213493,0.9639815611103627,-0.8718153125378769,-1.391650570164452
-0.868553950490285,1.126246421477271,-0.46852128566581813,-0.4269262346731772,-0.3096617686426661,-0.3031529792768068,-0.4310113119027647,-0.596600539213493,0.9639815611103627,0.3808858534304392,-1.2293269480590883
1.151338957626657,-0.8879051519545104,-0.46852128566581813,-0.4269262346731772,-0.3096617686426661,3.2986645962892145,-0.4310113119027647,1.6761634196950517,-1.037364240502847,-0.5732216692450367,1.000733882295258
1.151338957626657,-0.8879051519545104,2.1343747458109497,-0.4269262346731772,-0.3096617686426661,-0.3031529792768068,-0.4310113119027647,1.6761634196950517,-1.037364240502847,1.7936443080713103,1.3116031678439481
-0.868553950490285,1.126246421477271,-0.46852128566581813,-0.4269262346731772,-0.3096617686426661,-0.3031529792768068,-0.4310113119027647,-0.596600539213493,0.9639815611103627,-1.2008047607063674,-1.5320969012145054
1.151338957626657,-0.8879051519545104,-0.46852128566581813,2.342325017260945,-0.3096617686426661,-0.3031529792768068,-0.4310113119027647,1.6761634196950517,-1.037364240502847,-0.03862176110627011,1.0417394360303882
1.151338957626657,-0.8879051519545104,-0.46852128566581813,-0.4269262346731772,-0.3096617686426661,-0.3031529792768068,-0.4310113119027647,-0.596600539213493,0.9639815611103627,-0.7444558676610137,1.7458204586055306
-0.868553950490285,1.126246421477271,-0.46852128566581813,-0.4269262346731772,-0.3096617686426661,-0.3031529792768068,2.320124721519137,-0.596600539213493,0.9639815611103627,-1.376540077917038,0.15435610530325775
1.151338957626657,-0.8879051519545104,-0.46852128566581813,-0.4269262346731772,-0.3096617686426661,-0.3031529792768068,-0.4310113119027647,1.6761634196950517,-1.037364240502847,-0.13022752693995748,1.539862925259391
-0.868553950490285,-0.8879051519545104,2.1343747458109497,-0.4269262346731772,-0.3096617686426661,-0.3031529792768068,-0.4310113119027647,-0.596600539213493,-1.037364240502847,-0.1882194179824502,-0.5295397036188412
-0.868553950490285,1.126246421477271,-0.46852128566581813,-0.4269262346731772,-0.3096617686426661,-0.3031529792768068,2.320124721519137,-0.596600539213493,-1.037364240502847,-1.3197921838598352,-1.2773530596200857
-0.868553950490285,-0.8879051519545104,2.1343747458109497,-0.4269262346731772,-0.3096617686426661,-0.3031529792768068,-0.4310113119027647,-0.596600539213493,-1.037364240502847,-0.23845017702467705,-0.5236252728631078
-0.868553950490285,1.126246421477271,-0.46852128566581813,-0.4269262346731772,-0.3096617686426661,-0.3031529792768068,-0.4310113119027647,-0.596600539213493,0.9639815611103627,-0.015241528109191872,-0.03773987130351068
-0.868553950490285,1.126246421477271,-0.46852128566581813,-0.4269262346731772,-0.3096617686426661,-0.3031529792768068,2.320124721519137,-0.596600539213493,-1.037364240502847,0.9403908704590259,-1.5239136770433719
-0.868553950490285,1.126246421477271,-0.46852128566581813,-0.4269262346731772,-0.3096617686426661,-0.3031529792768068,2.320124721519137,-0.596600539213493,-1.037364240502847,0.8583152165057886,1.714562929297367
-0.868553950490285,-0.8879051519545104,-0.46852128566581813,2.342325017260945,-0.3096617686426661,-0.3031529792768068,-0.4310113119027647,-0.596600539213493,0.9639815611103627,-0.5636890282595969,0.13008154856957305
-0.868553950490285,-0.8879051519545104,-0.46852128566581813,-0.4269262346731772,-0.3096617686426661,-0.3031529792768068,2.320124721519137,-0.596600539213493,0.9639815611103627,0.9332623727231287,-1.4027504981066796
1.151338957626657,-0.8879051519545104,-0.46852128566581813,-0.4269262346731772,-0.3096617686426661,-0.3031529792768068,-0.4310113119027647,-0.596600539213493,0.9639815611103627,1.265961111857217,0.5998835063146194
1.151338957626657,-0.8879051519545104,-0.46852128566581813,-0.4269262346731772,-0.3096617686426661,-0.3031529792768068,-0.4310113119027647,1.6761634196950517,-1.037364240502847,-0.5495292803859081,1.3017154922072571
1.151338957626657,-0.8879051519545104,-0.46852128566581813,-0.4269262346731772,-0.3096617686426661,-0.3031529792768068,-0.4310113119027647,-0.596600539213493,0.9639815611103627,1.2603612157116622,0.6098578811719993
1.151338957626657,-0.8879051519545104,-0.46852128566581813,-0.4269262346731772,-0.3096617686426661,3.2986645962892145,-0.4310113119027647,1.6761634196950517,-1.037364240502847,-0.13574986552457732,1.5192431245990086
-0.868553950490285,1.126246421477271,2.1343747458109497,-0.4269262346731772,-0.3096617686426661,-0.3031529792768068,-0.4310113119027647,-0.596600539213493,-1.037364240502847,0.49694792787940384,-0.5190812646556219
-0.868553950490285,1.126246421477271,-0.46852128566581813,-0.4269262346731772,-0.3096617686426661,-0.3031529792768068,2.320124721519137,-0.596600539213493,0.9639815611103627,0.35944066094183685,-1.4795056228966914
-0.868553950490285,1.126246421477271,2.1343747458109497,-0.4269262346731772,-0.3096617686426661,-0.3031529792768068,-0.4310113119027647,-0.596600539213493,-1.037364240502847,0.46962773862195445,-0.5163797392762233
-0.868553950490285,1.126246421477271,-0.46852128566581813,-0.4269262346731772,-0.3096617686426661,-0.3031529792768068,2.320124721519137,-0.596600539213493,0.9639815611103627,0.36411613328697967,-1.4428873226068142
-0.868553950490285,1.126246421477271,-0.46852128566581813,-0.4269262346731772,-0.3096617686426661,-0.3031529792768068,-0.4310113119027647,-0.596600539213493,0.9639815611103627,0.40185114365381874,-1.2684356992339918
-0.868553950490285,1.126246421477271,-0.46852128566581813,-0.4269262346731772,-0.3096617686426661,-0.3031529792768068,-0.4310113119027647,-0.596600539213493,0.9639815611103627,-1.4577356974867925,-1.2647756032222337
-0.868553950490285,-0.8879051519545104,-0.46852128566581813,-0.4269262346731772,-0.3096617686426661,-0.3031529792768068,-0.4310113119027647,-0.596600539213493,-1.037364240502847,-1.6409655063443682,-1.2122736300586678
-0.868553950490285,-0.8879051519545104,-0.46852128566581813,-0.4269262346731772,-0.3096617686426661,-0.3031529792768068,2.320124721519137,-0.596600539213493,0.9639815611103627,0.8734041490232568,-1.4044445784948345
1.151338957626657,-0.8879051519545104,-0.46852128566581813,2.342325017260945,-0.3096617686426661,-0.3031529792768068,-0.4310113119027647,-0.596600539213493,-1.037364240502847,-1.6017529116644165,-0.7048807594649188
1.151338957626657,-0.8879051519545104,-0.46852128566581813,2.342325017260945,-0.3096617686426661,-0.3031529792768068,-0.4310113119027647,-0.596600539213493,-1.037364240502847,-1.6184926208425066,-0.7102624925627297
-0.868553950490285,-0.8879051519545104,-0.46852128566581813,-0.4269262346731772,-0.3096617686426661,-0.3031529792768068,2.320124721519137,-0.596600539213493,0.9639815611103627,0.9604799292262598,-1.4793913098835445
1.151338957626657,-0.8879051519545104,-0.46852128566581813,2.342325017260945,-0.3096617686426661,-0.3031529792768068,-0.4310113119027647,-0.596600539213493,-1.037364240502847,1.8432197430083486,0.5963132146540863
-0.868553950490285,1.126246421477271,-0.46852128566581813,-0.4269262346731772,-0.3096617686426661,-0.3031529792768068,2.320124721519137,-0.596600539213493,-1.037364240502847,-1.3549483726425067,-1.317171475095135
1.151338957626657,-0.8879051519545104,-0.46852128566581813,-0.4269262346731772,-0.3096617686426661,3.2986645962892145,-0.4310113119027647,1.6761634196950517,-1.037364240502847,-0.16544851372676056,1.524371202389907
1.151338957626657,-0.8879051519545104,-0.46852128566581813,-0.4269262346731772,-0.3096617686426661,-0.3031529792768068,-0.4310113119027647,-0.596600539213493,-1.037364240502847,-0.5890015992319156,0.11920704692383156
-0.868553950490285,1.126246421477271,-0.46852128566581813,-0.4269262346731772,-0.3096617686426661,-0.3031529792768068,-0.4310113119027647,-0.596600539213493,0.9639815611103627,-1.4444194887262312,-1.320752708104952
-0.868553950490285,1.126246421477271,-0.46852128566581813,-0.4269262346731772,-0.3096617686426661,-0.3031529792768068,-0.4310113119027647,-0.596600539213493,0.9639815611103627,0.9248086058972518,0.1395637510670862
-0.868553950490285,-0.8879051519545104,-0.46852128566581813,-0.4269262346731772,-0.3096617686426661,-0.3031529792768068,-0.4310113119027647,-0.596600539213493,-1.037364240502847,-1.646781140974211,0.03435697694046826
1.151338957626657,-0.8879051519545104,-0.46852128566581813,-0.4269262346731772,-0.3096617686426661,-0.3031529792768068,-0.4310113119027647,-0.596600539213493,0.9639815611103627,1.1955160189021696,0.5897494271257067
1.151338957626657,-0.8879051519545104,2.1343747458109497,-0.4269262346731772,-0.3096617686426661,-0.3031529792768068,-0.4310113119027647,1.6761634196950517,-1.037364240502847,1.8106307985428898,1.3481516647981049
1.151338957626657,-0.8879051519545104,2.1343747458109497,-0.4269262346731772,3.2293298729878037,-0.3031529792768068,-0.4310113119027647,1.6761634196950517,-1.037364240502847,0.9846337316462535,-0.07495962270692766
-0.868553950490285,-0.8879051519545104,-0.46852128566581813,-0.4269262346731772,-0.3096617686426661,-0.3031529792768068,-0.4310113119027647,-0.596600539213493,-1.037364240502847,-1.652901133035105,0.1544537775476607
-0.868553950490285,1.126246421477271,-0.46852128566581813,-0.4269262346731772,-0.3096617686426661,-0.3031529792768068,-0.4310113119027647,-0.596600539213493,-1.037364240502847,-1.1506552347662296,-1.2801873918782316
1.151338957626657,-0.8879051519545104,-0.46852128566581813,-0.4269262346731772,-0.3096617686426661,-0.3031529792768068,-0.4310113119027647,1.6761634196950517,-1.037364240502847,-0.5567893135503408,1.380913306760969
-0.868553950490285,-0.8879051519545104,2.1343747458109497,-0.4269262346731772,-0.3096617686426661,-0.3031529792768068,2.320124721519137,-0.596600539213493,-1.037364240502847,-1.0189313911237465,-0.6981914440095627
-0.868553950490285,1.126246421477271,-0.46852128566581813,-0.4269262346731772,-0.3096617686426661,-0.3031529792768068,-0.4310113119027647,-0.596600539213493,0.9639815611103627,0.9070860472294787,0.17450124326464458
-0.868553950490285,1.126246421477271,-0.46852128566581813,-0.4269262346731772,-0.3096617686426661,-0.3031529792768068,-0.4310113119027647,-0.596600539213493,0.9639815611103627,-0.6260425087352017,-0.5427798857494479
-0.868553950490285,1.126246421477271,-0.46852128566581813,-0.4269262346731772,-0.3096617686426661,-0.3031529792768068,2.320124721519137,-0.596600539213493,0.9639815611103627,0.3362531727103987,-1.4183236603486549
-0.868553950490285,-0.8879051519545104,2.1343747458109497,-0.4269262346731772,-0.3096617686426661,-0.3031529792768068,-0.4310113119027647,-0.596600539213493,0.9639815611103627,1.7448921930604335,0.9672348124818249
1.151338957626657,-0.8879051519545104,2.1343747458109497,-0.4269262346731772,3.2293298729878037,-0.3031529792768068,-0.4310113119027647,1.6761634196950517,-1.037364240502847,0.8974179918993634,-0.1144256953531251
1.151338957626657,-0.8879051519545104,-0.46852128566581813,-0.4269262346731772,-0.3096617686426661,-0.3031529792768068,-0.4310113119027647,1.6761634196950517,-1.037364240502847,0.018745459074302532,-0.5224434758511703
1.151338957626657,-0.8879051519545104,2.1343747458109497,2.342325017260945,3.2293298729878037,-0.3031529792768068,-0.4310113119027647,1.6761634196950517,-1.037364240502847,0.26420774915192047,0.6576937361275952
1.151338957626657,-0.8879051519545104,-0.46852128566581813,-0.4269262346731772,-0.3096617686426661,3.2986645962892145,-0.4310113119027647,1.6761634196950517,-1.037364240502847,-0.5792823171329782,1.0320982067784252
1.151338957626657,-0.8879051519545104,-0.46852128566581813,-0.4269262346731772,-0.3096617686426661,-0.3031529792768068,-0.4310113119027647,1.6761634196950517,-1.037364240502847,-0.1444283041217072,1.5511608338117187
-0.868553950490285,1.126246421477271,-0.46852128566581813,-0.4269262346731772,-0.3096617686426661,-0.3031529792768068,-0.4310113119027647,-0.596600539213493,-1.037364240502847,-0.7053264775978886,-0.7007068465921673
-0.868553950490285,1.126246421477271,-0.46852128566581813,-0.4269262346731772,-0.3096617686426661,-0.3031529792768068,-0.4310113119027647,-0.596600539213493,0.9639815611103627,0.8799785139044801,0.0948813041519096
-0.868553950490285,1.126246421477271,-0.46852128566581813,-0.4269262346731772,-0.3096617686426661,-0.3031529792768068,-0.4310113119027647,-0.596600539213493,0.9639815611103627,-0.6137533625266042,-0.5620813461207237
-0.868553950490285,-0.8879051519545104,2.1343747458109497,-0.4269262346731772,-0.3096617686426661,-0.3031529792768068,2.320124721519137,-0.596600539213493,-1.037364240502847,-1.0846637425150691,-0.6953308568438865
1.151338957626657,-0.8879051519545104,2.1343747458109497,2.342325017260945,-0.3096617686426661,3.2986645962892145,-0.4310113119027647,1.6761634196950517,-1.037364240502847,0.4663421324487811,0.646929395790637
1.151338957626657,-0.8879051519545104,2.1343747458109497,-0.4269262346731772,3.2293298729878037,-0.3031529792768068,-0.4310113119027647,1.6761634196950517,-1.037364240502847,0.48821993604777447,0.6241627171352557
-0.868553950490285,1.126246421477271,-0.46852128566581813,-0.4269262346731772,-0.3096617686426661,-0.3031529792768068,-0.4310113119027647,-0.596600539213493,0.9639815611103627,0.0026336528117135633,-0.004751495660057662
-0.868553950490285,1.126246421477271,-0.46852128566581813,-0.4269262346731772,-0.3096617686426661,-0.3031529792768068,-0.4310113119027647,-0.596600539213493,0.9639815611103627,-0.5737619249034019,-0.732172531042846
1.151338957626657,-0.8879051519545104,-0.46852128566581813,-0.4269262346731772,-0.3096617686426661,-0.3031529792768068,-0.4310113119027647,-0.596600539213493,0.9639815611103627,-0.6958392248782665,1.7504397929374764
-0.868553950490285,-0.8879051519545104,2.1343747458109497,-0.4269262346731772,-0.3096617686426661,-0.3031529792768068,-0.4310113119027647,-0.596600539213493,-1.037364240502847,-0.18885070998816247,-0.4835948117495891
1.151338957626657,-0.8879051519545104,-0.46852128566581813,2.342325017260945,-0.3096617686426661,-0.3031529792768068,-0.4310113119027647,1.6761634196950517,-1.037364240502847,0.5067894795271165,1.0353613457118718
-0.868553950490285,-0.8879051519545104,-0.46852128566581813,-0.4269262346731772,-0.3096617686426661,-0.3031529792768068,-0.4310113119027647,-0.596600539213493,0.9639815611103627,-1.3869757362289228,-1.5528771763613214
-0.868553950490285,1.126246421477271,-0.46852128566581813,-0.4269262346731772,-0.3096617686426661,-0.3031529792768068,2.320124721519137,-0.596600539213493,-1.037364240502847,-1.3296725043320734,-1.2216114342254176
1.151338957626657,-0.8879051519545104,-0.46852128566581813,-0.4269262346731772,-0.3096617686426661,3.2986645962892145,-0.4310113119027647,1.6761634196950517,-1.037364240502847,-0.15533016584138995,1.5642389954187532
-0.868553950490285,1.126246421477271,-0.46852128566581813,-0.4269262346731772,-0.3096617686426661,-0.3031529792768068,-0.4310113119027647,-0.596600539213493,0.9639815611103627,-0.054012658853934144,0.022754082344888175
-0.868553950490285,1.126246421477271,-0.46852128566581813,-0.4269262346731772,-0.3096617686426661,-0.3031529792768068,2.320124721519137,-0.596600539213493,0.9639815611103627,-0.6935101243772386,-1.2137987290250103
-0.868553950490285,1.126246421477271,-0.46852128566581813,-0.4269262346731772,-0.3096617686426661,-0.3031529792768068,-0.4310113119027647,-0.596600539213493,0.9639815611103627,0.4336333011524012,-1.213211268649295
-0.868553950490285,1.126246421477271,-0.46852128566581813,-0.4269262346731772,-0.3096617686426661,-0.3031529792768068,2.320124721519137,-0.596600539213493,0.9639815611103627,1.4577414548836922,-0.7217024756375153
1.151338957626657,-0.8879051519545104,-0.46852128566581813,2.342325017260945,-0.3096617686426661,-0.3031529792768068,-0.4310113119027647,1.6761634196950517,-1.037364240502847,-0.6136512260262298,1.5949965951810225
1.151338957626657,-0.8879051519545104,-0.46852128566581813,2.342325017260945,-0.3096617686426661,-0.3031529792768068,-0.4310113119027647,1.6761634196950517,-1.037364240502847,0.4646551143542698,1.0285024663114373
-0.868553950490285,1.126246421477271,-0.46852128566581813,-0.4269262346731772,-0.3096617686426661,-0.3031529792768068,-0.4310113119027647,-0.596600539213493,0.9639815611103627,0.913377224135861,0.12027017893434631
1.151338957626657,-0.8879051519545104,-0.46852128566581813,-0.4269262346731772,-0.3096617686426661,3.2986645962892145,-0.4310113119027647,1.6761634196950517,-1.037364240502847,-0.14159269592167537,1.5209076797704675
1.151338957626657,-0.8879051519545104,-0.46852128566581813,-0.4269262346731772,-0.3096617686426661,-0.3031529792768068,-0.4310113119027647,-0.596600539213493,0.9639815611103627,-0.8826783059163231,-1.3728484889469437
-0.868553950490285,1.126246421477271,-0.46852128566581813,-0.4269262346731772,-0.3096617686426661,-0.3031529792768068,-0.4310113119027647,-0.596600539213493,-1.037364240502847,-1.1409422096950992,-1.2818965952321162
1.151338957626657,-0.8879051519545104,2.1343747458109497,-0.4269262346731772,-0.3096617686426661,-0.3031529792768068,-0.4310113119027647,1.6761634196950517,-1.037364240502847,1.7559016471959548,1.3481059397753639
-0.868553950490285,-0.8879051519545104,-0.46852128566581813,-0.4269262346731772,-0.3096617686426661,-0.3031529792768068,-0.4310113119027647,-0.596600539213493,-1.037364240502847,-1.652901133035105,-1.2171527200914298
-0.868553950490285,1.126246421477271,-0.46852128566581813,-0.4269262346731772,-0.3096617686426661,-0.3031529792768068,2.320124721519137,-0.596600539213493,-1.037364240502847,-1.5199544678845658,-1.2777972618020015
-0.868553950490285,1.126246421477271,-0.46852128566581813,-0.4269262346731772,-0.3096617686426661,-0.3031529792768068,-0.4310113119027647,-0.596600539213493,-1.037364240502847,1.5463035480077143,0.1049209229062977
1.151338957626657,-0.8879051519545104,2.1343747458109497,-0.4269262346731772,-0.3096617686426661,-0.3031529792768068,-0.4310113119027647,-0.596600539213493,0.9639815611103627,1.3921610880299575,1.3576163383900628
-0.868553950490285,1.126246421477271,-0.46852128566581813,-0.4269262346731772,-0.3096617686426661,-0.3031529792768068,-0.4310113119027647,-0.596600539213493,-1.037364240502847,-1.057969793370383,-1.2629775380177237
1.151338957626657,-0.8879051519545104,-0.46852128566581813,2.342325017260945,-0.3096617686426661,-0.3031529792768068,-0.4310113119027647,-0.596600539213493,0.9639815611103627,1.2458004551684225,0.6275196337015262
1.151338957626657,-0.8879051519545104,2.1343747458109497,2.342325017260945,-0.3096617686426661,3.2986645962892145,-0.4310113119027647,1.6761634196950517,-1.037364240502847,0.4322913513572048,0.6346940347224447
1.151338957626657,-0.8879051519545104,-0.46852128566581813,-0.4269262346731772,-0.3096617686426661,-0.3031529792768068,-0.4310113119027647,-0.596600539213493,0.9639815611103627,-0.8570795602401327,-1.3977350901609047
-0.868553950490285,-0.8879051519545104,-0.46852128566581813,-0.4269262346731772,-0.3096617686426661,-0.3031529792768068,-0.4310113119027647,-0.596600539213493,-1.037364240502847,-1.6400765628128384,-1.2450156422414391
-0.868553950490285,1.126246421477271,-0.46852128566581813,-0.4269262346731772,-0.3096617686426661,-0.3031529792768068,-0.4310113119027647,-0.596600539213493,-1.037364240502847,-1.1054500014164415,-1.2509500145747448
1.151338957626657,-0.8879051519545104,2.1343747458109497,-0.4269262346731772,-0.3096617686426661,3.2986645962892145,-0.4310113119027647,1.6761634196950517,-1.037364240502847,0.23605441284016906,1.4912410218883254
1.151338957626657,-0.8879051519545104,-0.46852128566581813,-0.4269262346731772,-0.3096617686426661,-0.3031529792768068,-0.4310113119027647,1.6761634196950517,-1.037364240502847,-0.5982660186406725,1.3349494113717626
-0.868553950490285,1.126246421477271,-0.46852128566581813,-0.4269262346731772,-0.3096617686426661,-0.3031529792768068,-0.4310113119027647,-0.596600539213493,0.9639815611103627,-1.4444740301595853,-1.2392772157983154
-0.868553950490285,1.126246421477271,-0.46852128566581813,-0.4269262346731772,-0.3096617686426661,-0.3031529792768068,-0.4310113119027647,-0.596600539213493,-1.037364240502847,1.5527287897970048,0.07743913369774572
-0.868553950490285,1.126246421477271,-0.46852128566581813,-0.4269262346731772,-0.3096617686426661,-0.3031529792768068,-0.4310113119027647,-0.596600539213493,-1.037364240502847,-1.1245370195191915,-1.2441836539915236
1.151338957626657,-0.8879051519545104,-0.46852128566581813,-0.4269262346731772,-0.3096617686426661,-0.3031529792768068,-0.4310113119027647,1.6761634196950517,-1.037364240502847,-0.1934526299651094,1.573295219252346
-0.868553950490285,1.126246421477271,-0.46852128566581813,-0.4269262346731772,-0.3096617686426661,-0.3031529792768068,2.320124721519137,-0.596600539213493,0.9639815611103627,0.3525787870830041,-1.4756185589898974
-0.868553950490285,1.126246421477271,-0.46852128566581813,-0.4269262346731772,-0.3096617686426661,-0.3031529792768068,-0.4310113119027647,-0.596600539213493,0.9639815611103627,-1.4174573483910597,-1.2349522438135954
1.151338957626657,-0.8879051519545104,-0.46852128566581813,2.342325017260945,-0.3096617686426661,-0.3031529792768068,-0.4310113119027647,-0.596600539213493,0.9639815611103627,0.4308302281149868,0.6037307233280207
-0.868553950490285,1.126246421477271,-0.46852128566581813,-0.4269262346731772,-0.3096617686426661,-0.3031529792768068,2.320124721519137,-0.596600539213493,0.9639815611103627,-1.2853104476871053,0.11369011952600225
-0.868553950490285,1.126246421477271,-0.46852128566581813,-0.4269262346731772,-0.3096617686426661,-0.3031529792768068,-0.4310113119027647,-0.596600539213493,0.9639815611103627,-0.9438309921788797,-0.4823703290798087
1.151338957626657,-0.8879051519545104,-0.46852128566581813,-0.4269262346731772,-0.3096617686426661,-0.3031529792768068,-0.4310113119027647,1.6761634196950517,-1.037364240502847,-0.6137813723211426,1.356684753845143
-0.868553950490285,1.126246421477271,-0.46852128566581813,-0.4269262346731772,-0.3096617686426661,-0.3031529792768068,2.320124721519137,-0.596600539213493,0.9639815611103627,1.4354890291107767,-0.6730320677861372
1.151338957626657,-0.8879051519545104,-0.46852128566581813,-0.4269262346731772,-0.3096617686426661,-0.3031529792768068,-0.4310113119027647,-0.596600539213493,0.9639815611103627,-0.6853454225447178,1.7504397929374764
1.151338957626657,-0.8879051519545104,-0.46852128566581813,-0.4269262346731772,-0.3096617686426661,3.2986645962892145,-0.4310113119027647,1.6761634196950517,-1.037364240502847,-0.569478486284822,0.1289761632087462
-0.868553950490285,1.126246421477271,-0.46852128566581813,-0.4269262346731772,-0.3096617686426661,-0.3031529792768068,-0.4310113119027647,-0.596600539213493,0.9639815611103627,-1.1739096289851916,-0.9044076614277748
1.151338957626657,-0.8879051519545104,-0.46852128566581813,-0.4269262346731772,-0.3096617686426661,-0.3031529792768068,-0.4310113119027647,1.6761634196950517,-1.037364240502847,-0.03139443628618662,-0.5078330390775716
-0.868553950490285,1.126246421477271,-0.46852128566581813,-0.4269262346731772,-0.3096617686426661,-0.3031529792768068,-0.4310113119027647,-0.596600539213493,0.9639815611103627,-1.1869908056526979,-0.8573018820292548
1.151338957626657,-0.8879051519545104,2.1343747458109497,-0.4269262346731772,3.2293298729878037,-0.3031529792768068,-0.4310113119027647,1.6761634196950517,-1.037364240502847,0.4901632496779187,0.614173900389412
-0.868553950490285,1.126246421477271,-0.46852128566581813,-0.4269262346731772,-0.3096617686426661,-0.3031529792768068,2.320124721519137,-0.596600539213493,0.9639815611103627,1.374203429533647,-0.6504025790421348
-0.868553950490285,1.126246421477271,-0.46852128566581813,-0.4269262346731772,-0.3096617686426661,-0.3031529792768068,-0.4310113119027647,-0.596600539213493,0.9639815611103627,-0.948677899084506,-0.5029814789622994
-0.868553950490285,-0.8879051519545104,2.1343747458109497,-0.4269262346731772,-0.3096617686426661,-0.3031529792768068,-0.4310113119027647,-0.596600539213493,-1.037364240502847,-0.2360242170108361,-0.5680739619981208
-0.868553950490285,1.126246421477271,-0.46852128566581813,-0.4269262346731772,-0.3096617686426661,-0.3031529792768068,-0.4310113119027647,-0.596600539213493,-1.037364240502847,-0.7644409644479562,-0.7249194861414291
1.151338957626657,-0.8879051519545104,2.1343747458109497,-0.4269262346731772,-0.3096617686426661,3.2986645962892145,-0.4310113119027647,1.6761634196950517,-1.037364240502847,0.9395108058338303,1.3387340758034296
1.151338957626657,-0.8879051519545104,2.1343747458109497,-0.4269262346731772,3.2293298729878037,-0.3031529792768068,-0.4310113119027647,1.6761634196950517,-1.037364240502847,0.9280799901930185,-0.08998844626151604
-0.868553950490285,1.126246421477271,-0.46852128566581813,-0.4269262346731772,-0.3096617686426661,-0.3031529792768068,2.320124721519137,-0.596600539213493,-1.037364240502847,0.8613442197978153,1.7008822318667098
1.151338957626657,-0.8879051519545104,2.1343747458109497,2.342325017260945,-0.3096617686426661,3.2986645962892145,-0.4310113119027647,1.6761634196950517,-1.037364240502847,0.4571769855302674,0.5398683902506988
1.151338957626657,-0.8879051519545104,-0.46852128566581813,-0.4269262346731772,-0.3096617686426661,-0.3031529792768068,-0.4310113119027647,-0.596600539213493,-1.037364240502847,-0.532878073253451,0.15021836859969803
-0.868553950490285,1.126246421477271,-0.46852128566581813,-0.4269262346731772,-0.3096617686426661,-0.3031529792768068,-0.4310113119027647,-0.596600539213493,0.9639815611103627,1.7163938040202453,-0.8885875335690662
-0.868553950490285,-0.8879051519545104,2.1343747458109497,-0.4269262346731772,-0.3096617686426661,-0.3031529792768068,2.320124721519137,-0.596600539213493,-1.037364240502847,-1.0120377027515044,-0.6655661662850523
-0.868553950490285,1.126246421477271,-0.46852128566581813,-0.4269262346731772,-0.3096617686426661,-0.3031529792768068,-0.4310113119027647,-0.596600539213493,-1.037364240502847,-0.8950202770167484,-1.2294133660577404
-0.868553950490285,1.126246421477271,-0.46852128566581813,-0.4269262346731772,-0.3096617686426661,-0.3031529792768068,-0.4310113119027647,-0.596600539213493,0.9639815611103627,0.9161450773180907,0.14590722752391572
-0.868553950490285,1.126246421477271,-0.46852128566581813,-0.4269262346731772,-0.3096617686426661,-0.3031529792768068,-0.4310113119027647,-0.596600539213493,0.9639815611103627,0.9702215322956638,0.15043731230313673
-0.868553950490285,1.126246421477271,-0.46852128566581813,-0.4269262346731772,-0.3096617686426661,-0.3031529792768068,-0.4310113119027647,-0.596600539213493,0.9639815611103627,-1.4575320615278016,-1.2128718253682655
-0.868553950490285,-0.8879051519545104,-0.46852128566581813,-0.4269262346731772,-0.3096617686426661,-0.3031529792768068,-0.4310113119027647,-0.596600539213493,0.9639815611103627,1.5637376528518587,-0.5441006945520134
-0.868553950490285,-0.8879051519545104,-0.46852128566581813,-0.4269262346731772,-0.3096617686426661,-0.3031529792768068,-0.4310113119027647,-0.596600539213493,-1.037364240502847,-1.6518566200196112,0.1260678267468068
1.151338957626657,-0.8879051519545104,-0.46852128566581813,-0.4269262346731772,-0.3096617686426661,-0.3031529792768068,-0.4310113119027647,-0.596600539213493,0.9639815611103627,1.2597217784650936,0.6189063729168033
-0.868553950490285,-0.8879051519545104,2.1343747458109497,-0.4269262346731772,-0.3096617686426661,-0.3031529792768068,-0.4310113119027647,-0.596600539213493,-1.037364240502847,-0.20985140578547642,-0.5198408360403427
-0.868553950490285,1.126246421477271,-0.46852128566581813,-0.4269262346731772,-0.3096617686426661,-0.3031529792768068,2.320124721519137,-0.596600539213493,-1.037364240502847,0.8894111781049844,-0.4903632677680868
1.151338957626657,-0.8879051519545104,-0.46852128566581813,-0.4269262346731772,-0.3096617686426661,-0.3031529792768068,-0.4310113119027647,-0.596600539213493,0.9639815611103627,-1.088571643544701,-1.6067921900814557
-0.868553950490285,1.126246421477271,-0.46852128566581813,-0.4269262346731772,-0.3096617686426661,-0.3031529792768068,-0.4310113119027647,-0.596600539213493,-1.037364240502847,1.5546796734922035,0.13854815145691157
1.151338957626657,-0.8879051519545104,-0.46852128566581813,2.342325017260945,-0.3096617686426661,-0.3031529792768068,-0.4310113119027647,-0.596600539213493,0.9639815611103627,0.4915691198826773,0.5438831764306763
1.151338957626657,-0.8879051519545104,-0.46852128566581813,2.342325017260945,-0.3096617686426661,-0.3031529792768068,-0.4310113119027647,1.6761634196950517,-1.037364240502847,-0.6358225037913361,1.4999402444317738
-0.868553950490285,1.126246421477271,-0.46852128566581813,-0.4269262346731772,-0.3096617686426661,-0.3031529792768068,-0.4310113119027647,-0.596600539213493,0.9639815611103627,-0.9997398607148258,1.749847178355508
1.151338957626657,-0.8879051519545104,2.1343747458109497,-0.4269262346731772,-0.3096617686426661,-0.3031529792768068,-0.4310113119027647,-0.596600539213493,0.9639815611103627,1.3592031090890615,1.3486377517646266
-0.868553950490285,-0.8879051519545104,2.1343747458109497,-0.4269262346731772,-0.3096617686426661,-0.3031529792768068,2.320124721519137,-0.596600539213493,-1.037364240502847,-1.0273614012568317,-0.6785636796198626
-0.868553950490285,1.126246421477271,-0.46852128566581813,-0.4269262346731772,-0.3096617686426661,-0.3031529792768068,-0.4310113119027647,-0.596600539213493,0.9639815611103627,-1.0005920323709183,1.6978247441041696
-0.868553950490285,1.126246421477271,-0.46852128566581813,-0.4269262346731772,-0.3096617686426661,-0.3031529792768068,-0.4310113119027647,-0.596600539213493,-1.037364240502847,1.5651218101306315,0.14816911365875562
1.151338957626657,1.126246421477271,-0.46852128566581813,-0.4269262346731772,-0.3096617686426661,-0.3031529792768068,2.320124721519137,-0.596600539213493,-1.037364240502847,0.4469423500012969,-0.5097192393786231
1.151338957626657,-0.8879051519545104,2.1343747458109497,-0.4269262346731772,-0.3096617686426661,3.2986645962892145,-0.4310113119027647,1.6761634196950517,-1.037364240502847,0.9445678376681111,1.355032463387599
-0.868553950490285,1.126246421477271,-0.46852128566581813,-0.4269262346731772,-0.3096617686426661,-0.3031529792768068,2.320124721519137,-0.596600539213493,0.9639815611103627,-0.7178487018688064,-1.2444792608632693
-0.868553950490285,-0.8879051519545104,-0.46852128566581813,-0.4269262346731772,-0.3096617686426661,-0.3031529792768068,-0.4310113119027647,-0.596600539213493,0.9639815611103627,0.0036688158622326765,-0.05748335001216056
1.151338957626657,-0.8879051519545104,-0.46852128566581813,2.342325017260945,-0.3096617686426661,-0.3031529792768068,-0.4310113119027647,-0.596600539213493,0.9639815611103627,-0.20057448105401743,0.6257888982727366
-0.868553950490285,1.126246421477271,-0.46852128566581813,-0.4269262346731772,-0.3096617686426661,-0.3031529792768068,-0.4310113119027647,-0.596600539213493,-1.037364240502847,-1.1540811572568186,-1.2680978471559725
-0.868553950490285,1.126246421477271,-0.46852128566581813,-0.4269262346731772,-0.3096617686426661,-0.3031529792768068,-0.4310113119027647,-0.596600539213493,0.9639815611103627,0.9375424972348747,0.043322999725504054
1.151338957626657,-0.8879051519545104,-0.46852128566581813,2.342325017260945,-0.3096617686426661,-0.3031529792768068,-0.4310113119027647,-0.596600539213493,0.9639815611103627,-0.2349381551924562,0.6299368962318866
-0.868553950490285,1.126246421477271,-0.46852128566581813,-0.4269262346731772,-0.3096617686426661,-0.3031529792768068,-0.4310113119027647,-0.596600539213493,0.9639815611103627,-0.02804638144195285,-0.019147216938600522
-0.868553950490285,1.126246421477271,-0.46852128566581813,-0.4269262346731772,-0.3096617686426661,-0.3031529792768068,2.320124721519137,-0.596600539213493,0.9639815611103627,0.4872913899731277,1.2938783840078365
-0.868553950490285,1.126246421477271,-0.46852128566581813,-0.4269262346731772,-0.3096617686426661,-0.3031529792768068,2.320124721519137,-0.596600539213493,0.9639815611103627,0.47625152658557507,1.2775046580107356
-0.868553950490285,-0.8879051519545104,-0.46852128566581813,-0.4269262346731772,-0.3096617686426661,-0.3031529792768068,-0.4310113119027647,-0.596600539213493,-1.037364240502847,-1.652901133035105,0.1485817783267715
-0.868553950490285,-0.8879051519545104,-0.46852128566581813,-0.4269262346731772,-0.3096617686426661,-0.3031529792768068,-0.4310113119027647,-0.596600539213493,0.9639815611103627,-1.3594298654238184,-1.5716484538653759
-0.868553950490285,1.126246421477271,-0.46852128566581813,-0.4269262346731772,-0.3096617686426661,-0.3031529792768068,2.320124721519137,-0.596600539213493,-1.037364240502847,0.9085446320855253,1.7310813625834804
1.151338957626657,-0.8879051519545104,2.1343747458109497,2.342325017260945,-0.3096617686426661,3.2986645962892145,-0.4310113119027647,1.6761634196950517,-1.037364240502847,0.45764648152889076,0.5824503254292325
-0.868553950490285,1.126246421477271,-0.46852128566581813,-0.4269262346731772,-0.3096617686426661,-0.3031529792768068,2.320124721519137,-0.596600539213493,0.9639815611103627,1.3150593371297892,-0.5728317053161577
-0.868553950490285,1.126246421477271,-0.46852128566581813,-0.4269262346731772,-0.3096617686426661,-0.3031529792768068,-0.4310113119027647,-0.596600539213493,0.9639815611103627,1.7091967204392244,-0.8746809036401128
1.151338957626657,-0.8879051519545104,-0.46852128566581813,-0.4269262346731772,-0.3096617686426661,-0.3031529792768068,-0.4310113119027647,-0.596600539213493,0.9639815611103627,-0.9930440707023963,-1.3876259182183055
1.151338957626657,-0.8879051519545104,-0.46852128566581813,2.342325017260945,-0.3096617686426661,-0.3031529792768068,-0.4310113119027647,1.6761634196950517,-1.037364240502847,0.4635465825130949,1.0036922267915709
1.151338957626657,-0.8879051519545104,-0.46852128566581813,-0.4269262346731772,-0.3096617686426661,-0.3031529792768068,-0.4310113119027647,-0.596600539213493,0.9639815611103627,-1.0717243195388961,-1.6215652394103242
-0.868553950490285,1.126246421477271,-0.46852128566581813,-0.4269262346731772,-0.3096617686426661,-0.3031529792768068,2.320124721519137,-0.596600539213493,-1.037364240502847,0.9155055558373106,1.708011344925904
-0.868553950490285,1.126246421477271,-0.46852128566581813,-0.4269262346731772,-0.3096617686426661,-0.3031529792768068,-0.4310113119027647,-0.596600539213493,0.9639815611103627,0.46022182571674763,0.9712861628389458
-0.868553950490285,1.126246421477271,-0.46852128566581813,-0.4269262346731772,-0.3096617686426661,-0.3031529792768068,-0.4310113119027647,-0.596600539213493,0.9639815611103627,-1.5015390478729842,-1.325633609329965
-0.868553950490285,1.126246421477271,-0.46852128566581813,-0.4269262346731772,-0.3096617686426661,-0.3031529792768068,-0.4310113119027647,-0.596600539213493,-1.037364240502847,-1.0901661410781744,-1.1804011600850146
1.151338957626657,-0.8879051519545104,-0.46852128566581813,2.342325017260945,-0.3096617686426661,-0.3031529792768068,-0.4310113119027647,1.6761634196950517,-1.037364240502847,-0.026736166149234544,1.0788957356993139
1.151338957626657,-0.8879051519545104,2.1343747458109497,-0.4269262346731772,3.2293298729878037,-0.3031529792768068,-0.4310113119027647,1.6761634196950517,-1.037364240502847,0.9268776463841538,-0.15472001779181627
-0.868553950490285,1.126246421477271,-0.46852128566581813,-0.4269262346731772,-0.3096617686426661,-0.3031529792768068,-0.4310113119027647,-0.596600539213493,-1.037364240502847,-0.8965015368000863,-1.281989877923889
1.151338957626657,-0.8879051519545104,-0.46852128566581813,-0.4269262346731772,-0.3096617686426661,-0.3031529792768068,-0.4310113119027647,-0.596600539213493,0.9639815611103627,-0.8665974628301502,-1.4040311804211905
-0.868553950490285,1.126246421477271,-0.46852128566581813,-0.4269262346731772,-0.3096617686426661,-0.3031529792768068,-0.4310113119027647,-0.596600539213493,-1.037364240502847,-0.6825778547773655,-0.6521893244669205
-0.868553950490285,1.126246421477271,-0.46852128566581813,-0.4269262346731772,-0.3096617686426661,-0.3031529792768068,2.320124721519137,-0.596600539213493,0.9639815611103627,1.3202319842627146,-0.516941353722385
1.151338957626657,-0.8879051519545104,-0.46852128566581813,-0.4269262346731772,-0.3096617686426661,3.2986645962892145,-0.4310113119027647,1.6761634196950517,-1.037364240502847,-0.1320551834378982,1.5721707521287063
-0.868553950490285,1.126246421477271,-0.46852128566581813,-0.4269262346731772,-0.3096617686426661,-0.3031529792768068,2.320124721519137,-0.596600539213493,0.9639815611103627,-0.730831759546192,-1.2684631903614938
-0.868553950490285,1.126246421477271,-0.46852128566581813,-0.4269262346731772,-0.3096617686426661,-0.3031529792768068,2.320124721519137,-0.596600539213493,0.9639815611103627,-1.3595282362599697,0.07072662300305084
-0.868553950490285,1.126246421477271,-0.46852128566581813,-0.4269262346731772,-0.3096617686426661,-0.3031529792768068,2.320124721519137,-0.596600539213493,0.9639815611103627,1.5860117586835383,-0.05505616872583338
-0.868553950490285,1.126246421477271,-0.46852128566581813,-0.4269262346731772,-0.3096617686426661,-0.3031529792768068,-0.4310113119027647,-0.596600539213493,-1.037364240502847,-1.0874802205154235,-1.2105900392951359
-0.868553950490285,-0.8879051519545104,-0.46852128566581813,-0.4269262346731772,-0.3096617686426661,-0.3031529792768068,-0.4310113119027647,-0.596600539213493,-1.037364240502847,-1.6464099271192132,-1.2442946558218027
-0.868553950490285,1.126246421477271,-0.46852128566581813,-0.4269262346731772,-0.3096617686426661,-0.3031529792768068,-0.4310113119027647,-0.596600539213493,-1.037364240502847,-0.731381439918366,-0.6638602628463378
-0.868553950490285,1.126246421477271,-0.46852128566581813,-0.4269262346731772,-0.3096617686426661,-0.3031529792768068,-0.4310113119027647,-0.596600539213493,0.9639815611103627,0.9008515966509905,0.10955853857806853
-0.868553950490285,1.126246421477271,-0.46852128566581813,-0.4269262346731772,-0.3096617686426661,-0.3031529792768068,-0.4310113119027647,-0.596600539213493,0.9639815611103627,0.02715212425212172,-0.003899399800237302
1.151338957626657,-0.8879051519545104,-0.46852128566581813,-0.4269262346731772,3.2293298729878037,-0.3031529792768068,-0.4310113119027647,1.6761634196950517,-1.037364240502847,0.4370086374466155,0.12489007066911584
-0.868553950490285,1.126246421477271,-0.46852128566581813,-0.4269262346731772,-0.3096617686426661,-0.3031529792768068,-0.4310113119027647,-0.596600539213493,0.9639815611103627,-1.2463380423950197,-1.5549242394996854
-0.868553950490285,1.126246421477271,-0.46852128566581813,-0.4269262346731772,-0.3096617686426661,-0.3031529792768068,-0.4310113119027647,-0.596600539213493,0.9639815611103627,0.9454004694877965,0.12055989199830149
-0.868553950490285,1.126246421477271,-0.46852128566581813,-0.4269262346731772,-0.3096617686426661,-0.3031529792768068,-0.4310113119027647,-0.596600539213493,0.9639815611103627,0.4843922223213672,0.9859266071168242
-0.868553950490285,-0.8879051519545104,-0.46852128566581813,-0.4269262346731772,-0.3096617686426661,-0.3031529792768068,-0.4310113119027647,-0.596600539213493,0.9639815611103627,1.5160038391645456,-0.5160963999757068
1.151338957626657,-0.8879051519545104,-0.46852128566581813,-0.4269262346731772,-0.3096617686426661,-0.3031529792768068,-0.4310113119027647,1.6761634196950517,-1.037364240502847,-0.16451331443002995,1.5282438013383328
1.151338957626657,-0.8879051519545104,2.1343747458109497,-0.4269262346731772,-0.3096617686426661,-0.3031529792768068,-0.4310113119027647,1.6761634196950517,-1.037364240502847,1.7990770704627799,1.3683616640624372
1.151338957626657,-0.8879051519545104,-0.46852128566581813,2.342325017260945,-0.3096617686426661,-0.3031529792768068,-0.4310113119027647,1.6761634196950517,-1.037364240502847,-0.5524606673094701,1.507558287634155
-0.868553950490285,1.126246421477271,-0.46852128566581813,-0.4269262346731772,-0.3096617686426661,-0.3031529792768068,-0.4310113119027647,-0.596600539213493,0.9639815611103627,-1.5590891754544303,-0.523266993467798
-0.868553950490285,-0.8879051519545104,2.1343747458109497,-0.4269262346731772,-0.3096617686426661,-0.3031529792768068,2.320124721519137,-0.596600539213493,-1.037364240502847,-1.014486331410226,-0.7429179254583566
-0.868553950490285,1.126246421477271,-0.46852128566581813,-0.4269262346731772,-0.3096617686426661,-0.3031529792768068,-0.4310113119027647,-0.596600539213493,0.9639815611103627,0.952499115441357,0.08595783813596071
1.151338957626657,-0.8879051519545104,-0.46852128566581813,-0.4269262346731772,-0.3096617686426661,3.2986645962892145,-0.4310113119027647,-0.596600539213493,0.9639815611103627,1.4281054828649675,1.324132140135344
1.151338957626657,1.126246421477271,-0.46852128566581813,-0.4269262346731772,-0.3096617686426661,-0.3031529792768068,2.320124721519137,-0.596600539213493,-1.037364240502847,0.43609794950834696,-0.5241152463274773
1.151338957626657,1.126246421477271,-0.46852128566581813,-0.4269262346731772,-0.3096617686426661,-0.3031529792768068,2.320124721519137,-0.596600539213493,-1.037364240502847,0.5179949050221355,-0.5381639302023085
-0.868553950490285,-0.8879051519545104,-0.46852128566581813,-0.4269262346731772,-0.3096617686426661,-0.3031529792768068,-0.4310113119027647,-0.596600539213493,0.9639815611103627,-0.06182185816871808,-0.021818785758495204
1.151338957626657,-0.8879051519545104,-0.46852128566581813,-0.4269262346731772,-0.3096617686426661,-0.3031529792768068,-0.4310113119027647,1.6761634196950517,-1.037364240502847,-0.03269656256625772,-0.5337565891929941
-0.868553950490285,1.126246421477271,-0.46852128566581813,-0.4269262346731772,-0.3096617686426661,-0.3031529792768068,-0.4310113119027647,-0.596600539213493,0.9639815611103627,1.635184222112056,-0.854544208530493
1.151338957626657,-0.8879051519545104,-0.46852128566581813,-0.4269262346731772,3.2293298729878037,-0.3031529792768068,-0.4310113119027647,1.6761634196950517,-1.037364240502847,0.5125216988875235,0.11685083799690268
1.151338957626657,-0.8879051519545104,-0.46852128566581813,-0.4269262346731772,-0.3096617686426661,-0.3031529792768068,-0.4310113119027647,1.6761634196950517,-1.037364240502847,-0.20528069230250132,1.6197652601888854
1.151338957626657,-0.8879051519545104,-0.46852128566581813,-0.4269262346731772,-0.3096617686426661,3.2986645962892145,-0.4310113119027647,-0.596600539213493,0.9639815611103627,1.4071939295329217,1.3785614409865083
-0.868553950490285,1.126246421477271,-0.46852128566581813,-0.4269262346731772,-0.3096617686426661,-0.3031529792768068,2.320124721519137,-0.596600539213493,-1.037364240502847,0.9660895309368313,1.7504126909489834
-0.868553950490285,-0.8879051519545104,-0.46852128566581813,-0.4269262346731772,-0.3096617686426661,-0.3031529792768068,-0.4310113119027647,-0.596600539213493,-1.037364240502847,-1.6382955730300282,0.15939275895675875
1.151338957626657,-0.8879051519545104,-0.46852128566581813,-0.4269262346731772,-0.3096617686426661,-0.3031529792768068,-0.4310113119027647,-0.596600539213493,0.9639815611103627,-1.0588347971305934,-1.5634717475692077
1.151338957626657,-0.8879051519545104,-0.46852128566581813,2.342325017260945,-0.3096617686426661,-0.3031529792768068,-0.4310113119027647,-0.596600539213493,0.9639815611103627,1.2514964959821089,0.6168789106601209
1.151338957626657,-0.8879051519545104,2.1343747458109497,-0.4269262346731772,-0.3096617686426661,-0.3031529792768068,-0.4310113119027647,-0.596600539213493,0.9639815611103627,-0.5961919278464415,0.14806515753456062
1.151338957626657,-0.8879051519545104,-0.46852128566581813,-0.4269262346731772,3.2293298729878037,-0.3031529792768068,-0.4310113119027647,1.6761634196950517,-1.037364240502847,0.45455186195970104,0.15155246429016167
-0.868553950490285,1.126246421477271,-0.46852128566581813,-0.4269262346731772,-0.3096617686426661,-0.3031529792768068,-0.4310113119027647,-0.596600539213493,0.9639815611103627,0.9011201228314087,0.12012946448446803
1.151338957626657,-0.8879051519545104,2.1343747458109497,-0.4269262346731772,-0.3096617686426661,3.2986645962892145,-0.4310113119027647,1.6761634196950517,-1.037364240502847,0.34643588398216757,1.5061228687460084
-0.868553950490285,1.126246421477271,-0.46852128566581813,-0.4269262346731772,-0.3096617686426661,-0.3031529792768068,-0.4310113119027647,-0.596600539213493,0.9639815611103627,0.41684263493451673,-1.2001425828715033
-0.868553950490285,1.126246421477271,-0.46852128566581813,-0.4269262346731772,-0.3096617686426661,-0.3031529792768068,2.320124721519137,-0.596600539213493,0.9639815611103627,1.500155622968262,-0.6866268198317462
1.151338957626657,-0.8879051519545104,-0.46852128566581813,-0.4269262346731772,3.2293298729878037,-0.3031529792768068,-0.4310113119027647,1.6761634196950517,-1.037364240502847,0.553891453895378,0.10121503204894713
1.151338957626657,-0.8879051519545104,2.1343747458109497,-0.4269262346731772,3.2293298729878037,-0.3031529792768068,-0.4310113119027647,1.6761634196950517,-1.037364240502847,0.8542903923647492,-0.12578892714252965
1.151338957626657,-0.8879051519545104,-0.46852128566581813,2.342325017260945,-0.3096617686426661,-0.3031529792768068,-0.4310113119027647,1.6761634196950517,-1.037364240502847,-0.01851830058189587,0.995589692102329
-0.868553950490285,-0.8879051519545104,-0.46852128566581813,-0.4269262346731772,-0.3096617686426661,-0.3031529792768068,-0.4310113119027647,-0.596600539213493,-1.037364240502847,-1.6139207727663616,-1.2590425675193608
1.151338957626657,-0.8879051519545104,-0.46852128566581813,-0.4269262346731772,-0.3096617686426661,-0.3031529792768068,-0.4310113119027647,-0.596600539213493,0.9639815611103627,-0.8818543591097645,-1.359714487809778
1.151338957626657,-0.8879051519545104,-0.46852128566581813,-0.4269262346731772,3.2293298729878037,-0.3031529792768068,-0.4310113119027647,1.6761634196950517,-1.037364240502847,0.4857085616224786,0.13242020951225722
-0.868553950490285,1.126246421477271,-0.46852128566581813,-0.4269262346731772,-0.3096617686426661,-0.3031529792768068,-0.4310113119027647,-0.596600539213493,0.9639815611103627,0.4363143008359673,0.9824163284709746
-0.868553950490285,1.126246421477271,-0.46852128566581813,-0.4269262346731772,-0.3096617686426661,-0.3031529792768068,2.320124721519137,-0.596600539213493,0.9639815611103627,0.490979194167504,1.2714567581120524
1.151338957626657,-0.8879051519545104,-0.46852128566581813,-0.4269262346731772,-0.3096617686426661,-0.3031529792768068,-0.4310113119027647,-0.596600539213493,-1.037364240502847,-0.4874408738826603,0.09688908295633301
1.151338957626657,-0.8879051519545104,-0.46852128566581813,-0.4269262346731772,3.2293298729878037,-0.3031529792768068,-0.4310113119027647,1.6761634196950517,-1.037364240502847,0.4790720668766555,0.07949752427458633
-0.868553950490285,-0.8879051519545104,-0.46852128566581813,-0.4269262346731772,-0.3096617686426661,-0.3031529792768068,2.320124721519137,-0.596600539213493,0.9639815611103627,0.9236964389685759,-1.4492121333974894
1.151338957626657,-0.8879051519545104,-0.46852128566581813,2.342325017260945,-0.3096617686426661,-0.3031529792768068,-0.4310113119027647,-0.596600539213493,0.9639815611103627,0.44294520845378604,0.6296727302744373
1.151338957626657,-0.8879051519545104,-0.46852128566581813,-0.4269262346731772,-0.3096617686426661,3.2986645962892145,-0.4310113119027647,-0.596600539213493,0.9639815611103627,1.437082767715287,1.2694612898808255
-0.868553950490285,1.126246421477271,-0.46852128566581813,-0.4269262346731772,-0.3096617686426661,-0.3031529792768068,2.320124721519137,-0.596600539213493,0.9639815611103627,1.4169331765194502,-0.6760657744067451
-0.868553950490285,1.126246421477271,-0.46852128566581813,-0.4269262346731772,-0.3096617686426661,-0.3031529792768068,2.320124721519137,-0.596600539213493,0.9639815611103627,0.461297420369904,1.2792622821035056
-0.868553950490285,1.126246421477271,-0.46852128566581813,-0.4269262346731772,-0.3096617686426661,-0.3031529792768068,2.320124721519137,-0.596600539213493,-1.037364240502847,0.8843857596082411,-1.5185015866296767
1.151338957626657,-0.8879051519545104,-0.46852128566581813,-0.4269262346731772,-0.3096617686426661,3.2986645962892145,-0.4310113119027647,1.6761634196950517,-1.037364240502847,-0.5897681770201182,0.14348632707724804
-0.868553950490285,1.126246421477271,-0.46852128566581813,-0.4269262346731772,-0.3096617686426661,-0.3031529792768068,-0.4310113119027647,-0.596600539213493,0.9639815611103627,1.4521118467628829,-0.5103632491575533
-0.868553950490285,1.126246421477271,-0.46852128566581813,-0.4269262346731772,-0.3096617686426661,-0.3031529792768068,-0.4310113119027647,-0.596600539213493,0.9639815611103627,-1.5082048610082663,-0.5011619741675122
-0.868553950490285,1.126246421477271,-0.46852128566581813,-0.4269262346731772,-0.3096617686426661,-0.3031529792768068,-0.4310113119027647,-0.596600539213493,-1.037364240502847,-0.9033971208560239,-1.2435763557622694
1.151338957626657,-0.8879051519545104,-0.46852128566581813,-0.4269262346731772,-0.3096617686426661,3.2986645962892145,-0.4310113119027647,1.6761634196950517,-1.037364240502847,-0.15530386877060576,1.5372805170132704
-0.868553950490285,1.126246421477271,-0.46852128566581813,-0.4269262346731772,-0.3096617686426661,-0.3031529792768068,2.320124721519137,-0.596600539213493,0.9639815611103627,-1.3574186068585223,0.16013177111856639
-0.868553950490285,1.126246421477271,-0.46852128566581813,-0.4269262346731772,-0.3096617686426661,-0.3031529792768068,2.320124721519137,-0.596600539213493,0.9639815611103627,-0.7249531611789111,-1.285023438627428
1.151338957626657,-0.8879051519545104,-0.46852128566581813,2.342325017260945,-0.3096617686426661,-0.3031529792768068,-0.4310113119027647,1.6761634196950517,-1.037364240502847,0.4531322996347472,1.0182615212739485
-0.868553950490285,-0.8879051519545104,-0.46852128566581813,2.342325017260945,-0.3096617686426661,-0.3031529792768068,-0.4310113119027647,-0.596600539213493,0.9639815611103627,-0.5718853850442231,0.14834067078999724
-0.868553950490285,-0.8879051519545104,-0.46852128566581813,-0.4269262346731772,-0.3096617686426661,-0.3031529792768068,2.320124721519137,-0.596600539213493,0.9639815611103627,0.9390403082909201,-1.438173531897041
-0.868553950490285,1.126246421477271,-0.46852128566581813,-0.4269262346731772,-0.3096617686426661,-0.3031529792768068,-0.4310113119027647,-0.596600539213493,0.9639815611103627,-0.6080401744618471,-0.5963094956773223
-0.868553950490285,1.126246421477271,-0.46852128566581813,-0.4269262346731772,-0.3096617686426661,-0.3031529792768068,2.320124721519137,-0.596600539213493,-1.037364240502847,0.9729166395716745,-1.5529175943677007
1.151338957626657,-0.8879051519545104,-0.46852128566581813,2.342325017260945,-0.3096617686426661,-0.3031529792768068,-0.4310113119027647,1.6761634196950517,-1.037364240502847,-0.5412270652960273,1.5443356129071684
-0.868553950490285,1.126246421477271,-0.46852128566581813,-0.4269262346731772,-0.3096617686426661,-0.3031529792768068,-0.4310113119027647,-0.596600539213493,0.9639815611103627,-1.141786731128397,-0.9024546510257785
1.151338957626657,-0.8879051519545104,-0.46852128566581813,-0.4269262346731772,-0.3096617686426661,-0.3031529792768068,-0.4310113119027647,-0.596600539213493,0.9639815611103627,-1.018015455177061,-1.6215652394103242
-0.868553950490285,-0.8879051519545104,-0.46852128566581813,2.342325017260945,3.2293298729878037,-0.3031529792768068,-0.4310113119027647,1.6761634196950517,-1.037364240502847,-0.016741631798444873,1.0430275316624293
-0.868553950490285,1.126246421477271,-0.46852128566581813,-0.4269262346731772,-0.3096617686426661,-0.3031529792768068,-0.4310113119027647,-0.596600539213493,0.9639815611103627,0.535923050093256,0.9959063649490468
-0.868553950490285,-0.8879051519545104,-0.46852128566581813,-0.4269262346731772,-0.3096617686426661,-0.3031529792768068,-0.4310113119027647,-0.596600539213493,0.9639815611103627,1.5311942011476884,-0.5202775913083513
-0.868553950490285,1.126246421477271,-0.46852128566581813,-0.4269262346731772,-0.3096617686426661,-0.3031529792768068,-0.4310113119027647,-0.596600539213493,0.9639815611103627,-1.4101859946865467,-1.2849856521736955
1.151338957626657,-0.8879051519545104,2.1343747458109497,-0.4269262346731772,-0.3096617686426661,-0.3031529792768068,-0.4310113119027647,-0.596600539213493,0.9639815611103627,1.3863558048243574,1.3359849863284252
-0.868553950490285,1.126246421477271,-0.46852128566581813,-0.4269262346731772,-0.3096617686426661,-0.3031529792768068,2.320124721519137,-0.596600539213493,0.9639815611103627,0.32620963236087086,-1.4836320262272136
-0.868553950490285,1.126246421477271,-0.46852128566581813,-0.4269262346731772,-0.3096617686426661,-0.3031529792768068,-0.4310113119027647,-0.596600539213493,0.9639815611103627,-1.3847325259386183,-1.2221589171888787
1.151338957626657,-0.8879051519545104,-0.46852128566581813,-0.4269262346731772,-0.3096617686426661,-0.3031529792768068,-0.4310113119027647,-0.596600539213493,-1.037364240502847,-0.5367426071469554,0.14184918044094338
-0.868553950490285,1.126246421477271,-0.46852128566581813,-0.4269262346731772,-0.3096617686426661,-0.3031529792768068,-0.4310113119027647,-0.596600539213493,0.9639815611103627,-0.5941265016834083,-0.5476114317195628
1.151338957626657,-0.8879051519545104,-0.46852128566581813,2.342325017260945,-0.3096617686426661,-0.3031529792768068,-0.4310113119027647,-0.596600539213493,-1.037364240502847,0.928786707094527,0.627345014309802
-0.868553950490285,1.126246421477271,-0.46852128566581813,-0.4269262346731772,-0.3096617686426661,-0.3031529792768068,2.320124721519137,-0.596600539213493,0.9639815611103627,0.41392752037555,1.2466194247160336
1.151338957626657,-0.8879051519545104,-0.46852128566581813,2.342325017260945,-0.3096617686426661,-0.3031529792768068,-0.4310113119027647,1.6761634196950517,-1.037364240502847,0.4698094301958247,1.098584947290089
-0.868553950490285,1.126246421477271,-0.46852128566581813,-0.4269262346731772,-0.3096617686426661,-0.3031529792768068,2.320124721519137,-0.596600539213493,-1.037364240502847,0.9751395314352048,-1.528901481885422
1.151338957626657,-0.8879051519545104,-0.46852128566581813,2.342325017260945,-0.3096617686426661,-0.3031529792768068,-0.4310113119027647,-0.596600539213493,0.9639815611103627,0.430680113104485,0.6206731349361639
1.151338957626657,-0.8879051519545104,2.1343747458109497,-0.4269262346731772,-0.3096617686426661,3.2986645962892145,-0.4310113119027647,1.6761634196950517,-1.037364240502847,0.2351169491553157,1.4857730618113185
-0.868553950490285,1.126246421477271,-0.46852128566581813,-0.4269262346731772,-0.3096617686426661,-0.3031529792768068,2.320124721519137,-0.596600539213493,-1.037364240502847,0.9239756367486197,1.6973445864261805
1.151338957626657,-0.8879051519545104,2.1343747458109497,-0.4269262346731772,-0.3096617686426661,3.2986645962892145,-0.4310113119027647,1.6761634196950517,-1.037364240502847,0.25419582231359655,1.4815166748784994
1.151338957626657,-0.8879051519545104,-0.46852128566581813,-0.4269262346731772,3.2293298729878037,-0.3031529792768068,-0.4310113119027647,1.6761634196950517,-1.037364240502847,0.48881816250855326,0.1348009645227553
-0.868553950490285,1.126246421477271,-0.46852128566581813,-0.4269262346731772,-0.3096617686426661,-0.3031529792768068,-0.4310113119027647,-0.596600539213493,0.9639815611103627,-0.04569830521705521,-0.04019918625978994
-0.868553950490285,1.126246421477271,-0.46852128566581813,-0.4269262346731772,-0.3096617686426661,-0.3031529792768068,-0.4310113119027647,-0.596600539213493,0.9639815611103627,-0.5398872038223581,-0.744390369092164
1.151338957626657,-0.8879051519545104,-0.46852128566581813,-0.4269262346731772,-0.3096617686426661,3.2986645962892145,-0.4310113119027647,1.6761634196950517,-1.037364240502847,-0.18072830340374066,1.5303390677018218
-0.868553950490285,1.126246421477271,2.1343747458109497,-0.4269262346731772,-0.3096617686426661,-0.3031529792768068,-0.4310113119027647,-0.596600539213493,-1.037364240502847,0.4875386213598834,-0.5285828170130024
1.151338957626657,-0.8879051519545104,2.1343747458109497,-0.4269262346731772,-0.3096617686426661,3.2986645962892145,-0.4310113119027647,1.6761634196950517,-1.037364240502847,0.27528774168966247,1.5189259571493223
1.151338957626657,-0.8879051519545104,-0.46852128566581813,2.342325017260945,-0.3096617686426661,-0.3031529792768068,-0.4310113119027647,1.6761634196950517,-1.037364240502847,-0.06921190442253769,0.9905658117689358
-0.868553950490285,-0.8879051519545104,-0.46852128566581813,2.342325017260945,-0.3096617686426661,-0.3031529792768068,-0.4310113119027647,-0.596600539213493,0.9639815611103627,-0.5751193810623252,0.1283472667338958
-0.868553950490285,-0.8879051519545104,2.1343747458109497,-0.4269262346731772,-0.3096617686426661,-0.3031529792768068,-0.4310113119027647,-0.596600539213493,-1.037364240502847,-0.18912630449273407,-0.5538655841838536
-0.868553950490285,1.126246421477271,-0.46852128566581813,-0.4269262346731772,-0.3096617686426661,-0.3031529792768068,2.320124721519137,-0.596600539213493,0.9639815611103627,-0.75728720330364,-1.2461084477716726
-0.868553950490285,1.126246421477271,-0.46852128566581813,-0.4269262346731772,-0.3096617686426661,-0.3031529792768068,-0.4310113119027647,-0.596600539213493,0.9639815611103627,0.4857384145682949,1.0046695640612824
-0.868553950490285,1.126246421477271,-0.46852128566581813,-0.4269262346731772,-0.3096617686426661,-0.3031529792768068,-0.4310113119027647,-0.596600539213493,0.9639815611103627,-1.4559607782356028,-1.2930978647932794
-0.868553950490285,1.126246421477271,-0.46852128566581813,-0.4269262346731772,-0.3096617686426661,-0.3031529792768068,-0.4310113119027647,-0.596600539213493,0.9639815611103627,-1.3861892359494876,-1.2262453898557089
1.151338957626657,-0.8879051519545104,-0.46852128566581813,-0.4269262346731772,-0.3096617686426661,-0.3031529792768068,-0.4310113119027647,-0.596600539213493,0.9639815611103627,-0.7504633643268508,1.7431882275125554
-0.868553950490285,1.126246421477271,-0.46852128566581813,-0.4269262346731772,-0.3096617686426661,-0.3031529792768068,-0.4310113119027647,-0.596600539213493,0.9639815611103627,0.9391234077651535,0.18175283320790264
1.151338957626657,-0.8879051519545104,-0.46852128566581813,-0.4269262346731772,-0.3096617686426661,-0.3031529792768068,-0.4310113119027647,1.6761634196950517,-1.037364240502847,-0.168844503948663,1.5515267947706277
1.151338957626657,-0.8879051519545104,2.1343747458109497,-0.4269262346731772,-0.3096617686426661,-0.3031529792768068,-0.4310113119027647,1.6761634196950517,-1.037364240502847,1.7840583685675102,1.3229854895377202
-0.868553950490285,1.126246421477271,-0.46852128566581813,-0.4269262346731772,-0.3096617686426661,-0.3031529792768068,2.320124721519137,-0.596600539213493,-1.037364240502847,-1.3079840653470416,-1.265894861380754
1.151338957626657,1.126246421477271,-0.46852128566581813,-0.4269262346731772,-0.3096617686426661,-0.3031529792768068,2.320124721519137,-0.596600539213493,-1.037364240502847,0.47499244070544067,-0.5258299424559898
1.151338957626657,-0.8879051519545104,2.1343747458109497,2.342325017260945,-0.3096617686426661,3.2986645962892145,-0.4310113119027647,1.6761634196950517,-1.037364240502847,0.4567803129109266,0.56536378418296
-0.868553950490285,1.126246421477271,-0.46852128566581813,-0.4269262346731772,-0.3096617686426661,-0.3031529792768068,2.320124721519137,-0.596600539213493,-1.037364240502847,-1.3941508404701932,-1.2340852834628369
-0.868553950490285,-0.8879051519545104,-0.46852128566581813,-0.4269262346731772,-0.3096617686426661,-0.3031529792768068,-0.4310113119027647,-0.596600539213493,0.9639815611103627,-1.3484410540668659,-1.6085114405725092
-0.868553950490285,-0.8879051519545104,-0.46852128566581813,-0.4269262346731772,-0.3096617686426661,-0.3031529792768068,-0.4310113119027647,-0.596600539213493,-1.037364240502847,-1.652901133035105,-1.2693831647216676
-0.868553950490285,1.126246421477271,-0.46852128566581813,-0.4269262346731772,-0.3096617686426661,-0.3031529792768068,-0.4310113119027647,-0.596600539213493,0.9639815611103627,0.4159918888737457,-1.2430055140255443
-0.868553950490285,1.126246421477271,-0.46852128566581813,-0.4269262346731772,-0.3096617686426661,-0.3031529792768068,-0.4310113119027647,-0.596600539213493,-1.037364240502847,1.5808354874534474,0.07421144613121045
1.151338957626657,-0.8879051519545104,2.1343747458109497,2.342325017260945,3.2293298729878037,-0.3031529792768068,-0.4310113119027647,1.6761634196950517,-1.037364240502847,0.21220127500628325,0.6462466041723293
1.151338957626657,-0.8879051519545104,2.1343747458109497,-0.4269262346731772,3.2293298729878037,-0.3031529792768068,-0.4310113119027647,1.6761634196950517,-1.037364240502847,0.46300617214557455,0.6393985118380313
1.151338957626657,-0.8879051519545104,-0.46852128566581813,-0.4269262346731772,-0.3096617686426661,-0.3031529792768068,-0.4310113119027647,1.6761634196950517,-1.037364240502847,-0.17921707440993706,1.5622977219276752
-0.868553950490285,1.126246421477271,-0.46852128566581813,-0.4269262346731772,-0.3096617686426661,-0.3031529792768068,-0.4310113119027647,-0.596600539213493,0.9639815611103627,-1.524561430211966,-0.4951660174968941
1.151338957626657,-0.8879051519545104,-0.46852128566581813,2.342325017260945,-0.3096617686426661,-0.3031529792768068,-0.4310113119027647,1.6761634196950517,-1.037364240502847,0.4827612667410852,0.9863694934454232
-0.868553950490285,1.126246421477271,-0.46852128566581813,-0.4269262346731772,-0.3096617686426661,-0.3031529792768068,2.320124721519137,-0.596600539213493,0.9639815611103627,1.3188672461801443,-0.4901281454039453
-0.868553950490285,-0.8879051519545104,-0.46852128566581813,-0.4269262346731772,-0.3096617686426661,-0.3031529792768068,-0.4310113119027647,-0.596600539213493,-1.037364240502847,-1.652901133035105,-1.3134337409474173
1.151338957626657,-0.8879051519545104,-0.46852128566581813,-0.4269262346731772,3.2293298729878037,-0.3031529792768068,-0.4310113119027647,1.6761634196950517,-1.037364240502847,0.4641271437135068,0.15953970155330188
-0.868553950490285,1.126246421477271,-0.46852128566581813,-0.4269262346731772,-0.3096617686426661,-0.3031529792768068,2.320124721519137,-0.596600539213493,0.9639815611103627,1.3390359728893582,-0.5372537093945402
1.151338957626657,-0.8879051519545104,-0.46852128566581813,-0.4269262346731772,-0.3096617686426661,-0.3031529792768068,-0.4310113119027647,1.6761634196950517,-1.037364240502847,-0.5767753301286965,1.29804236754923
-0.868553950490285,1.126246421477271,-0.46852128566581813,-0.4269262346731772,-0.3096617686426661,-0.3031529792768068,-0.4310113119027647,-0.596600539213493,0.9639815611103627,-0.5779019383110839,-0.7916506544253893
1.151338957626657,-0.8879051519545104,-0.46852128566581813,2.342325017260945,-0.3096617686426661,-0.3031529792768068,-0.4310113119027647,-0.596600539213493,0.9639815611103627,0.4149623932696607,0.6332999776631113
-0.868553950490285,1.126246421477271,-0.46852128566581813,-0.4269262346731772,-0.3096617686426661,-0.3031529792768068,2.320124721519137,-0.596600539213493,-1.037364240502847,-1.5173995498150177,-1.30300417112674
-0.868553950490285,1.126246421477271,-0.46852128566581813,-0.4269262346731772,-0.3096617686426661,-0.3031529792768068,-0.4310113119027647,-0.596600539213493,0.9639815611103627,-1.4415089770428497,-1.2531251015865836
-0.868553950490285,1.126246421477271,-0.46852128566581813,-0.4269262346731772,-0.3096617686426661,-0.3031529792768068,-0.4310113119027647,-0.596600539213493,0.9639815611103627,-0.04452182912245657,-0.04443768027973846
-0.868553950490285,1.126246421477271,-0.46852128566581813,-0.4269262346731772,-0.3096617686426661,-0.3031529792768068,-0.4310113119027647,-0.596600539213493,-1.037364240502847,-1.1650836927455943,-1.2859342498198867
1.151338957626657,-0.8879051519545104,-0.46852128566581813,-0.4269262346731772,-0.3096617686426661,-0.3031529792768068,-0.4310113119027647,1.6761634196950517,-1.037364240502847,-0.14102890036054097,1.5359340459523454
1.151338957626657,-0.8879051519545104,2.1343747458109497,-0.4269262346731772,3.2293298729878037,-0.3031529792768068,-0.4310113119027647,1.6761634196950517,-1.037364240502847,0.5090889708854504,0.5824514876179432
-0.868553950490285,1.126246421477271,-0.46852128566581813,-0.4269262346731772,-0.3096617686426661,-0.3031529792768068,2.320124721519137,-0.596600539213493,0.9639815611103627,-0.7611033502977899,-1.2716699278995562
1.151338957626657,-0.8879051519545104,2.1343747458109497,-0.4269262346731772,-0.3096617686426661,-0.3031529792768068,-0.4310113119027647,1.6761634196950517,-1.037364240502847,1.743360821184446,1.3181956721508392
-0.868553950490285,1.126246421477271,2.1343747458109497,-0.4269262346731772,-0.3096617686426661,-0.3031529792768068,-0.4310113119027647,-0.596600539213493,-1.037364240502847,0.4724361253036255,-0.5106492966893053
1.151338957626657,-0.8879051519545104,2.1343747458109497,-0.4269262346731772,-0.3096617686426661,-0.3031529792768068,-0.4310113119027647,-0.596600539213493,0.9639815611103627,-0.6531649762198258,0.1275991473283847
-0.868553950490285,1.126246421477271,-0.46852128566581813,-0.4269262346731772,-0.3096617686426661,-0.3031529792768068,-0.4310113119027647,-0.596600539213493,0.9639815611103627,-0.013527741730016543,-0.09031936588849786
-0.868553950490285,1.126246421477271,-0.46852128566581813,-0.4269262346731772,-0.3096617686426661,-0.3031529792768068,2.320124721519137,-0.596600539213493,0.9639815611103627,1.5533605486568516,-0.03435172528654714
1.151338957626657,-0.8879051519545104,-0.46852128566581813,-0.4269262346731772,-0.3096617686426661,-0.3031529792768068,-0.4310113119027647,-0.596600539213493,0.9639815611103627,-0.9750113035267995,-1.3795814432727966
1.151338957626657,-0.8879051519545104,2.1343747458109497,-0.4269262346731772,-0.3096617686426661,-0.3031529792768068,-0.4310113119027647,-0.596600539213493,0.9639815611103627,-0.6445737735639405,0.1459562229070718
-0.868553950490285,-0.8879051519545104,-0.46852128566581813,2.342325017260945,3.2293298729878037,-0.3031529792768068,-0.4310113119027647,1.6761634196950517,-1.037364240502847,-0.039513934117081095,1.0185009962877358
1.151338957626657,1.126246421477271,-0.46852128566581813,-0.4269262346731772,-0.3096617686426661,-0.3031529792768068,2.320124721519137,-0.596600539213493,-1.037364240502847,0.4699069055118328,-0.5524754855463244
-0.868553950490285,1.126246421477271,-0.46852128566581813,-0.4269262346731772,-0.3096617686426661,-0.3031529792768068,2.320124721519137,-0.596600539213493,-1.037364240502847,-1.546431970705272,-1.339514095414497
-0.868553950490285,-0.8879051519545104,-0.46852128566581813,2.342325017260945,-0.3096617686426661,-0.3031529792768068,-0.4310113119027647,-0.596600539213493,0.9639815611103627,-0.5571906455749424,0.15682234181165017
1.151338957626657,-0.8879051519545104,-0.46852128566581813,2.342325017260945,-0.3096617686426661,-0.3031529792768068,-0.4310113119027647,1.6761634196950517,-1.037364240502847,-0.016615699712539633,1.0813083874473148
1.151338957626657,-0.8879051519545104,-0.46852128566581813,-0.4269262346731772,3.2293298729878037,-0.3031529792768068,-0.4310113119027647,1.6761634196950517,-1.037364240502847,0.44809441190300847,0.13572487741967348
-0.868553950490285,-0.8879051519545104,-0.46852128566581813,2.342325017260945,-0.3096617686426661,-0.3031529792768068,-0.4310113119027647,-0.596600539213493,0.9639815611103627,-0.55992654329903,0.14479428297046804
1.151338957626657,-0.8879051519545104,-0.46852128566581813,-0.4269262346731772,3.2293298729878037,-0.3031529792768068,-0.4310113119027647,1.6761634196950517,-1.037364240502847,0.4176817226550318,0.12424771108771705
-0.868553950490285,1.126246421477271,-0.46852128566581813,-0.4269262346731772,-0.3096617686426661,-0.3031529792768068,2.320124721519137,-0.596600539213493,-1.037364240502847,0.9141261412983628,-1.5212885440371422
-0.868553950490285,1.126246421477271,-0.46852128566581813,-0.4269262346731772,-0.3096617686426661,-0.3031529792768068,2.320124721519137,-0.596600539213493,0.9639815611103627,1.5620067280267442,-0.10905127839374672
-0.868553950490285,1.126246421477271,-0.46852128566581813,-0.4269262346731772,-0.3096617686426661,-0.3031529792768068,-0.4310113119027647,-0.596600539213493,0.9639815611103627,1.6761980778852543,-0.8820601934984847
1.151338957626657,-0.8879051519545104,-0.46852128566581813,2.342325017260945,-0.3096617686426661,-0.3031529792768068,-0.4310113119027647,1.6761634196950517,-1.037364240502847,-0.5535612188268929,1.6209693897233357
-0.868553950490285,1.126246421477271,-0.46852128566581813,-0.4269262346731772,-0.3096617686426661,-0.3031529792768068,-0.4310113119027647,-0.596600539213493,0.9639815611103627,0.5081400059676893,0.9813889692152163
-0.868553950490285,1.126246421477271,-0.46852128566581813,-0.4269262346731772,-0.3096617686426661,-0.3031529792768068,-0.4310113119027647,-0.596600539213493,-1.037364240502847,-1.0958058806572368,-1.2448880857895652
-0.868553950490285,1.126246421477271,-0.46852128566581813,-0.4269262346731772,-0.3096617686426661,-0.3031529792768068,-0.4310113119027647,-0.596600539213493,-1.037364240502847,-0.7324203330488337,-0.6835478667328323
-0.868553950490285,1.126246421477271,-0.46852128566581813,-0.4269262346731772,-0.3096617686426661,-0.3031529792768068,-0.4310113119027647,-0.596600539213493,0.9639815611103627,0.4543452946846188,0.9992367073648817
1.151338957626657,-0.8879051519545104,2.1343747458109497,-0.4269262346731772,3.2293298729878037,-0.3031529792768068,-0.4310113119027647,1.6761634196950517,-1.037364240502847,0.48268528651560805,0.6159611065824869
-0.868553950490285,1.126246421477271,-0.46852128566581813,-0.4269262346731772,-0.3096617686426661,-0.3031529792768068,-0.4310113119027647,-0.596600539213493,0.9639815611103627,0.9389505897677265,0.11288446834318838
1.151338957626657,-0.8879051519545104,2.1343747458109497,2.342325017260945,3.2293298729878037,-0.3031529792768068,-0.4310113119027647,1.6761634196950517,-1.037364240502847,0.4722639394978421,1.0527514472222488
-0.868553950490285,-0.8879051519545104,-0.46852128566581813,-0.4269262346731772,-0.3096617686426661,-0.3031529792768068,-0.4310113119027647,-0.596600539213493,0.9639815611103627,1.5869954271056812,-0.5813933127272735
-0.868553950490285,1.126246421477271,-0.46852128566581813,-0.4269262346731772,-0.3096617686426661,-0.3031529792768068,2.320124721519137,-0.596600539213493,-1.037364240502847,-1.3561662630262692,-1.2240506596740945
1.151338957626657,-0.8879051519545104,-0.46852128566581813,2.342325017260945,-0.3096617686426661,-0.3031529792768068,-0.4310113119027647,-0.596600539213493,0.9639815611103627,-0.23407403355421805,0.5987943885985159
1.151338957626657,-0.8879051519545104,-0.46852128566581813,-0.4269262346731772,-0.3096617686426661,-0.3031529792768068,-0.4310113119027647,1.6761634196950517,-1.037364240502847,-0.05293881823975107,-0.4507499127991353
-0.868553950490285,1.126246421477271,-0.46852128566581813,-0.4269262346731772,-0.3096617686426661,-0.3031529792768068,2.320124721519137,-0.596600539213493,0.9639815611103627,1.320750587961363,-0.536577808256816
-0.868553950490285,1.126246421477271,-0.46852128566581813,-0.4269262346731772,-0.3096617686426661,-0.3031529792768068,-0.4310113119027647,-0.596600539213493,0.9639815611103627,-0.5753923459496282,-0.7777260606088369
1.151338957626657,-0.8879051519545104,-0.46852128566581813,-0.4269262346731772,-0.3096617686426661,-0.3031529792768068,-0.4310113119027647,-0.596600539213493,0.9639815611103627,-0.727480763558776,1.7432152947519948
-0.868553950490285,1.126246421477271,-0.46852128566581813,-0.4269262346731772,-0.3096617686426661,-0.3031529792768068,-0.4310113119027647,-0.596600539213493,0.9639815611103627,1.3945916846203297,-0.5699975977071373
-0.868553950490285,-0.8879051519545104,-0.46852128566581813,2.342325017260945,-0.3096617686426661,-0.3031529792768068,-0.4310113119027647,-0.596600539213493,0.9639815611103627,-0.5447972409748475,0.12447836337614424
-0.868553950490285,1.126246421477271,-0.46852128566581813,-0.4269262346731772,-0.3096617686426661,-0.3031529792768068,-0.4310113119027647,-0.596600539213493,-1.037364240502847,-0.9199021921979014,-1.2602242619442534
1.151338957626657,-0.8879051519545104,-0.46852128566581813,-0.4269262346731772,-0.3096617686426661,-0.3031529792768068,-0.4310113119027647,-0.596600539213493,0.9639815611103627,-0.8902000681000766,-1.4058958562281327
-0.868553950490285,-0.8879051519545104,2.1343747458109497,-0.4269262346731772,-0.3096617686426661,-0.3031529792768068,2.320124721519137,-0.596600539213493,-1.037364240502847,-1.0541116063822724,-0.6978833319982148
1.151338957626657,-0.8879051519545104,2.1343747458109497,-0.4269262346731772,3.2293298729878037,-0.3031529792768068,-0.4310113119027647,1.6761634196950517,-1.037364240502847,0.9200075995842543,-0.13712538650947334
1.151338957626657,-0.8879051519545104,2.1343747458109497,-0.4269262346731772,3.2293298729878037,-0.3031529792768068,-0.4310113119027647,1.6761634196950517,-1.037364240502847,0.9893184842011957,-0.1680714613645688
1.151338957626657,-0.8879051519545104,2.1343747458109497,2.342325017260945,3.2293298729878037,-0.3031529792768068,-0.4310113119027647,1.6761634196950517,-1.037364240502847,0.28073024471963776,0.5914220051185445
1.151338957626657,-0.8879051519545104,2.1343747458109497,-0.4269262346731772,-0.3096617686426661,3.2986645962892145,-0.4310113119027647,1.6761634196950517,-1.037364240502847,0.2142392727653235,1.5058050870009314
1.151338957626657,-0.8879051519545104,-0.46852128566581813,2.342325017260945,-0.3096617686426661,-0.3031529792768068,-0.4310113119027647,1.6761634196950517,-1.037364240502847,-0.5355752285641668,1.5528164026789448
1.151338957626657,-0.8879051519545104,-0.46852128566581813,-0.4269262346731772,-0.3096617686426661,3.2986645962892145,-0.4310113119027647,1.6761634196950517,-1.037364240502847,-0.1342385716320212,1.5800658244083903
1.151338957626657,-0.8879051519545104,-0.46852128566581813,2.342325017260945,-0.3096617686426661,-0.3031529792768068,-0.4310113119027647,-0.596600539213493,-1.037364240502847,1.8432197430083486,0.5976180522812197
-0.868553950490285,1.126246421477271,-0.46852128566581813,-0.4269262346731772,-0.3096617686426661,-0.3031529792768068,-0.4310113119027647,-0.596600539213493,0.9639815611103627,-0.9355710199897439,-0.49407063084568176
1.151338957626657,-0.8879051519545104,-0.46852128566581813,-0.4269262346731772,3.2293298729878037,-0.3031529792768068,-0.4310113119027647,1.6761634196950517,-1.037364240502847,0.47733902880874063,0.08818583602176774
1.151338957626657,-0.8879051519545104,-0.46852128566581813,-0.4269262346731772,-0.3096617686426661,3.2986645962892145,-0.4310113119027647,1.6761634196950517,-1.037364240502847,-0.6007034215688007,1.0321134666705778
-0.868553950490285,1.126246421477271,-0.46852128566581813,-0.4269262346731772,-0.3096617686426661,-0.3031529792768068,-0.4310113119027647,-0.596600539213493,0.9639815611103627,-1.4484426222717446,-1.2193432253291252
-0.868553950490285,1.126246421477271,-0.46852128566581813,-0.4269262346731772,-0.3096617686426661,-0.3031529792768068,-0.4310113119027647,-0.596600539213493,0.9639815611103627,-1.2193058697465256,-1.5028777359200787
-0.868553950490285,-0.8879051519545104,-0.46852128566581813,-0.4269262346731772,-0.3096617686426661,-0.3031529792768068,-0.4310113119027647,-0.596600539213493,0.9639815611103627,1.5584868999740635,-0.517352089154609
-0.868553950490285,1.126246421477271,-0.46852128566581813,-0.4269262346731772,-0.3096617686426661,-0.3031529792768068,-0.4310113119027647,-0.596600539213493,0.9639815611103627,0.9272033878153383,0.10713635130395863
-0.868553950490285,1.126246421477271,-0.46852128566581813,-0.4269262346731772,-0.3096617686426661,-0.3031529792768068,-0.4310113119027647,-0.596600539213493,0.9639815611103627,-1.4423638456298906,-1.2400039535818235
-0.868553950490285,1.126246421477271,-0.46852128566581813,-0.4269262346731772,-0.3096617686426661,-0.3031529792768068,-0.4310113119027647,-0.596600539213493,0.9639815611103627,-0.9861817642088693,1.7071808469767646
-0.868553950490285,1.126246421477271,-0.46852128566581813,-0.4269262346731772,-0.3096617686426661,-0.3031529792768068,2.320124721519137,-0.596600539213493,-1.037364240502847,0.9437969797343032,-1.5373427571811664
1.151338957626657,-0.8879051519545104,2.1343747458109497,2.342325017260945,3.2293298729878037,-0.3031529792768068,-0.4310113119027647,1.6761634196950517,-1.037364240502847,0.4364392572465884,1.0490437162282618
-0.868553950490285,1.126246421477271,-0.46852128566581813,-0.4269262346731772,-0.3096617686426661,-0.3031529792768068,2.320124721519137,-0.596600539213493,0.9639815611103627,0.3344336690186312,-1.4594385858048893
-0.868553950490285,1.126246421477271,-0.46852128566581813,-0.4269262346731772,-0.3096617686426661,-0.3031529792768068,-0.4310113119027647,-0.596600539213493,0.9639815611103627,-0.0265913614940147,-0.053265889250793716
1.151338957626657,-0.8879051519545104,-0.46852128566581813,-0.4269262346731772,-0.3096617686426661,-0.3031529792768068,-0.4310113119027647,1.6761634196950517,-1.037364240502847,-0.6144088913048551,1.3475634425111036
1.151338957626657,-0.8879051519545104,2.1343747458109497,-0.4269262346731772,-0.3096617686426661,-0.3031529792768068,-0.4310113119027647,1.6761634196950517,-1.037364240502847,1.7767276682261761,1.3340616419132814
-0.868553950490285,-0.8879051519545104,2.1343747458109497,-0.4269262346731772,-0.3096617686426661,-0.3031529792768068,2.320124721519137,-0.596600539213493,-1.037364240502847,-1.0259184764675495,-0.7014430924068761
1.151338957626657,-0.8879051519545104,-0.46852128566581813,-0.4269262346731772,-0.3096617686426661,-0.3031529792768068,-0.4310113119027647,1.6761634196950517,-1.037364240502847,-0.1313049761693858,1.5079960384609479
-0.868553950490285,1.126246421477271,-0.46852128566581813,-0.4269262346731772,-0.3096617686426661,-0.3031529792768068,-0.4310113119027647,-0.596600539213493,0.9639815611103627,-0.01261405706401611,-0.02905487608048461
-0.868553950490285,1.126246421477271,-0.46852128566581813,-0.4269262346731772,-0.3096617686426661,-0.3031529792768068,2.320124721519137,-0.596600539213493,0.9639815611103627,1.594065480410121,-0.14045286120041575
-0.868553950490285,1.126246421477271,-0.46852128566581813,-0.4269262346731772,-0.3096617686426661,-0.3031529792768068,2.320124721519137,-0.596600539213493,0.9639815611103627,1.2530460057933466,-0.48202131849679264
1.151338957626657,-0.8879051519545104,-0.46852128566581813,-0.4269262346731772,-0.3096617686426661,3.2986645962892145,-0.4310113119027647,-0.596600539213493,0.9639815611103627,1.4457194437890617,1.2956432494663443
-0.868553950490285,1.126246421477271,-0.46852128566581813,-0.4269262346731772,-0.3096617686426661,-0.3031529792768068,-0.4310113119027647,-0.596600539213493,0.9639815611103627,0.38424023854341777,-1.261798251714314
1.151338957626657,-0.8879051519545104,-0.46852128566581813,-0.4269262346731772,-0.3096617686426661,3.2986645962892145,-0.4310113119027647,-0.596600539213493,0.9639815611103627,1.4394206656779367,1.3001820174813101
1.151338957626657,-0.8879051519545104,-0.46852128566581813,2.342325017260945,-0.3096617686426661,-0.3031529792768068,-0.4310113119027647,1.6761634196950517,-1.037364240502847,-0.5759192669362837,1.575395460943039
-0.868553950490285,1.126246421477271,-0.46852128566581813,-0.4269262346731772,-0.3096617686426661,-0.3031529792768068,-0.4310113119027647,-0.596600539213493,0.9639815611103627,0.3953432579028878,-1.2703409980122058
1.151338957626657,-0.8879051519545104,-0.46852128566581813,-0.4269262346731772,3.2293298729878037,-0.3031529792768068,-0.4310113119027647,1.6761634196950517,-1.037364240502847,0.48351543969573113,0.14170086078952387
1.151338957626657,-0.8879051519545104,-0.46852128566581813,-0.4269262346731772,-0.3096617686426661,3.2986645962892145,-0.4310113119027647,1.6761634196950517,-1.037364240502847,-0.6019468862896993,1.0075472852036056
1.151338957626657,1.126246421477271,-0.46852128566581813,-0.4269262346731772,-0.3096617686426661,-0.3031529792768068,2.320124721519137,-0.596600539213493,-1.037364240502847,0.47148832831964915,-0.5445713388299654
1.151338957626657,-0.8879051519545104,-0.46852128566581813,-0.4269262346731772,-0.3096617686426661,-0.3031529792768068,-0.4310113119027647,1.6761634196950517,-1.037364240502847,-0.6046510652796928,1.3743019653338773
-0.868553950490285,1.126246421477271,-0.46852128566581813,-0.4269262346731772,-0.3096617686426661,-0.3031529792768068,-0.4310113119027647,-0.596600539213493,0.9639815611103627,1.6546330116425503,-0.9044141594789806
-0.868553950490285,-0.8879051519545104,2.1343747458109497,-0.4269262346731772,-0.3096617686426661,-0.3031529792768068,-0.4310113119027647,-0.596600539213493,-1.037364240502847,-0.2453665418602842,-0.5512273364153704
-0.868553950490285,1.126246421477271,-0.46852128566581813,-0.4269262346731772,-0.3096617686426661,-0.3031529792768068,-0.4310113119027647,-0.596600539213493,0.9639815611103627,-0.9478340256063464,1.7504397929374764
1.151338957626657,-0.8879051519545104,-0.46852128566581813,2.342325017260945,-0.3096617686426661,-0.3031529792768068,-0.4310113119027647,-0.596600539213493,0.9639815611103627,0.4326036896155167,0.6161755049993323
1.151338957626657,-0.8879051519545104,-0.46852128566581813,-0.4269262346731772,-0.3096617686426661,-0.3031529792768068,-0.4310113119027647,1.6761634196950517,-1.037364240502847,-0.1096609880725123,1.549141436735837
1.151338957626657,-0.8879051519545104,-0.46852128566581813,-0.4269262346731772,-0.3096617686426661,-0.3031529792768068,-0.4310113119027647,-0.596600539213493,0.9639815611103627,-0.905986233089333,-1.4124088498479341
1.151338957626657,-0.8879051519545104,-0.46852128566581813,2.342325017260945,-0.3096617686426661,-0.3031529792768068,-0.4310113119027647,-0.596600539213493,0.9639815611103627,-0.27164112353583175,0.6323983088599109
-0.868553950490285,1.126246421477271,-0.46852128566581813,-0.4269262346731772,-0.3096617686426661,-0.3031529792768068,-0.4310113119027647,-0.596600539213493,0.9639815611103627,-1.0965083039450076,-0.907193721762236
-0.868553950490285,1.126246421477271,-0.46852128566581813,-0.4269262346731772,-0.3096617686426661,-0.3031529792768068,2.320124721519137,-0.596600539213493,0.9639815611103627,-0.7392305107814708,-1.2542654501016444
1.151338957626657,-0.8879051519545104,-0.46852128566581813,-0.4269262346731772,-0.3096617686426661,-0.3031529792768068,-0.4310113119027647,-0.596600539213493,0.9639815611103627,-1.2326547626777606,-1.3498890920717754
-0.868553950490285,1.126246421477271,-0.46852128566581813,-0.4269262346731772,-0.3096617686426661,-0.3031529792768068,-0.4310113119027647,-0.596600539213493,0.9639815611103627,-1.4735059822462853,-0.501545332773344
1.151338957626657,-0.8879051519545104,-0.46852128566581813,-0.4269262346731772,-0.3096617686426661,-0.3031529792768068,-0.4310113119027647,1.6761634196950517,-1.037364240502847,-0.12740030030338662,1.6036656889044363
-0.868553950490285,1.126246421477271,2.1343747458109497,-0.4269262346731772,-0.3096617686426661,-0.3031529792768068,-0.4310113119027647,-0.596600539213493,-1.037364240502847,0.4638585628462981,-0.4964408925757875
1.151338957626657,-0.8879051519545104,-0.46852128566581813,-0.4269262346731772,3.2293298729878037,-0.3031529792768068,-0.4310113119027647,1.6761634196950517,-1.037364240502847,0.4513805202435615,0.11522004302275578
-0.868553950490285,1.126246421477271,-0.46852128566581813,-0.4269262346731772,-0.3096617686426661,-0.3031529792768068,-0.4310113119027647,-0.596600539213493,-1.037364240502847,-0.8384221095411908,-1.2532841635443737
1.151338957626657,-0.8879051519545104,-0.46852128566581813,2.342325017260945,-0.3096617686426661,-0.3031529792768068,-0.4310113119027647,1.6761634196950517,-1.037364240502847,-0.0243501258504431,1.0038098999159701
-0.868553950490285,1.126246421477271,-0.46852128566581813,-0.4269262346731772,-0.3096617686426661,-0.3031529792768068,-0.4310113119027647,-0.596600539213493,-1.037364240502847,-1.1403483145014466,-1.2447772692771746
-0.868553950490285,-0.8879051519545104,-0.46852128566581813,-0.4269262346731772,-0.3096617686426661,-0.3031529792768068,-0.4310113119027647,-0.596600539213493,-1.037364240502847,-1.652901133035105,-1.2322593152902794
1.151338957626657,-0.8879051519545104,-0.46852128566581813,-0.4269262346731772,-0.3096617686426661,-0.3031529792768068,-0.4310113119027647,-0.596600539213493,0.9639815611103627,1.2174788620018904,0.6381641599613355
-0.868553950490285,1.126246421477271,-0.46852128566581813,-0.4269262346731772,-0.3096617686426661,-0.3031529792768068,-0.4310113119027647,-0.596600539213493,0.9639815611103627,-1.4986633424998221,-0.537571400960809
-0.868553950490285,-0.8879051519545104,-0.46852128566581813,-0.4269262346731772,-0.3096617686426661,-0.3031529792768068,-0.4310113119027647,-0.596600539213493,0.9639815611103627,-1.2878097056041677,-1.5857809326142758
1.151338957626657,-0.8879051519545104,-0.46852128566581813,-0.4269262346731772,-0.3096617686426661,-0.3031529792768068,-0.4310113119027647,-0.596600539213493,0.9639815611103627,-0.6829473157048461,1.7504397929374764
1.151338957626657,-0.8879051519545104,-0.46852128566581813,2.342325017260945,-0.3096617686426661,-0.3031529792768068,-0.4310113119027647,-0.596600539213493,0.9639815611103627,-0.22744178234182558,0.6617096281858663
1.151338957626657,-0.8879051519545104,-0.46852128566581813,2.342325017260945,-0.3096617686426661,-0.3031529792768068,-0.4310113119027647,-0.596600539213493,-1.037364240502847,1.837070038281963,0.6735168057400887
-0.868553950490285,1.126246421477271,-0.46852128566581813,-0.4269262346731772,-0.3096617686426661,-0.3031529792768068,-0.4310113119027647,-0.596600539213493,0.9639815611103627,-1.550651042393268,-0.47772886961606903
-0.868553950490285,1.126246421477271,-0.46852128566581813,-0.4269262346731772,-0.3096617686426661,-0.3031529792768068,-0.4310113119027647,-0.596600539213493,0.9639815611103627,1.731234578843218,-0.927297545410663
-0.868553950490285,1.126246421477271,-0.46852128566581813,-0.4269262346731772,-0.3096617686426661,-0.3031529792768068,2.320124721519137,-0.596600539213493,-1.037364240502847,0.9407224442502523,-1.5438681259263691
1.151338957626657,-0.8879051519545104,-0.46852128566581813,2.342325017260945,-0.3096617686426661,-0.3031529792768068,-0.4310113119027647,1.6761634196950517,-1.037364240502847,0.40942034067416627,1.030946868093711
-0.868553950490285,1.126246421477271,-0.46852128566581813,-0.4269262346731772,-0.3096617686426661,-0.3031529792768068,2.320124721519137,-0.596600539213493,0.9639815611103627,1.3329888177462572,-0.5027342268427625
1.151338957626657,-0.8879051519545104,-0.46852128566581813,-0.4269262346731772,-0.3096617686426661,3.2986645962892145,-0.4310113119027647,1.6761634196950517,-1.037364240502847,-0.17423872156154116,1.5461118168099428
-0.868553950490285,-0.8879051519545104,-0.46852128566581813,2.342325017260945,-0.3096617686426661,-0.3031529792768068,-0.4310113119027647,-0.596600539213493,0.9639815611103627,-0.5793587663773829,0.11446536537189589
-0.868553950490285,1.126246421477271,-0.46852128566581813,-0.4269262346731772,-0.3096617686426661,-0.3031529792768068,-0.4310113119027647,-0.596600539213493,0.9639815611103627,-0.014156382007709106,-0.018644098122287997
1.151338957626657,-0.8879051519545104,-0.46852128566581813,2.342325017260945,-0.3096617686426661,-0.3031529792768068,-0.4310113119027647,1.6761634196950517,-1.037364240502847,0.44638393367031715,1.0054932636479297
1.151338957626657,-0.8879051519545104,-0.46852128566581813,-0.4269262346731772,3.2293298729878037,-0.3031529792768068,-0.4310113119027647,1.6761634196950517,-1.037364240502847,0.4702280734608742,0.11921662916439878
1.151338957626657,-0.8879051519545104,-0.46852128566581813,-0.4269262346731772,-0.3096617686426661,-0.3031529792768068,-0.4310113119027647,-0.596600539213493,0.9639815611103627,-1.2488000005025277,-1.2943148763421468
-0.868553950490285,-0.8879051519545104,-0.46852128566581813,-0.4269262346731772,-0.3096617686426661,-0.3031529792768068,-0.4310113119027647,-0.596600539213493,-1.037364240502847,-1.6265541349737254,0.08502957853789107
-0.868553950490285,-0.8879051519545104,2.1343747458109497,-0.4269262346731772,-0.3096617686426661,-0.3031529792768068,-0.4310113119027647,-0.596600539213493,0.9639815611103627,1.7678197334315089,1.0204030902269674
1.151338957626657,-0.8879051519545104,-0.46852128566581813,-0.4269262346731772,-0.3096617686426661,-0.3031529792768068,-0.4310113119027647,-0.596600539213493,0.9639815611103627,-0.9805453184306053,0.14414735633350553
-0.868553950490285,-0.8879051519545104,2.1343747458109497,-0.4269262346731772,-0.3096617686426661,-0.3031529792768068,-0.4310113119027647,-0.596600539213493,0.9639815611103627,1.7674715158702237,1.0279142860794603
-0.868553950490285,1.126246421477271,-0.46852128566581813,-0.4269262346731772,-0.3096617686426661,-0.3031529792768068,2.320124721519137,-0.596600539213493,0.9639815611103627,0.36588116698770917,-1.3954943817707306
-0.868553950490285,1.126246421477271,-0.46852128566581813,-0.4269262346731772,-0.3096617686426661,-0.3031529792768068,2.320124721519137,-0.596600539213493,0.9639815611103627,1.3469852725575904,-0.5625231329509439
1.151338957626657,-0.8879051519545104,-0.46852128566581813,2.342325017260945,-0.3096617686426661,-0.3031529792768068,-0.4310113119027647,-0.596600539213493,0.9639815611103627,0.3972835236330465,0.6362030013764974
1.151338957626657,-0.8879051519545104,2.1343747458109497,-0.4269262346731772,-0.3096617686426661,3.2986645962892145,-0.4310113119027647,1.6761634196950517,-1.037364240502847,0.1933415628282088,1.4884477134817748
-0.868553950490285,1.126246421477271,-0.46852128566581813,-0.4269262346731772,-0.3096617686426661,-0.3031529792768068,-0.4310113119027647,-0.596600539213493,0.9639815611103627,-0.6082903052735895,-0.738005225349299
-0.868553950490285,1.126246421477271,-0.46852128566581813,-0.4269262346731772,-0.3096617686426661,-0.3031529792768068,-0.4310113119027647,-0.596600539213493,0.9639815611103627,-0.5704583087464905,-0.5983716344550265
-0.868553950490285,-0.8879051519545104,-0.46852128566581813,-0.4269262346731772,-0.3096617686426661,-0.3031529792768068,-0.4310113119027647,-0.596600539213493,-1.037364240502847,-1.6186890586142098,0.12536220674701884
1.151338957626657,-0.8879051519545104,2.1343747458109497,-0.4269262346731772,3.2293298729878037,-0.3031529792768068,-0.4310113119027647,1.6761634196950517,-1.037364240502847,0.9272333826608584,-0.08275339729657595
1.151338957626657,-0.8879051519545104,-0.46852128566581813,-0.4269262346731772,-0.3096617686426661,3.2986645962892145,-0.4310113119027647,-0.596600539213493,0.9639815611103627,1.415482508450449,1.288726993252038
-0.868553950490285,1.126246421477271,-0.46852128566581813,-0.4269262346731772,-0.3096617686426661,-0.3031529792768068,2.320124721519137,-0.596600539213493,0.9639815611103627,0.3455622758759559,-1.5044197706069435
1.151338957626657,-0.8879051519545104,-0.46852128566581813,-0.4269262346731772,-0.3096617686426661,-0.3031529792768068,-0.4310113119027647,-0.596600539213493,0.9639815611103627,-0.9852719606804419,0.15691530658761055
-0.868553950490285,1.126246421477271,-0.46852128566581813,-0.4269262346731772,-0.3096617686426661,-0.3031529792768068,-0.4310113119027647,-0.596600539213493,0.9639815611103627,-1.4298652239032972,-1.2384680466268172
-0.868553950490285,1.126246421477271,-0.46852128566581813,-0.4269262346731772,-0.3096617686426661,-0.3031529792768068,-0.4310113119027647,-0.596600539213493,0.9639815611103627,-1.1585589047942286,-0.885069132852563
-0.868553950490285,1.126246421477271,-0.46852128566581813,-0.4269262346731772,-0.3096617686426661,-0.3031529792768068,-0.4310113119027647,-0.596600539213493,0.9639815611103627,-1.4461969578985392,-1.2572449581350236
1.151338957626657,-0.8879051519545104,-0.46852128566581813,2.342325017260945,-0.3096617686426661,-0.3031529792768068,-0.4310113119027647,-0.596600539213493,-1.037364240502847,-1.554538820561429,-0.6627937515494807
1.151338957626657,-0.8879051519545104,2.1343747458109497,-0.4269262346731772,-0.3096617686426661,3.2986645962892145,-0.4310113119027647,1.6761634196950517,-1.037364240502847,0.9402842612575367,1.3438990517425045
-0.868553950490285,-0.8879051519545104,-0.46852128566581813,-0.4269262346731772,-0.3096617686426661,-0.3031529792768068,-0.4310113119027647,-0.596600539213493,0.9639815611103627,1.5373456064231688,-0.5180490573230183
-0.868553950490285,1.126246421477271,-0.46852128566581813,-0.4269262346731772,-0.3096617686426661,-0.3031529792768068,-0.4310113119027647,-0.596600539213493,0.9639815611103627,-1.1074994283566033,-0.902571790420959
1.151338957626657,1.126246421477271,-0.46852128566581813,-0.4269262346731772,-0.3096617686426661,-0.3031529792768068,2.320124721519137,-0.596600539213493,-1.037364240502847,0.45329826374030396,-0.5519292289739568
-0.868553950490285,-0.8879051519545104,2.1343747458109497,-0.4269262346731772,-0.3096617686426661,-0.3031529792768068,-0.4310113119027647,-0.596600539213493,0.9639815611103627,1.7630410387889472,1.0100822486114975
-0.868553950490285,-0.8879051519545104,-0.46852128566581813,-0.4269262346731772,-0.3096617686426661,-0.3031529792768068,-0.4310113119027647,-0.596600539213493,0.9639815611103627,1.5258723093368278,-0.536347004348681
-0.868553950490285,-0.8879051519545104,2.1343747458109497,-0.4269262346731772,-0.3096617686426661,-0.3031529792768068,-0.4310113119027647,-0.596600539213493,-1.037364240502847,-0.16888082207291574,-0.5081011154612264
-0.868553950490285,1.126246421477271,-0.46852128566581813,-0.4269262346731772,-0.3096617686426661,-0.3031529792768068,-0.4310113119027647,-0.596600539213493,0.9639815611103627,0.9370525010379014,0.13219754846103987
-0.868553950490285,1.126246421477271,-0.46852128566581813,-0.4269262346731772,-0.3096617686426661,-0.3031529792768068,-0.4310113119027647,-0.596600539213493,0.9639815611103627,1.6610748300542832,-0.8633386096804294
1.151338957626657,-0.8879051519545104,-0.46852128566581813,2.342325017260945,-0.3096617686426661,-0.3031529792768068,-0.4310113119027647,-0.596600539213493,0.9639815611103627,0.44674161075956736,0.6608030504384959
-0.868553950490285,1.126246421477271,-0.46852128566581813,-0.4269262346731772,-0.3096617686426661,-0.3031529792768068,-0.4310113119027647,-0.596600539213493,0.9639815611103627,-0.5353477224306361,-0.7640260744610968
-0.868553950490285,1.126246421477271,-0.46852128566581813,-0.4269262346731772,-0.3096617686426661,-0.3031529792768068,-0.4310113119027647,-0.596600539213493,0.9639815611103627,-1.5578731215358135,-0.505070389255968
-0.868553950490285,1.126246421477271,-0.46852128566581813,-0.4269262346731772,-0.3096617686426661,-0.3031529792768068,-0.4310113119027647,-0.596600539213493,0.9639815611103627,-1.268604105855161,-1.5826957639498136
-0.868553950490285,1.126246421477271,-0.46852128566581813,-0.4269262346731772,-0.3096617686426661,-0.3031529792768068,-0.4310113119027647,-0.596600539213493,0.9639815611103627,-1.48785124483842,-0.5486462592622618
-0.868553950490285,1.126246421477271,2.1343747458109497,-0.4269262346731772,-0.3096617686426661,-0.3031529792768068,-0.4310113119027647,-0.596600539213493,-1.037364240502847,0.48556131667834773,-0.5527997176770283
1.151338957626657,-0.8879051519545104,-0.46852128566581813,2.342325017260945,-0.3096617686426661,-0.3031529792768068,-0.4310113119027647,-0.596600539213493,0.9639815611103627,-0.24406129673637794,0.6254791679413934
1.151338957626657,-0.8879051519545104,-0.46852128566581813,-0.4269262346731772,-0.3096617686426661,-0.3031529792768068,-0.4310113119027647,-0.596600539213493,0.9639815611103627,-0.7077734759712009,1.693928329563842
1.151338957626657,-0.8879051519545104,-0.46852128566581813,-0.4269262346731772,-0.3096617686426661,-0.3031529792768068,-0.4310113119027647,1.6761634196950517,-1.037364240502847,-0.5495798178857032,1.3342103369397045
-0.868553950490285,-0.8879051519545104,-0.46852128566581813,-0.4269262346731772,-0.3096617686426661,-0.3031529792768068,-0.4310113119027647,-0.596600539213493,0.9639815611103627,1.54713712556367,-0.5161224599333287
-0.868553950490285,1.126246421477271,-0.46852128566581813,-0.4269262346731772,-0.3096617686426661,-0.3031529792768068,-0.4310113119027647,-0.596600539213493,0.9639815611103627,-1.2628747404785317,-1.5611373903243848
-0.868553950490285,1.126246421477271,-0.46852128566581813,-0.4269262346731772,-0.3096617686426661,-0.3031529792768068,2.320124721519137,-0.596600539213493,-1.037364240502847,0.9254801868956297,1.7504397929374764
-0.868553950490285,1.126246421477271,-0.46852128566581813,-0.4269262346731772,-0.3096617686426661,-0.3031529792768068,-0.4310113119027647,-0.596600539213493,0.9639815611103627,-1.446282966595846,-1.2097035301720669
1.151338957626657,-0.8879051519545104,-0.46852128566581813,-0.4269262346731772,-0.3096617686426661,-0.3031529792768068,-0.4310113119027647,-0.596600539213493,0.9639815611103627,-1.2196063969893158,-1.3554871940816908
1.151338957626657,-0.8879051519545104,-0.46852128566581813,2.342325017260945,-0.3096617686426661,-0.3031529792768068,-0.4310113119027647,-0.596600539213493,0.9639815611103627,1.2447281733926412,0.6164561895558041
1.151338957626657,-0.8879051519545104,-0.46852128566581813,-0.4269262346731772,-0.3096617686426661,-0.3031529792768068,-0.4310113119027647,-0.596600539213493,0.9639815611103627,-0.734613147788879,1.7504397929374764
-0.868553950490285,-0.8879051519545104,-0.46852128566581813,-0.4269262346731772,-0.3096617686426661,-0.3031529792768068,2.320124721519137,-0.596600539213493,0.9639815611103627,0.8770979983520913,-1.425361428927374
-0.868553950490285,1.126246421477271,-0.46852128566581813,-0.4269262346731772,-0.3096617686426661,-0.3031529792768068,-0.4310113119027647,-0.596600539213493,0.9639815611103627,1.74230853477555,-0.8443289702170355
-0.868553950490285,1.126246421477271,-0.46852128566581813,-0.4269262346731772,-0.3096617686426661,-0.3031529792768068,-0.4310113119027647,-0.596600539213493,0.9639815611103627,-1.0049283721117328,1.7112255477789748
1.151338957626657,-0.8879051519545104,-0.46852128566581813,-0.4269262346731772,-0.3096617686426661,-0.3031529792768068,-0.4310113119027647,1.6761634196950517,-1.037364240502847,-0.15163986324708723,1.5952023032616442
-0.868553950490285,-0.8879051519545104,-0.46852128566581813,-0.4269262346731772,-0.3096617686426661,-0.3031529792768068,-0.4310113119027647,-0.596600539213493,-1.037364240502847,-1.6385182654698192,-1.23510497256528
-0.868553950490285,1.126246421477271,-0.46852128566581813,-0.4269262346731772,-0.3096617686426661,-0.3031529792768068,-0.4310113119027647,-0.596600539213493,0.9639815611103627,-1.4483121591258687,-1.2414140449459694
1.151338957626657,-0.8879051519545104,-0.46852128566581813,-0.4269262346731772,3.2293298729878037,-0.3031529792768068,-0.4310113119027647,1.6761634196950517,-1.037364240502847,0.4730985533510972,0.14761163141904762
-0.868553950490285,-0.8879051519545104,-0.46852128566581813,2.342325017260945,-0.3096617686426661,-0.3031529792768068,-0.4310113119027647,-0.596600539213493,0.9639815611103627,-0.5706029424002249,0.11785697911912292
-0.868553950490285,1.126246421477271,-0.46852128566581813,-0.4269262346731772,-0.3096617686426661,-0.3031529792768068,2.320124721519137,-0.596600539213493,-1.037364240502847,0.9694278839458772,-1.5603862425480959
-0.868553950490285,1.126246421477271,-0.46852128566581813,-0.4269262346731772,-0.3096617686426661,-0.3031529792768068,-0.4310113119027647,-0.596600539213493,0.9639815611103627,-0.8574777054582556,-0.49046820232499594
-0.868553950490285,1.126246421477271,-0.46852128566581813,-0.4269262346731772,-0.3096617686426661,-0.3031529792768068,-0.4310113119027647,-0.596600539213493,0.9639815611103627,-0.9315521041626375,-0.609561081461283
-0.868553950490285,1.126246421477271,-0.46852128566581813,-0.4269262346731772,-0.3096617686426661,-0.3031529792768068,-0.4310113119027647,-0.596600539213493,-1.037364240502847,-1.11913865795863,-1.28476391338791
1.151338957626657,-0.8879051519545104,-0.46852128566581813,-0.4269262346731772,-0.3096617686426661,-0.3031529792768068,-0.4310113119027647,1.6761634196950517,-1.037364240502847,-0.23652053653577632,1.5924724486587318
-0.868553950490285,-0.8879051519545104,2.1343747458109497,-0.4269262346731772,-0.3096617686426661,-0.3031529792768068,-0.4310113119027647,-0.596600539213493,-1.037364240502847,-0.23221672152818296,-0.472915731868711
1.151338957626657,-0.8879051519545104,-0.46852128566581813,2.342325017260945,-0.3096617686426661,-0.3031529792768068,-0.4310113119027647,-0.596600539213493,0.9639815611103627,1.2705780918189618,0.6220381968667181
1.151338957626657,-0.8879051519545104,-0.46852128566581813,2.342325017260945,-0.3096617686426661,-0.3031529792768068,-0.4310113119027647,-0.596600539213493,0.9639815611103627,-0.2168723190378333,0.6153559793993173
1.151338957626657,-0.8879051519545104,-0.46852128566581813,-0.4269262346731772,-0.3096617686426661,-0.3031529792768068,-0.4310113119027647,-0.596600539213493,0.9639815611103627,-0.9331081921647513,-1.3795129800112595
-0.868553950490285,-0.8879051519545104,-0.46852128566581813,-0.4269262346731772,-0.3096617686426661,-0.3031529792768068,-0.4310113119027647,-0.596600539213493,0.9639815611103627,1.5518385349546246,-0.45408605699629573
-0.868553950490285,-0.8879051519545104,-0.46852128566581813,-0.4269262346731772,-0.3096617686426661,-0.3031529792768068,-0.4310113119027647,-0.596600539213493,-1.037364240502847,-1.652901133035105,0.207993829103236
-0.868553950490285,1.126246421477271,-0.46852128566581813,-0.4269262346731772,-0.3096617686426661,-0.3031529792768068,2.320124721519137,-0.596600539213493,0.9639815611103627,0.37292000377492046,-1.4951227212775104
1.151338957626657,-0.8879051519545104,-0.46852128566581813,-0.4269262346731772,-0.3096617686426661,3.2986645962892145,-0.4310113119027647,-0.596600539213493,0.9639815611103627,1.441474818297461,1.3645630490679195
-0.868553950490285,1.126246421477271,-0.46852128566581813,-0.4269262346731772,-0.3096617686426661,-0.3031529792768068,-0.4310113119027647,-0.596600539213493,0.9639815611103627,-0.07558680910978038,-0.0054966413633103705
-0.868553950490285,1.126246421477271,2.1343747458109497,-0.4269262346731772,-0.3096617686426661,-0.3031529792768068,-0.4310113119027647,-0.596600539213493,-1.037364240502847,0.4589666823393149,-0.49922326956625235
1.151338957626657,-0.8879051519545104,2.1343747458109497,2.342325017260945,-0.3096617686426661,3.2986645962892145,-0.4310113119027647,1.6761634196950517,-1.037364240502847,0.4858857896111432,0.5754192792304889
-0.868553950490285,1.126246421477271,-0.46852128566581813,-0.4269262346731772,-0.3096617686426661,-0.3031529792768068,2.320124721519137,-0.596600539213493,0.9639815611103627,1.442190729892104,-0.6381810871740347
1.151338957626657,-0.8879051519545104,2.1343747458109497,2.342325017260945,-0.3096617686426661,3.2986645962892145,-0.4310113119027647,1.6761634196950517,-1.037364240502847,0.4607543938962022,0.6333768907716524
1.151338957626657,-0.8879051519545104,-0.46852128566581813,2.342325017260945,-0.3096617686426661,-0.3031529792768068,-0.4310113119027647,-0.596600539213493,-1.037364240502847,0.8750696749725616,0.6558155032940868
-0.868553950490285,1.126246421477271,-0.46852128566581813,-0.4269262346731772,-0.3096617686426661,-0.3031529792768068,-0.4310113119027647,-0.596600539213493,0.9639815611103627,-0.8940094889947026,-0.5911382484737813
1.151338957626657,-0.8879051519545104,2.1343747458109497,-0.4269262346731772,-0.3096617686426661,3.2986645962892145,-0.4310113119027647,1.6761634196950517,-1.037364240502847,0.2142620065429241,1.4827172520464178
-0.868553950490285,1.126246421477271,-0.46852128566581813,-0.4269262346731772,-0.3096617686426661,-0.3031529792768068,-0.4310113119027647,-0.596600539213493,0.9639815611103627,0.9342938629654828,0.09909173270964561
-0.868553950490285,1.126246421477271,-0.46852128566581813,-0.4269262346731772,-0.3096617686426661,-0.3031529792768068,2.320124721519137,-0.596600539213493,0.9639815611103627,0.2731125812670867,-1.4919259604112702
1.151338957626657,-0.8879051519545104,2.1343747458109497,-0.4269262346731772,3.2293298729878037,-0.3031529792768068,-0.4310113119027647,1.6761634196950517,-1.037364240502847,0.9296665583871037,-0.10089581022141422
-0.868553950490285,-0.8879051519545104,-0.46852128566581813,-0.4269262346731772,-0.3096617686426661,-0.3031529792768068,-0.4310113119027647,-0.596600539213493,0.9639815611103627,-0.0664575095090549,-0.019943037606213566
-0.868553950490285,-0.8879051519545104,-0.46852128566581813,2.342325017260945,3.2293298729878037,-0.3031529792768068,-0.4310113119027647,1.6761634196950517,-1.037364240502847,-0.09697321399356751,1.0182981770472257
-0.868553950490285,1.126246421477271,-0.46852128566581813,-0.4269262346731772,-0.3096617686426661,-0.3031529792768068,-0.4310113119027647,-0.596600539213493,0.9639815611103627,-0.8953278049733395,-0.48479500330341374
-0.868553950490285,1.126246421477271,-0.46852128566581813,-0.4269262346731772,-0.3096617686426661,-0.3031529792768068,-0.4310113119027647,-0.596600539213493,0.9639815611103627,1.6426921063932791,-0.8200813835828524
-0.868553950490285,-0.8879051519545104,2.1343747458109497,-0.4269262346731772,-0.3096617686426661,-0.3031529792768068,-0.4310113119027647,-0.596600539213493,-1.037364240502847,-0.24131335094876832,-0.5159902499518636
1.151338957626657,-0.8879051519545104,2.1343747458109497,-0.4269262346731772,3.2293298729878037,-0.3031529792768068,-0.4310113119027647,1.6761634196950517,-1.037364240502847,0.4412538591581245,0.5820458102093006
1.151338957626657,-0.8879051519545104,-0.46852128566581813,-0.4269262346731772,-0.3096617686426661,-0.3031529792768068,-0.4310113119027647,-0.596600539213493,-1.037364240502847,-0.5141864634184711,0.07067493023406349
-0.868553950490285,1.126246421477271,-0.46852128566581813,-0.4269262346731772,-0.3096617686426661,-0.3031529792768068,-0.4310113119027647,-0.596600539213493,0.9639815611103627,1.4042823618750455,-0.5231521832898784
-0.868553950490285,1.126246421477271,-0.46852128566581813,-0.4269262346731772,-0.3096617686426661,-0.3031529792768068,-0.4310113119027647,-0.596600539213493,0.9639815611103627,-0.5500185656369211,-0.7700214074239412
-0.868553950490285,1.126246421477271,-0.46852128566581813,-0.4269262346731772,-0.3096617686426661,-0.3031529792768068,-0.4310113119027647,-0.596600539213493,0.9639815611103627,-1.0656902722704316,-0.9419985397431861
1.151338957626657,-0.8879051519545104,2.1343747458109497,-0.4269262346731772,-0.3096617686426661,3.2986645962892145,-0.4310113119027647,1.6761634196950517,-1.037364240502847,0.30082229169390867,1.4930499675880218
-0.868553950490285,1.126246421477271,-0.46852128566581813,-0.4269262346731772,-0.3096617686426661,-0.3031529792768068,2.320124721519137,-0.596600539213493,0.9639815611103627,1.2967524247258637,-0.5668993041957807
1.151338957626657,-0.8879051519545104,-0.46852128566581813,2.342325017260945,-0.3096617686426661,-0.3031529792768068,-0.4310113119027647,-0.596600539213493,0.9639815611103627,0.4097430917933677,0.5653156334275872
-0.868553950490285,1.126246421477271,-0.46852128566581813,-0.4269262346731772,-0.3096617686426661,-0.3031529792768068,2.320124721519137,-0.596600539213493,-1.037364240502847,0.9226745400925949,-1.5430103149323562
-0.868553950490285,1.126246421477271,-0.46852128566581813,-0.4269262346731772,-0.3096617686426661,-0.3031529792768068,2.320124721519137,-0.596600539213493,-1.037364240502847,0.9504262902680441,-0.5384829174449778
-0.868553950490285,1.126246421477271,-0.46852128566581813,-0.4269262346731772,-0.3096617686426661,-0.3031529792768068,-0.4310113119027647,-0.596600539213493,0.9639815611103627,1.3951412135648373,-0.5489594112771945
-0.868553950490285,-0.8879051519545104,-0.46852128566581813,2.342325017260945,3.2293298729878037,-0.3031529792768068,-0.4310113119027647,1.6761634196950517,-1.037364240502847,-0.09190987673993524,1.076499494317049
1.151338957626657,-0.8879051519545104,2.1343747458109497,-0.4269262346731772,-0.3096617686426661,3.2986645962892145,-0.4310113119027647,1.6761634196950517,-1.037364240502847,0.9191032555849132,1.3624838182058379
1.151338957626657,-0.8879051519545104,-0.46852128566581813,-0.4269262346731772,-0.3096617686426661,3.2986645962892145,-0.4310113119027647,1.6761634196950517,-1.037364240502847,-0.13890000696040275,1.5521029705322555
-0.868553950490285,1.126246421477271,-0.46852128566581813,-0.4269262346731772,-0.3096617686426661,-0.3031529792768068,-0.4310113119027647,-0.596600539213493,-1.037364240502847,1.5483831543327478,0.1490789493294836
1.151338957626657,-0.8879051519545104,2.1343747458109497,-0.4269262346731772,-0.3096617686426661,3.2986645962892145,-0.4310113119027647,1.6761634196950517,-1.037364240502847,0.9349180934028513,1.377866209608602
1.151338957626657,-0.8879051519545104,2.1343747458109497,2.342325017260945,3.2293298729878037,-0.3031529792768068,-0.4310113119027647,1.6761634196950517,-1.037364240502847,0.31373350547291196,0.6271887236461624
-0.868553950490285,1.126246421477271,-0.46852128566581813,-0.4269262346731772,-0.3096617686426661,-0.3031529792768068,2.320124721519137,-0.596600539213493,0.9639815611103627,0.4449983516492489,1.2596260176780942
-0.868553950490285,1.126246421477271,-0.46852128566581813,-0.4269262346731772,-0.3096617686426661,-0.3031529792768068,-0.4310113119027647,-0.596600539213493,0.9639815611103627,1.7452208868178225,-0.8436105376892261
-0.868553950490285,1.126246421477271,-0.46852128566581813,-0.4269262346731772,-0.3096617686426661,-0.3031529792768068,-0.4310113119027647,-0.596600539213493,0.9639815611103627,-1.5386853658412656,-0.5266095424375719
-0.868553950490285,1.126246421477271,-0.46852128566581813,-0.4269262346731772,-0.3096617686426661,-0.3031529792768068,2.320124721519137,-0.596600539213493,0.9639815611103627,1.3448948523466915,-0.5327316755416802
1.151338957626657,-0.8879051519545104,-0.46852128566581813,-0.4269262346731772,-0.3096617686426661,-0.3031529792768068,-0.4310113119027647,-0.596600539213493,0.9639815611103627,-0.6905986006384307,1.7123400543577634
1.151338957626657,-0.8879051519545104,2.1343747458109497,-0.4269262346731772,-0.3096617686426661,-0.3031529792768068,-0.4310113119027647,-0.596600539213493,0.9639815611103627,-0.6590351466166372,0.10111564511092812
-0.868553950490285,1.126246421477271,-0.46852128566581813,-0.4269262346731772,-0.3096617686426661,-0.3031529792768068,-0.4310113119027647,-0.596600539213493,0.9639815611103627,-1.2003653930113762,-0.9476843697131121
-0.868553950490285,1.126246421477271,-0.46852128566581813,-0.4269262346731772,-0.3096617686426661,-0.3031529792768068,2.320124721519137,-0.596600539213493,0.9639815611103627,-1.389304971489855,0.17493943830797126
-0.868553950490285,1.126246421477271,-0.46852128566581813,-0.4269262346731772,-0.3096617686426661,-0.3031529792768068,2.320124721519137,-0.596600539213493,0.9639815611103627,-0.770707213484518,-1.2934310122801094
1.151338957626657,-0.8879051519545104,-0.46852128566581813,-0.4269262346731772,-0.3096617686426661,-0.3031529792768068,-0.4310113119027647,-0.596600539213493,0.9639815611103627,-1.016127729547082,0.13988774088565314
1.151338957626657,-0.8879051519545104,2.1343747458109497,-0.4269262346731772,-0.3096617686426661,-0.3031529792768068,-0.4310113119027647,1.6761634196950517,-1.037364240502847,1.693098136031377,1.3360191058463105
-0.868553950490285,1.126246421477271,-0.46852128566581813,-0.4269262346731772,-0.3096617686426661,-0.3031529792768068,2.320124721519137,-0.596600539213493,-1.037364240502847,0.9096202226225696,-1.5533720415321621
1.151338957626657,-0.8879051519545104,-0.46852128566581813,2.342325017260945,-0.3096617686426661,-0.3031529792768068,-0.4310113119027647,1.6761634196950517,-1.037364240502847,0.0059872298892087155,0.984919956398769
-0.868553950490285,1.126246421477271,-0.46852128566581813,-0.4269262346731772,-0.3096617686426661,-0.3031529792768068,-0.4310113119027647,-0.596600539213493,0.9639815611103627,-0.0053051493305015145,-0.014674137707912363
1.151338957626657,-0.8879051519545104,-0.46852128566581813,-0.4269262346731772,-0.3096617686426661,-0.3031529792768068,-0.4310113119027647,-0.596600539213493,0.9639815611103627,-1.0938580238946727,-1.6059964543487375
-0.868553950490285,1.126246421477271,-0.46852128566581813,-0.4269262346731772,-0.3096617686426661,-0.3031529792768068,-0.4310113119027647,-0.596600539213493,0.9639815611103627,-1.2471295060894902,-1.5000656807357213
-0.868553950490285,1.126246421477271,-0.46852128566581813,-0.4269262346731772,-0.3096617686426661,-0.3031529792768068,-0.4310113119027647,-0.596600539213493,0.9639815611103627,-1.5306271597010028,-0.4806939780023102
1.151338957626657,1.126246421477271,-0.46852128566581813,-0.4269262346731772,-0.3096617686426661,-0.3031529792768068,2.320124721519137,-0.596600539213493,-1.037364240502847,0.4247094759745117,-0.5299884787002339
-0.868553950490285,1.126246421477271,2.1343747458109497,-0.4269262346731772,-0.3096617686426661,-0.3031529792768068,-0.4310113119027647,-0.596600539213493,-1.037364240502847,0.4679416131742284,-0.5144809264009036
1.151338957626657,-0.8879051519545104,-0.46852128566581813,-0.4269262346731772,3.2293298729878037,-0.3031529792768068,-0.4310113119027647,1.6761634196950517,-1.037364240502847,0.45731479410288456,0.10742054768662494
-0.868553950490285,1.126246421477271,-0.46852128566581813,-0.4269262346731772,-0.3096617686426661,-0.3031529792768068,-0.4310113119027647,-0.596600539213493,0.9639815611103627,-1.6011809224672087,-0.5409442231016415
-0.868553950490285,-0.8879051519545104,-0.46852128566581813,2.342325017260945,-0.3096617686426661,-0.3031529792768068,-0.4310113119027647,-0.596600539213493,0.9639815611103627,-0.6134019155470583,0.10253748539881037
1.151338957626657,-0.8879051519545104,-0.46852128566581813,2.342325017260945,-0.3096617686426661,-0.3031529792768068,-0.4310113119027647,-0.596600539213493,-1.037364240502847,1.809471643291972,0.6200786296645299
1.151338957626657,-0.8879051519545104,-0.46852128566581813,2.342325017260945,-0.3096617686426661,-0.3031529792768068,-0.4310113119027647,1.6761634196950517,-1.037364240502847,-0.578606582029797,1.5398682960500576
1.151338957626657,-0.8879051519545104,-0.46852128566581813,2.342325017260945,-0.3096617686426661,-0.3031529792768068,-0.4310113119027647,-0.596600539213493,-1.037364240502847,-1.561619103747692,-0.68846663411578
1.151338957626657,-0.8879051519545104,2.1343747458109497,-0.4269262346731772,3.2293298729878037,-0.3031529792768068,-0.4310113119027647,1.6761634196950517,-1.037364240502847,0.41200968762326273,0.6042286097884926
-0.868553950490285,1.126246421477271,-0.46852128566581813,-0.4269262346731772,-0.3096617686426661,-0.3031529792768068,-0.4310113119027647,-0.596600539213493,0.9639815611103627,1.3971777712744378,-0.568960606193686
-0.868553950490285,1.126246421477271,-0.46852128566581813,-0.4269262346731772,-0.3096617686426661,-0.3031529792768068,-0.4310113119027647,-0.596600539213493,0.9639815611103627,-0.028686776536255464,-0.012201257558360996
-0.868553950490285,-0.8879051519545104,-0.46852128566581813,-0.4269262346731772,-0.3096617686426661,-0.3031529792768068,-0.4310113119027647,-0.596600539213493,0.9639815611103627,0.04140989784033943,-0.06627537564982665
-0.868553950490285,1.126246421477271,-0.46852128566581813,-0.4269262346731772,-0.3096617686426661,-0.3031529792768068,-0.4310113119027647,-0.596600539213493,0.9639815611103627,-1.130958021613434,-0.8900291260851629
-0.868553950490285,-0.8879051519545104,-0.46852128566581813,-0.4269262346731772,-0.3096617686426661,-0.3031529792768068,-0.4310113119027647,-0.596600539213493,0.9639815611103627,-1.3345977012287302,-1.593017896218544
-0.868553950490285,-0.8879051519545104,-0.46852128566581813,-0.4269262346731772,-0.3096617686426661,-0.3031529792768068,2.320124721519137,-0.596600539213493,0.9639815611103627,0.898694969326082,-1.3765198309941202
1.151338957626657,-0.8879051519545104,-0.46852128566581813,-0.4269262346731772,3.2293298729878037,-0.3031529792768068,-0.4310113119027647,1.6761634196950517,-1.037364240502847,0.49345841603399604,0.12290186815281287
1.151338957626657,-0.8879051519545104,2.1343747458109497,2.342325017260945,-0.3096617686426661,3.2986645962892145,-0.4310113119027647,1.6761634196950517,-1.037364240502847,0.49479461090393234,0.5941915609353318
1.151338957626657,-0.8879051519545104,-0.46852128566581813,-0.4269262346731772,-0.3096617686426661,-0.3031529792768068,-0.4310113119027647,1.6761634196950517,-1.037364240502847,-0.11824695834265356,1.544377854791758
-0.868553950490285,1.126246421477271,-0.46852128566581813,-0.4269262346731772,-0.3096617686426661,-0.3031529792768068,-0.4310113119027647,-0.596600539213493,0.9639815611103627,0.35276161582009624,-1.2717453764841307
1.151338957626657,-0.8879051519545104,-0.46852128566581813,2.342325017260945,-0.3096617686426661,-0.3031529792768068,-0.4310113119027647,1.6761634196950517,-1.037364240502847,-0.01172917216604144,1.0603341223301637
-0.868553950490285,1.126246421477271,-0.46852128566581813,-0.4269262346731772,-0.3096617686426661,-0.3031529792768068,2.320124721519137,-0.596600539213493,0.9639815611103627,1.4054360775319528,-0.7119214824414783
-0.868553950490285,1.126246421477271,-0.46852128566581813,-0.4269262346731772,-0.3096617686426661,-0.3031529792768068,-0.4310113119027647,-0.596600539213493,0.9639815611103627,-0.9471677219183476,-0.5194218315313966
-0.868553950490285,1.126246421477271,-0.46852128566581813,-0.4269262346731772,-0.3096617686426661,-0.3031529792768068,2.320124721519137,-0.596600539213493,-1.037364240502847,0.946486793037727,-0.5033857769246923
-0.868553950490285,1.126246421477271,-0.46852128566581813,-0.4269262346731772,-0.3096617686426661,-0.3031529792768068,-0.4310113119027647,-0.596600539213493,-1.037364240502847,1.5195394835942344,0.1122387575801076
-0.868553950490285,1.126246421477271,-0.46852128566581813,-0.4269262346731772,-0.3096617686426661,-0.3031529792768068,-0.4310113119027647,-0.596600539213493,0.9639815611103627,1.41886700173085,-0.5333817586059671
1.151338957626657,-0.8879051519545104,-0.46852128566581813,-0.4269262346731772,-0.3096617686426661,-0.3031529792768068,-0.4310113119027647,-0.596600539213493,0.9639815611103627,-0.9784740138186048,0.18044149320116193
1.151338957626657,-0.8879051519545104,2.1343747458109497,-0.4269262346731772,-0.3096617686426661,3.2986645962892145,-0.4310113119027647,1.6761634196950517,-1.037364240502847,0.27331615992383756,1.4925557645747767
-0.868553950490285,-0.8879051519545104,2.1343747458109497,-0.4269262346731772,-0.3096617686426661,-0.3031529792768068,-0.4310113119027647,-0.596600539213493,0.9639815611103627,1.7704535937404873,1.0732015258560124
1.151338957626657,-0.8879051519545104,-0.46852128566581813,-0.4269262346731772,3.2293298729878037,-0.3031529792768068,-0.4310113119027647,1.6761634196950517,-1.037364240502847,0.41446398144187047,0.12900994078081043
1.151338957626657,-0.8879051519545104,-0.46852128566581813,-0.4269262346731772,-0.3096617686426661,-0.3031529792768068,-0.4310113119027647,-0.596600539213493,0.9639815611103627,-1.0661852618740975,-1.6075327546812987
-0.868553950490285,-0.8879051519545104,-0.46852128566581813,2.342325017260945,-0.3096617686426661,-0.3031529792768068,-0.4310113119027647,-0.596600539213493,0.9639815611103627,-0.5489842549649907,0.14377368583323363
1.151338957626657,-0.8879051519545104,-0.46852128566581813,-0.4269262346731772,3.2293298729878037,-0.3031529792768068,-0.4310113119027647,1.6761634196950517,-1.037364240502847,0.432809781968981,0.09750294625666836
1.151338957626657,-0.8879051519545104,-0.46852128566581813,2.342325017260945,-0.3096617686426661,-0.3031529792768068,-0.4310113119027647,1.6761634196950517,-1.037364240502847,-0.011078713231316512,1.0131278265840615
1.151338957626657,-0.8879051519545104,2.1343747458109497,-0.4269262346731772,-0.3096617686426661,3.2986645962892145,-0.4310113119027647,1.6761634196950517,-1.037364240502847,0.9577891486898893,1.31447443071368
-0.868553950490285,-0.8879051519545104,2.1343747458109497,-0.4269262346731772,-0.3096617686426661,-0.3031529792768068,-0.4310113119027647,-0.596600539213493,-1.037364240502847,-0.2335406719047491,-0.5096054801490092
1.151338957626657,-0.8879051519545104,-0.46852128566581813,2.342325017260945,-0.3096617686426661,-0.3031529792768068,-0.4310113119027647,-0.596600539213493,0.9639815611103627,0.4230736905502275,0.5939756139318652
1.151338957626657,-0.8879051519545104,-0.46852128566581813,2.342325017260945,-0.3096617686426661,-0.3031529792768068,-0.4310113119027647,-0.596600539213493,0.9639815611103627,-0.33139449842840857,0.6167418484045661
1.151338957626657,-0.8879051519545104,-0.46852128566581813,-0.4269262346731772,-0.3096617686426661,3.2986645962892145,-0.4310113119027647,1.6761634196950517,-1.037364240502847,-0.5487455329582692,1.0189656837085306
1.151338957626657,-0.8879051519545104,2.1343747458109497,2.342325017260945,3.2293298729878037,-0.3031529792768068,-0.4310113119027647,1.6761634196950517,-1.037364240502847,0.26982007333916336,0.600058289577375
1.151338957626657,-0.8879051519545104,2.1343747458109497,-0.4269262346731772,3.2293298729878037,-0.3031529792768068,-0.4310113119027647,1.6761634196950517,-1.037364240502847,0.44387418424495234,0.56055589599182
1.151338957626657,-0.8879051519545104,2.1343747458109497,2.342325017260945,3.2293298729878037,-0.3031529792768068,-0.4310113119027647,1.6761634196950517,-1.037364240502847,0.47789336324890275,0.9953766333458861
-0.868553950490285,1.126246421477271,2.1343747458109497,-0.4269262346731772,-0.3096617686426661,-0.3031529792768068,-0.4310113119027647,-0.596600539213493,-1.037364240502847,0.44640599518480334,-0.5368994990947653
-0.868553950490285,1.126246421477271,2.1343747458109497,-0.4269262346731772,-0.3096617686426661,-0.3031529792768068,-0.4310113119027647,-0.596600539213493,-1.037364240502847,0.47246493624073244,-0.5586444324497324
1.151338957626657,-0.8879051519545104,2.1343747458109497,-0.4269262346731772,-0.3096617686426661,-0.3031529792768068,-0.4310113119027647,1.6761634196950517,-1.037364240502847,1.7309282426083565,1.3708007457078581
1.151338957626657,-0.8879051519545104,2.1343747458109497,-0.4269262346731772,-0.3096617686426661,-0.3031529792768068,-0.4310113119027647,-0.596600539213493,0.9639815611103627,-0.6200475032933993,0.1369035411360641
1.151338957626657,-0.8879051519545104,-0.46852128566581813,-0.4269262346731772,-0.3096617686426661,-0.3031529792768068,-0.4310113119027647,1.6761634196950517,-1.037364240502847,-0.1212972202441563,1.566553374289643
-0.868553950490285,1.126246421477271,-0.46852128566581813,-0.4269262346731772,-0.3096617686426661,-0.3031529792768068,2.320124721519137,-0.596600539213493,0.9639815611103627,1.3613703903961207,-0.5099276539776008
1.151338957626657,-0.8879051519545104,2.1343747458109497,-0.4269262346731772,-0.3096617686426661,-0.3031529792768068,-0.4310113119027647,1.6761634196950517,-1.037364240502847,1.8005100808024186,1.376580391265699
-0.868553950490285,1.126246421477271,-0.46852128566581813,-0.4269262346731772,-0.3096617686426661,-0.3031529792768068,2.320124721519137,-0.596600539213493,0.9639815611103627,-1.370204520548847,0.20311605004132782
-0.868553950490285,1.126246421477271,-0.46852128566581813,-0.4269262346731772,-0.3096617686426661,-0.3031529792768068,-0.4310113119027647,-0.596600539213493,0.9639815611103627,1.4823700692749413,-0.5714656737246915
-0.868553950490285,1.126246421477271,-0.46852128566581813,-0.4269262346731772,-0.3096617686426661,-0.3031529792768068,-0.4310113119027647,-0.596600539213493,0.9639815611103627,-0.5277662871492224,-0.7972588867462552
1.151338957626657,-0.8879051519545104,2.1343747458109497,-0.4269262346731772,-0.3096617686426661,-0.3031529792768068,-0.4310113119027647,1.6761634196950517,-1.037364240502847,1.7762381074768423,1.3632894230665507
-0.868553950490285,1.126246421477271,-0.46852128566581813,-0.4269262346731772,-0.3096617686426661,-0.3031529792768068,-0.4310113119027647,-0.596600539213493,0.9639815611103627,-1.3479052335359722,-1.516805632536878
-0.868553950490285,-0.8879051519545104,2.1343747458109497,-0.4269262346731772,-0.3096617686426661,-0.3031529792768068,-0.4310113119027647,-0.596600539213493,0.9639815611103627,1.7867186100556105,1.0274754527240226
-0.868553950490285,1.126246421477271,-0.46852128566581813,-0.4269262346731772,-0.3096617686426661,-0.3031529792768068,-0.4310113119027647,-0.596600539213493,0.9639815611103627,0.8737999619463791,0.12462054703248407
-0.868553950490285,1.126246421477271,-0.46852128566581813,-0.4269262346731772,-0.3096617686426661,-0.3031529792768068,-0.4310113119027647,-0.596600539213493,0.9639815611103627,0.9227888546907462,0.13735375700268238
1.151338957626657,-0.8879051519545104,2.1343747458109497,-0.4269262346731772,-0.3096617686426661,3.2986645962892145,-0.4310113119027647,1.6761634196950517,-1.037364240502847,0.25730137409693593,1.4489711765331639
1.151338957626657,-0.8879051519545104,2.1343747458109497,-0.4269262346731772,-0.3096617686426661,3.2986645962892145,-0.4310113119027647,1.6761634196950517,-1.037364240502847,0.9111239735886192,1.338208511422529
1.151338957626657,-0.8879051519545104,2.1343747458109497,-0.4269262346731772,-0.3096617686426661,-0.3031529792768068,-0.4310113119027647,1.6761634196950517,-1.037364240502847,1.7307638632620475,1.2873698489262695
-0.868553950490285,1.126246421477271,-0.46852128566581813,-0.4269262346731772,-0.3096617686426661,-0.3031529792768068,-0.4310113119027647,-0.596600539213493,0.9639815611103627,0.4064692255405933,-1.2540664882923818
1.151338957626657,-0.8879051519545104,-0.46852128566581813,2.342325017260945,-0.3096617686426661,-0.3031529792768068,-0.4310113119027647,1.6761634196950517,-1.037364240502847,0.41453866062502465,0.9672772328062423
-0.868553950490285,1.126246421477271,-0.46852128566581813,-0.4269262346731772,-0.3096617686426661,-0.3031529792768068,-0.4310113119027647,-0.596600539213493,-1.037364240502847,-0.9126744228149407,-1.2811585407908594
1.151338957626657,-0.8879051519545104,-0.46852128566581813,2.342325017260945,-0.3096617686426661,-0.3031529792768068,-0.4310113119027647,-0.596600539213493,0.9639815611103627,-0.23191110807713797,0.6069415190474777
-0.868553950490285,1.126246421477271,-0.46852128566581813,-0.4269262346731772,-0.3096617686426661,-0.3031529792768068,-0.4310113119027647,-0.596600539213493,0.9639815611103627,-1.1723604082022834,-0.8997150009420527
1.151338957626657,-0.8879051519545104,-0.46852128566581813,2.342325017260945,-0.3096617686426661,-0.3031529792768068,-0.4310113119027647,-0.596600539213493,0.9639815611103627,1.302949957113197,0.5860551699668676
-0.868553950490285,1.126246421477271,-0.46852128566581813,-0.4269262346731772,-0.3096617686426661,-0.3031529792768068,-0.4310113119027647,-0.596600539213493,0.9639815611103627,-0.03541328964641757,-0.08116504578760719
-0.868553950490285,1.126246421477271,-0.46852128566581813,-0.4269262346731772,-0.3096617686426661,-0.3031529792768068,2.320124721519137,-0.596600539213493,-1.037364240502847,-1.381918445593629,-1.2545348720340188
1.151338957626657,-0.8879051519545104,-0.46852128566581813,-0.4269262346731772,3.2293298729878037,-0.3031529792768068,-0.4310113119027647,1.6761634196950517,-1.037364240502847,0.43083864333771027,0.08909889187020843
1.151338957626657,-0.8879051519545104,-0.46852128566581813,-0.4269262346731772,-0.3096617686426661,3.2986645962892145,-0.4310113119027647,-0.596600539213493,0.9639815611103627,1.4349293939063292,1.295018475219829
-0.868553950490285,1.126246421477271,-0.46852128566581813,-0.4269262346731772,-0.3096617686426661,-0.3031529792768068,-0.4310113119027647,-0.596600539213493,0.9639815611103627,1.4579542727260124,-0.4986530189291948
-0.868553950490285,1.126246421477271,-0.46852128566581813,-0.4269262346731772,-0.3096617686426661,-0.3031529792768068,-0.4310113119027647,-0.596600539213493,0.9639815611103627,-1.526679406929084,-0.5032215940649941
1.151338957626657,-0.8879051519545104,2.1343747458109497,-0.4269262346731772,-0.3096617686426661,-0.3031529792768068,-0.4310113119027647,-0.596600539213493,0.9639815611103627,1.4105285710116888,1.3415560051526694
-0.868553950490285,1.126246421477271,-0.46852128566581813,-0.4269262346731772,-0.3096617686426661,-0.3031529792768068,-0.4310113119027647,-0.596600539213493,-1.037364240502847,-0.725033188216187,-0.7211921223522231
-0.868553950490285,1.126246421477271,-0.46852128566581813,-0.4269262346731772,-0.3096617686426661,-0.3031529792768068,2.320124721519137,-0.596600539213493,0.9639815611103627,-0.7296239752607332,-1.274211411419328
-0.868553950490285,-0.8879051519545104,2.1343747458109497,-0.4269262346731772,-0.3096617686426661,-0.3031529792768068,2.320124721519137,-0.596600539213493,-1.037364240502847,-1.0271909751153119,-0.7455921070972091
-0.868553950490285,1.126246421477271,-0.46852128566581813,-0.4269262346731772,-0.3096617686426661,-0.3031529792768068,-0.4310113119027647,-0.596600539213493,0.9639815611103627,-0.5503595882136156,-0.7723724069564434
1.151338957626657,-0.8879051519545104,2.1343747458109497,-0.4269262346731772,-0.3096617686426661,-0.3031529792768068,-0.4310113119027647,-0.596600539213493,0.9639815611103627,-0.5868710154937313,0.13893192465149404
-0.868553950490285,1.126246421477271,-0.46852128566581813,-0.4269262346731772,-0.3096617686426661,-0.3031529792768068,-0.4310113119027647,-0.596600539213493,0.9639815611103627,-0.0112099652114582,-0.07280155650575777
-0.868553950490285,1.126246421477271,-0.46852128566581813,-0.4269262346731772,-0.3096617686426661,-0.3031529792768068,-0.4310113119027647,-0.596600539213493,-1.037364240502847,1.5289079667806533,0.04507561667296893
1.151338957626657,-0.8879051519545104,-0.46852128566581813,-0.4269262346731772,-0.3096617686426661,3.2986645962892145,-0.4310113119027647,1.6761634196950517,-1.037364240502847,-0.13362260842238244,1.5582515943558324
1.151338957626657,-0.8879051519545104,2.1343747458109497,-0.4269262346731772,-0.3096617686426661,3.2986645962892145,-0.4310113119027647,1.6761634196950517,-1.037364240502847,0.8632669056934457,1.3454492133678873
-0.868553950490285,1.126246421477271,-0.46852128566581813,-0.4269262346731772,-0.3096617686426661,-0.3031529792768068,2.320124721519137,-0.596600539213493,0.9639815611103627,1.3980526733609633,-0.6336920147987445
-0.868553950490285,-0.8879051519545104,-0.46852128566581813,-0.4269262346731772,-0.3096617686426661,-0.3031529792768068,2.320124721519137,-0.596600539213493,0.9639815611103627,0.9302289407675988,-1.4415518821231534
-0.868553950490285,-0.8879051519545104,2.1343747458109497,-0.4269262346731772,-0.3096617686426661,-0.3031529792768068,-0.4310113119027647,-0.596600539213493,-1.037364240502847,-0.16557710502826634,-0.5519961110941841
1.151338957626657,-0.8879051519545104,-0.46852128566581813,-0.4269262346731772,-0.3096617686426661,-0.3031529792768068,-0.4310113119027647,1.6761634196950517,-1.037364240502847,-0.5314579005764026,1.3721496746823276
1.151338957626657,-0.8879051519545104,-0.46852128566581813,-0.4269262346731772,-0.3096617686426661,3.2986645962892145,-0.4310113119027647,1.6761634196950517,-1.037364240502847,-0.1839572145656493,1.540670008191333
-0.868553950490285,1.126246421477271,-0.46852128566581813,-0.4269262346731772,-0.3096617686426661,-0.3031529792768068,-0.4310113119027647,-0.596600539213493,0.9639815611103627,-0.5793337349575729,-0.5599882781110452
-0.868553950490285,-0.8879051519545104,-0.46852128566581813,-0.4269262346731772,-0.3096617686426661,-0.3031529792768068,-0.4310113119027647,-0.596600539213493,0.9639815611103627,-1.3493594305090475,-1.6201607449514277
-0.868553950490285,1.126246421477271,-0.46852128566581813,-0.4269262346731772,-0.3096617686426661,-0.3031529792768068,-0.4310113119027647,-0.596600539213493,0.9639815611103627,-0.5597295293138111,-0.5834618441629997
1.151338957626657,-0.8879051519545104,2.1343747458109497,-0.4269262346731772,3.2293298729878037,-0.3031529792768068,-0.4310113119027647,1.6761634196950517,-1.037364240502847,0.9526827146390565,-0.07922021401778832
1.151338957626657,-0.8879051519545104,-0.46852128566581813,-0.4269262346731772,-0.3096617686426661,-0.3031529792768068,-0.4310113119027647,-0.596600539213493,0.9639815611103627,-1.2112788960404954,-1.2847816841196569
-0.868553950490285,1.126246421477271,-0.46852128566581813,-0.4269262346731772,-0.3096617686426661,-0.3031529792768068,2.320124721519137,-0.596600539213493,0.9639815611103627,1.5153814190483421,-0.011993343521867598
-0.868553950490285,1.126246421477271,-0.46852128566581813,-0.4269262346731772,-0.3096617686426661,-0.3031529792768068,-0.4310113119027647,-0.596600539213493,0.9639815611103627,-1.0029013354835732,1.7360059034931727
-0.868553950490285,-0.8879051519545104,-0.46852128566581813,-0.4269262346731772,-0.3096617686426661,-0.3031529792768068,-0.4310113119027647,-0.596600539213493,0.9639815611103627,-1.3480121325878665,-1.5846919451193247
1.151338957626657,-0.8879051519545104,2.1343747458109497,2.342325017260945,-0.3096617686426661,3.2986645962892145,-0.4310113119027647,1.6761634196950517,-1.037364240502847,0.49352439845884655,0.6667105261939742
1.151338957626657,-0.8879051519545104,-0.46852128566581813,2.342325017260945,-0.3096617686426661,-0.3031529792768068,-0.4310113119027647,1.6761634196950517,-1.037364240502847,0.4655774199083821,1.0063020233392066
1.151338957626657,-0.8879051519545104,-0.46852128566581813,-0.4269262346731772,-0.3096617686426661,3.2986645962892145,-0.4310113119027647,1.6761634196950517,-1.037364240502847,-0.5536027591318257,0.14298241578269255
1.151338957626657,-0.8879051519545104,-0.46852128566581813,-0.4269262346731772,-0.3096617686426661,3.2986645962892145,-0.4310113119027647,1.6761634196950517,-1.037364240502847,-0.4842711767667198,1.0002760125112669
1.151338957626657,-0.8879051519545104,2.1343747458109497,-0.4269262346731772,-0.3096617686426661,-0.3031529792768068,-0.4310113119027647,-0.596600539213493,0.9639815611103627,-0.6053807220295732,0.07972021123516004
-0.868553950490285,-0.8879051519545104,-0.46852128566581813,2.342325017260945,-0.3096617686426661,-0.3031529792768068,-0.4310113119027647,-0.596600539213493,0.9639815611103627,-0.5738747224099552,0.09533348587611143
1.151338957626657,-0.8879051519545104,-0.46852128566581813,-0.4269262346731772,-0.3096617686426661,-0.3031529792768068,-0.4310113119027647,-0.596600539213493,0.9639815611103627,-1.0413542616601152,-1.6215652394103242
1.151338957626657,-0.8879051519545104,2.1343747458109497,-0.4269262346731772,-0.3096617686426661,-0.3031529792768068,-0.4310113119027647,-0.596600539213493,0.9639815611103627,-0.6274747307846663,0.1473788394780449
-0.868553950490285,1.126246421477271,-0.46852128566581813,-0.4269262346731772,-0.3096617686426661,-0.3031529792768068,-0.4310113119027647,-0.596600539213493,0.9639815611103627,-0.030114584976229493,-0.06318673781729675
1.151338957626657,-0.8879051519545104,-0.46852128566581813,-0.4269262346731772,-0.3096617686426661,-0.3031529792768068,-0.4310113119027647,1.6761634196950517,-1.037364240502847,-0.031138904606522296,-0.5297498250914039
1.151338957626657,-0.8879051519545104,-0.46852128566581813,-0.4269262346731772,-0.3096617686426661,-0.3031529792768068,-0.4310113119027647,1.6761634196950517,-1.037364240502847,-0.1466158693438291,1.5542447085543478
-0.868553950490285,1.126246421477271,-0.46852128566581813,-0.4269262346731772,-0.3096617686426661,-0.3031529792768068,-0.4310113119027647,-0.596600539213493,-1.037364240502847,-1.104143467748637,-1.287437671489054
1.151338957626657,-0.8879051519545104,2.1343747458109497,-0.4269262346731772,3.2293298729878037,-0.3031529792768068,-0.4310113119027647,1.6761634196950517,-1.037364240502847,0.4613593389018137,0.6129049929191532
-0.868553950490285,-0.8879051519545104,-0.46852128566581813,-0.4269262346731772,-0.3096617686426661,-0.3031529792768068,2.320124721519137,-0.596600539213493,0.9639815611103627,0.9157416509420494,-1.4626273788091417
1.151338957626657,-0.8879051519545104,2.1343747458109497,-0.4269262346731772,-0.3096617686426661,-0.3031529792768068,-0.4310113119027647,-0.596600539213493,0.9639815611103627,-0.578961626660057,0.14114192552350674
1.151338957626657,-0.8879051519545104,-0.46852128566581813,2.342325017260945,-0.3096617686426661,-0.3031529792768068,-0.4310113119027647,1.6761634196950517,-1.037364240502847,-0.025338821846239694,1.0417741228213275
-0.868553950490285,1.126246421477271,-0.46852128566581813,-0.4269262346731772,-0.3096617686426661,-0.3031529792768068,-0.4310113119027647,-0.596600539213493,0.9639815611103627,-1.1055393421785076,-0.8624392670437226
1.151338957626657,-0.8879051519545104,2.1343747458109497,-0.4269262346731772,-0.3096617686426661,-0.3031529792768068,-0.4310113119027647,-0.596600539213493,0.9639815611103627,-0.6169710108450116,0.17849315161930798
1.151338957626657,-0.8879051519545104,2.1343747458109497,2.342325017260945,-0.3096617686426661,3.2986645962892145,-0.4310113119027647,1.6761634196950517,-1.037364240502847,0.537959461384707,0.6237908577796502
-0.868553950490285,1.126246421477271,-0.46852128566581813,-0.4269262346731772,-0.3096617686426661,-0.3031529792768068,-0.4310113119027647,-0.596600539213493,-1.037364240502847,-0.9060507457436723,-1.2445495852273911
1.151338957626657,-0.8879051519545104,-0.46852128566581813,2.342325017260945,-0.3096617686426661,-0.3031529792768068,-0.4310113119027647,-0.596600539213493,0.9639815611103627,-0.26305811452559164,0.5633770900113171
-0.868553950490285,-0.8879051519545104,-0.46852128566581813,-0.4269262346731772,-0.3096617686426661,-0.3031529792768068,-0.4310113119027647,-0.596600539213493,-1.037364240502847,-1.652901133035105,-1.2213307097981165
1.151338957626657,-0.8879051519545104,-0.46852128566581813,-0.4269262346731772,-0.3096617686426661,-0.3031529792768068,-0.4310113119027647,-0.596600539213493,0.9639815611103627,-1.009941913433654,0.17136563015709003
-0.868553950490285,1.126246421477271,-0.46852128566581813,-0.4269262346731772,-0.3096617686426661,-0.3031529792768068,-0.4310113119027647,-0.596600539213493,0.9639815611103627,-1.45221554259916,-1.2315320397484721
-0.868553950490285,1.126246421477271,-0.46852128566581813,-0.4269262346731772,-0.3096617686426661,-0.3031529792768068,-0.4310113119027647,-0.596600539213493,0.9639815611103627,0.9329728621755404,0.18580013412407334
1.151338957626657,-0.8879051519545104,-0.46852128566581813,-0.4269262346731772,-0.3096617686426661,-0.3031529792768068,-0.4310113119027647,1.6761634196950517,-1.037364240502847,-0.10907067218364999,1.5595738640058676
1.151338957626657,-0.8879051519545104,2.1343747458109497,-0.4269262346731772,-0.3096617686426661,-0.3031529792768068,-0.4310113119027647,-0.596600539213493,0.9639815611103627,-0.5924812656913976,0.10503788099072803
-0.868553950490285,1.126246421477271,-0.46852128566581813,-0.4269262346731772,-0.3096617686426661,-0.3031529792768068,2.320124721519137,-0.596600539213493,-1.037364240502847,0.9203400080588108,-1.5325390026369194
1.151338957626657,-0.8879051519545104,2.1343747458109497,2.342325017260945,-0.3096617686426661,3.2986645962892145,-0.4310113119027647,1.6761634196950517,-1.037364240502847,0.48958103121448676,0.6063586860188196
1.151338957626657,-0.8879051519545104,2.1343747458109497,-0.4269262346731772,-0.3096617686426661,-0.3031529792768068,-0.4310113119027647,-0.596600539213493,0.9639815611103627,-0.62303740774203,0.15852122889749826
-0.868553950490285,1.126246421477271,-0.46852128566581813,-0.4269262346731772,-0.3096617686426661,-0.3031529792768068,-0.4310113119027647,-0.596600539213493,0.9639815611103627,-0.5759532066962445,-0.6158447056087006
-0.868553950490285,1.126246421477271,-0.46852128566581813,-0.4269262346731772,-0.3096617686426661,-0.3031529792768068,-0.4310113119027647,-0.596600539213493,0.9639815611103627,1.430656844655359,-0.5100503102327456
-0.868553950490285,1.126246421477271,-0.46852128566581813,-0.4269262346731772,-0.3096617686426661,-0.3031529792768068,-0.4310113119027647,-0.596600539213493,0.9639815611103627,-1.4937048265409987,-0.5259404918596101
1.151338957626657,-0.8879051519545104,-0.46852128566581813,-0.4269262346731772,-0.3096617686426661,-0.3031529792768068,-0.4310113119027647,-0.596600539213493,0.9639815611103627,-0.9199001742400909,-1.3423182780158327
1.151338957626657,-0.8879051519545104,-0.46852128566581813,-0.4269262346731772,3.2293298729878037,-0.3031529792768068,-0.4310113119027647,1.6761634196950517,-1.037364240502847,0.4850811909744508,0.10676583928322599
-0.868553950490285,1.126246421477271,-0.46852128566581813,-0.4269262346731772,-0.3096617686426661,-0.3031529792768068,-0.4310113119027647,-0.596600539213493,0.9639815611103627,0.8842372374550648,0.15693226560214713
-0.868553950490285,-0.8879051519545104,-0.46852128566581813,2.342325017260945,-0.3096617686426661,-0.3031529792768068,-0.4310113119027647,-0.596600539213493,0.9639815611103627,-0.5473577806910694,0.16226924141367827
1.151338957626657,-0.8879051519545104,-0.46852128566581813,-0.4269262346731772,-0.3096617686426661,3.2986645962892145,-0.4310113119027647,1.6761634196950517,-1.037364240502847,-0.622164174640738,0.14955456992409205
1.151338957626657,-0.8879051519545104,-0.46852128566581813,2.342325017260945,-0.3096617686426661,-0.3031529792768068,-0.4310113119027647,-0.596600539213493,0.9639815611103627,0.46059609937730517,0.623991678821434
1.151338957626657,-0.8879051519545104,-0.46852128566581813,-0.4269262346731772,-0.3096617686426661,3.2986645962892145,-0.4310113119027647,-0.596600539213493,0.9639815611103627,1.4417120971087303,1.282784482195753
-0.868553950490285,1.126246421477271,-0.46852128566581813,-0.4269262346731772,-0.3096617686426661,-0.3031529792768068,2.320124721519137,-0.596600539213493,-1.037364240502847,0.9800657303441702,1.6508174021005395
-0.868553950490285,1.126246421477271,-0.46852128566581813,-0.4269262346731772,-0.3096617686426661,-0.3031529792768068,-0.4310113119027647,-0.596600539213493,0.9639815611103627,1.644336106379143,-0.8756194992799344
1.151338957626657,-0.8879051519545104,-0.46852128566581813,2.342325017260945,-0.3096617686426661,-0.3031529792768068,-0.4310113119027647,1.6761634196950517,-1.037364240502847,0.4727026000811773,1.0662812254645704
-0.868553950490285,1.126246421477271,-0.46852128566581813,-0.4269262346731772,-0.3096617686426661,-0.3031529792768068,-0.4310113119027647,-0.596600539213493,0.9639815611103627,-1.46431541509572,-1.2885592407559328
1.151338957626657,-0.8879051519545104,2.1343747458109497,2.342325017260945,3.2293298729878037,-0.3031529792768068,-0.4310113119027647,1.6761634196950517,-1.037364240502847,0.2538356202996589,0.6016734179088684
-0.868553950490285,1.126246421477271,-0.46852128566581813,-0.4269262346731772,-0.3096617686426661,-0.3031529792768068,-0.4310113119027647,-0.596600539213493,0.9639815611103627,0.4684013881926968,-1.2573525818854085
1.151338957626657,-0.8879051519545104,2.1343747458109497,-0.4269262346731772,-0.3096617686426661,3.2986645962892145,-0.4310113119027647,1.6761634196950517,-1.037364240502847,0.9398868391831752,1.3816351064007066
1.151338957626657,-0.8879051519545104,-0.46852128566581813,-0.4269262346731772,-0.3096617686426661,-0.3031529792768068,-0.4310113119027647,1.6761634196950517,-1.037364240502847,-0.06433973111420371,-0.5417397610957412
-0.868553950490285,-0.8879051519545104,-0.46852128566581813,-0.4269262346731772,-0.3096617686426661,-0.3031529792768068,-0.4310113119027647,-0.596600539213493,-1.037364240502847,-1.652901133035105,-1.2195572610408134
-0.868553950490285,-0.8879051519545104,-0.46852128566581813,2.342325017260945,3.2293298729878037,-0.3031529792768068,-0.4310113119027647,1.6761634196950517,-1.037364240502847,0.029537933230363224,1.0155432676219944
1.151338957626657,-0.8879051519545104,-0.46852128566581813,-0.4269262346731772,-0.3096617686426661,-0.3031529792768068,-0.4310113119027647,1.6761634196950517,-1.037364240502847,-0.1974076871001039,1.5855161454443611
1.151338957626657,-0.8879051519545104,-0.46852128566581813,-0.4269262346731772,-0.3096617686426661,-0.3031529792768068,-0.4310113119027647,-0.596600539213493,0.9639815611103627,-1.0434848416996183,-1.6215652394103242
1.151338957626657,-0.8879051519545104,-0.46852128566581813,-0.4269262346731772,-0.3096617686426661,-0.3031529792768068,-0.4310113119027647,1.6761634196950517,-1.037364240502847,-0.0006439744348192125,-0.505508285119809
1.151338957626657,-0.8879051519545104,2.1343747458109497,2.342325017260945,-0.3096617686426661,3.2986645962892145,-0.4310113119027647,1.6761634196950517,-1.037364240502847,0.503145834933269,0.5919110523724391
1.151338957626657,-0.8879051519545104,-0.46852128566581813,2.342325017260945,-0.3096617686426661,-0.3031529792768068,-0.4310113119027647,-0.596600539213493,0.9639815611103627,0.3957079823815015,0.6225549928336624
-0.868553950490285,1.126246421477271,-0.46852128566581813,-0.4269262346731772,-0.3096617686426661,-0.3031529792768068,-0.4310113119027647,-0.596600539213493,-1.037364240502847,1.5790959766727437,0.09522201055677602
-0.868553950490285,1.126246421477271,-0.46852128566581813,-0.4269262346731772,-0.3096617686426661,-0.3031529792768068,-0.4310113119027647,-0.596600539213493,0.9639815611103627,-1.215728975232991,-1.533552576698945
1.151338957626657,-0.8879051519545104,-0.46852128566581813,-0.4269262346731772,-0.3096617686426661,-0.3031529792768068,-0.4310113119027647,1.6761634196950517,-1.037364240502847,-0.2017669754012439,1.568274835763605
-0.868553950490285,1.126246421477271,-0.46852128566581813,-0.4269262346731772,-0.3096617686426661,-0.3031529792768068,-0.4310113119027647,-0.596600539213493,0.9639815611103627,0.41687476235334897,-1.2646364550552038
-0.868553950490285,1.126246421477271,-0.46852128566581813,-0.4269262346731772,-0.3096617686426661,-0.3031529792768068,-0.4310113119027647,-0.596600539213493,-1.037364240502847,-1.0589273888875352,-1.296167547577263
1.151338957626657,-0.8879051519545104,-0.46852128566581813,-0.4269262346731772,-0.3096617686426661,-0.3031529792768068,-0.4310113119027647,1.6761634196950517,-1.037364240502847,-0.036189695821774406,-0.5265095169697961
1.151338957626657,-0.8879051519545104,-0.46852128566581813,-0.4269262346731772,-0.3096617686426661,-0.3031529792768068,-0.4310113119027647,1.6761634196950517,-1.037364240502847,-0.1645035777559226,1.5269234666374503
-0.868553950490285,1.126246421477271,-0.46852128566581813,-0.4269262346731772,-0.3096617686426661,-0.3031529792768068,-0.4310113119027647,-0.596600539213493,0.9639815611103627,1.669944228831603,-0.9097607007108939
-0.868553950490285,1.126246421477271,-0.46852128566581813,-0.4269262346731772,-0.3096617686426661,-0.3031529792768068,-0.4310113119027647,-0.596600539213493,0.9639815611103627,-0.08542820568483113,-0.09879907976472647
-0.868553950490285,1.126246421477271,-0.46852128566581813,-0.4269262346731772,-0.3096617686426661,-0.3031529792768068,2.320124721519137,-0.596600539213493,0.9639815611103627,1.5448202403339777,-0.04311195918036007
1.151338957626657,-0.8879051519545104,2.1343747458109497,-0.4269262346731772,-0.3096617686426661,-0.3031529792768068,-0.4310113119027647,1.6761634196950517,-1.037364240502847,1.764895610975105,1.39872865794037
1.151338957626657,-0.8879051519545104,-0.46852128566581813,2.342325017260945,-0.3096617686426661,-0.3031529792768068,-0.4310113119027647,-0.596600539213493,0.9639815611103627,0.43629885942330887,0.6081554721984854
-0.868553950490285,1.126246421477271,-0.46852128566581813,-0.4269262346731772,-0.3096617686426661,-0.3031529792768068,-0.4310113119027647,-0.596600539213493,0.9639815611103627,1.6380747864842506,-0.9265318538622863
-0.868553950490285,1.126246421477271,-0.46852128566581813,-0.4269262346731772,-0.3096617686426661,-0.3031529792768068,-0.4310113119027647,-0.596600539213493,0.9639815611103627,1.6582014241262752,-0.9395516192562786
-0.868553950490285,1.126246421477271,-0.46852128566581813,-0.4269262346731772,-0.3096617686426661,-0.3031529792768068,2.320124721519137,-0.596600539213493,-1.037364240502847,-1.3218796757367928,-1.2527398468298483
1.151338957626657,-0.8879051519545104,-0.46852128566581813,-0.4269262346731772,-0.3096617686426661,-0.3031529792768068,-0.4310113119027647,1.6761634196950517,-1.037364240502847,-0.5497193273804866,1.3358206051086434
1.151338957626657,-0.8879051519545104,-0.46852128566581813,-0.4269262346731772,-0.3096617686426661,-0.3031529792768068,-0.4310113119027647,-0.596600539213493,0.9639815611103627,1.2730340468152777,0.6337240642544972
1.151338957626657,-0.8879051519545104,-0.46852128566581813,2.342325017260945,-0.3096617686426661,-0.3031529792768068,-0.4310113119027647,1.6761634196950517,-1.037364240502847,-0.613921197785319,1.5503383491292912
-0.868553950490285,1.126246421477271,-0.46852128566581813,-0.4269262346731772,-0.3096617686426661,-0.3031529792768068,-0.4310113119027647,-0.596600539213493,-1.037364240502847,-0.7589232624976606,-0.7035775549685781
1.151338957626657,-0.8879051519545104,2.1343747458109497,-0.4269262346731772,3.2293298729878037,-0.3031529792768068,-0.4310113119027647,1.6761634196950517,-1.037364240502847,0.4301183470732147,0.6555395633478491
-0.868553950490285,1.126246421477271,-0.46852128566581813,-0.4269262346731772,-0.3096617686426661,-0.3031529792768068,-0.4310113119027647,-0.596600539213493,0.9639815611103627,-0.011241180600771951,-0.023694498070770436
1.151338957626657,-0.8879051519545104,-0.46852128566581813,-0.4269262346731772,-0.3096617686426661,-0.3031529792768068,-0.4310113119027647,-0.596600539213493,0.9639815611103627,-1.0003044561461678,0.1679030977751234
-0.868553950490285,1.126246421477271,-0.46852128566581813,-0.4269262346731772,-0.3096617686426661,-0.3031529792768068,2.320124721519137,-0.596600539213493,0.9639815611103627,-1.3523956648565407,0.14230862137299183
-0.868553950490285,1.126246421477271,-0.46852128566581813,-0.4269262346731772,-0.3096617686426661,-0.3031529792768068,2.320124721519137,-0.596600539213493,-1.037364240502847,0.8866939415204147,1.6730212008790026
1.151338957626657,-0.8879051519545104,-0.46852128566581813,-0.4269262346731772,-0.3096617686426661,-0.3031529792768068,-0.4310113119027647,-0.596600539213493,0.9639815611103627,-1.0463244096642066,-1.5781451020977941
1.151338957626657,-0.8879051519545104,-0.46852128566581813,-0.4269262346731772,-0.3096617686426661,-0.3031529792768068,-0.4310113119027647,1.6761634196950517,-1.037364240502847,-0.14719499568433933,1.530894871970807
1.151338957626657,-0.8879051519545104,-0.46852128566581813,-0.4269262346731772,-0.3096617686426661,-0.3031529792768068,-0.4310113119027647,-0.596600539213493,0.9639815611103627,-0.9759386504768391,0.08814630146287188
-0.868553950490285,1.126246421477271,-0.46852128566581813,-0.4269262346731772,-0.3096617686426661,-0.3031529792768068,-0.4310113119027647,-0.596600539213493,0.9639815611103627,-0.034765698453921565,-0.06716945171903221
1.151338957626657,-0.8879051519545104,-0.46852128566581813,-0.4269262346731772,-0.3096617686426661,-0.3031529792768068,-0.4310113119027647,-0.596600539213493,0.9639815611103627,-0.7549236089235877,1.7504397929374764
-0.868553950490285,1.126246421477271,-0.46852128566581813,-0.4269262346731772,-0.3096617686426661,-0.3031529792768068,-0.4310113119027647,-0.596600539213493,0.9639815611103627,0.9173658775203574,0.0837059913128119
-0.868553950490285,1.126246421477271,-0.46852128566581813,-0.4269262346731772,-0.3096617686426661,-0.3031529792768068,-0.4310113119027647,-0.596600539213493,0.9639815611103627,-1.0072742960185177,1.7427715514940194
-0.868553950490285,-0.8879051519545104,-0.46852128566581813,-0.4269262346731772,-0.3096617686426661,-0.3031529792768068,-0.4310113119027647,-0.596600539213493,-1.037364240502847,-1.652901133035105,0.11780783614888539
-0.868553950490285,1.126246421477271,-0.46852128566581813,-0.4269262346731772,-0.3096617686426661,-0.3031529792768068,-0.4310113119027647,-0.596600539213493,-1.037364240502847,1.5557757824568228,0.14741145028924776
1.151338957626657,-0.8879051519545104,2.1343747458109497,-0.4269262346731772,-0.3096617686426661,-0.3031529792768068,-0.4310113119027647,1.6761634196950517,-1.037364240502847,1.7569920277616613,1.3764215478702142
1.151338957626657,-0.8879051519545104,-0.46852128566581813,-0.4269262346731772,-0.3096617686426661,-0.3031529792768068,-0.4310113119027647,-0.596600539213493,0.9639815611103627,-0.9557820885960879,0.15594564516636858
-0.868553950490285,1.126246421477271,-0.46852128566581813,-0.4269262346731772,-0.3096617686426661,-0.3031529792768068,2.320124721519137,-0.596600539213493,0.9639815611103627,-1.315339516243881,0.11368502422181023
-0.868553950490285,1.126246421477271,-0.46852128566581813,-0.4269262346731772,-0.3096617686426661,-0.3031529792768068,-0.4310113119027647,-0.596600539213493,0.9639815611103627,1.7051916341326943,-0.9119345284820833
-0.868553950490285,1.126246421477271,-0.46852128566581813,-0.4269262346731772,-0.3096617686426661,-0.3031529792768068,-0.4310113119027647,-0.596600539213493,0.9639815611103627,-0.9513932321367263,1.7175111982846452
-0.868553950490285,1.126246421477271,-0.46852128566581813,-0.4269262346731772,-0.3096617686426661,-0.3031529792768068,2.320124721519137,-0.596600539213493,0.9639815611103627,-1.4025382514752731,0.1860767997810428
1.151338957626657,-0.8879051519545104,-0.46852128566581813,2.342325017260945,-0.3096617686426661,-0.3031529792768068,-0.4310113119027647,-0.596600539213493,0.9639815611103627,0.4720176618193228,0.5657244072353116
1.151338957626657,-0.8879051519545104,-0.46852128566581813,-0.4269262346731772,-0.3096617686426661,-0.3031529792768068,-0.4310113119027647,1.6761634196950517,-1.037364240502847,-0.5918495359908993,1.3513792741443613
1.151338957626657,-0.8879051519545104,-0.46852128566581813,-0.4269262346731772,-0.3096617686426661,-0.3031529792768068,-0.4310113119027647,1.6761634196950517,-1.037364240502847,-0.14414215468554384,1.5586782999815432
-0.868553950490285,1.126246421477271,-0.46852128566581813,-0.4269262346731772,-0.3096617686426661,-0.3031529792768068,-0.4310113119027647,-0.596600539213493,-1.037364240502847,1.5380609335902637,0.15874912561498966
-0.868553950490285,1.126246421477271,-0.46852128566581813,-0.4269262346731772,-0.3096617686426661,-0.3031529792768068,-0.4310113119027647,-0.596600539213493,0.9639815611103627,-1.2137871418488408,-1.5094544501423868
-0.868553950490285,1.126246421477271,-0.46852128566581813,-0.4269262346731772,-0.3096617686426661,-0.3031529792768068,-0.4310113119027647,-0.596600539213493,0.9639815611103627,-0.052015420366623315,-0.009115047538878613
1.151338957626657,-0.8879051519545104,-0.46852128566581813,2.342325017260945,-0.3096617686426661,-0.3031529792768068,-0.4310113119027647,-0.596600539213493,0.9639815611103627,-0.2651880500691484,0.6238556916471388
1.151338957626657,-0.8879051519545104,2.1343747458109497,2.342325017260945,-0.3096617686426661,3.2986645962892145,-0.4310113119027647,1.6761634196950517,-1.037364240502847,0.44788748128920114,0.599234535109269
-0.868553950490285,1.126246421477271,-0.46852128566581813,-0.4269262346731772,-0.3096617686426661,-0.3031529792768068,-0.4310113119027647,-0.596600539213493,0.9639815611103627,1.6674176650766481,-0.8550617745062692
1.151338957626657,-0.8879051519545104,2.1343747458109497,-0.4269262346731772,3.2293298729878037,-0.3031529792768068,-0.4310113119027647,1.6761634196950517,-1.037364240502847,0.8960381956859225,-0.14511533693424475
1.151338957626657,-0.8879051519545104,2.1343747458109497,2.342325017260945,3.2293298729878037,-0.3031529792768068,-0.4310113119027647,1.6761634196950517,-1.037364240502847,0.2564343062727664,0.6775274506864817
-0.868553950490285,1.126246421477271,-0.46852128566581813,-0.4269262346731772,-0.3096617686426661,-0.3031529792768068,-0.4310113119027647,-0.596600539213493,-1.037364240502847,-0.7715968697551895,-0.7030462395145206
1.151338957626657,-0.8879051519545104,2.1343747458109497,-0.4269262346731772,3.2293298729878037,-0.3031529792768068,-0.4310113119027647,1.6761634196950517,-1.037364240502847,0.4183355681140592,0.644187866226768
1.151338957626657,-0.8879051519545104,2.1343747458109497,-0.4269262346731772,-0.3096617686426661,-0.3031529792768068,-0.4310113119027647,1.6761634196950517,-1.037364240502847,1.719076049616168,1.3819691886453311
-0.868553950490285,1.126246421477271,-0.46852128566581813,-0.4269262346731772,-0.3096617686426661,-0.3031529792768068,2.320124721519137,-0.596600539213493,-1.037364240502847,0.9162406756317579,-0.49664930594215845
1.151338957626657,-0.8879051519545104,-0.46852128566581813,2.342325017260945,-0.3096617686426661,-0.3031529792768068,-0.4310113119027647,-0.596600539213493,-1.037364240502847,0.9107000452017895,0.621059594051605
-0.868553950490285,1.126246421477271,-0.46852128566581813,-0.4269262346731772,-0.3096617686426661,-0.3031529792768068,2.320124721519137,-0.596600539213493,-1.037364240502847,-1.333190713345501,-1.2673944853343058
-0.868553950490285,1.126246421477271,-0.46852128566581813,-0.4269262346731772,-0.3096617686426661,-0.3031529792768068,-0.4310113119027647,-0.596600539213493,0.9639815611103627,-1.4646811397394868,-1.2967275323733478
-0.868553950490285,-0.8879051519545104,-0.46852128566581813,-0.4269262346731772,-0.3096617686426661,-0.3031529792768068,-0.4310113119027647,-0.596600539213493,0.9639815611103627,-1.37431019420523,-1.5536575336229745
-0.868553950490285,1.126246421477271,-0.46852128566581813,-0.4269262346731772,-0.3096617686426661,-0.3031529792768068,-0.4310113119027647,-0.596600539213493,-1.037364240502847,-1.1648635787283494,-1.2779905739158406
-0.868553950490285,1.126246421477271,-0.46852128566581813,-0.4269262346731772,-0.3096617686426661,-0.3031529792768068,-0.4310113119027647,-0.596600539213493,0.9639815611103627,-1.418900278206898,-1.2257644996239923
-0.868553950490285,1.126246421477271,-0.46852128566581813,-0.4269262346731772,-0.3096617686426661,-0.3031529792768068,-0.4310113119027647,-0.596600539213493,0.9639815611103627,0.8818560290286895,0.09619587241356159
-0.868553950490285,1.126246421477271,2.1343747458109497,-0.4269262346731772,-0.3096617686426661,-0.3031529792768068,-0.4310113119027647,-0.596600539213493,-1.037364240502847,0.47785742077826154,-0.5175890300647582
-0.868553950490285,1.126246421477271,-0.46852128566581813,-0.4269262346731772,-0.3096617686426661,-0.3031529792768068,2.320124721519137,-0.596600539213493,-1.037364240502847,-1.3743074237319801,-1.270656346513254
1.151338957626657,-0.8879051519545104,-0.46852128566581813,2.342325017260945,-0.3096617686426661,-0.3031529792768068,-0.4310113119027647,-0.596600539213493,-1.037364240502847,1.8432197430083486,0.6813240794285512
1.151338957626657,-0.8879051519545104,-0.46852128566581813,-0.4269262346731772,-0.3096617686426661,-0.3031529792768068,-0.4310113119027647,-0.596600539213493,0.9639815611103627,-0.7496338265875904,1.7453654829330703
1.151338957626657,-0.8879051519545104,2.1343747458109497,-0.4269262346731772,3.2293298729878037,-0.3031529792768068,-0.4310113119027647,1.6761634196950517,-1.037364240502847,0.5225599412197189,0.6550811201730059
-0.868553950490285,1.126246421477271,-0.46852128566581813,-0.4269262346731772,-0.3096617686426661,-0.3031529792768068,2.320124721519137,-0.596600539213493,-1.037364240502847,-1.3470677159184157,-1.3063148880758098
-0.868553950490285,1.126246421477271,-0.46852128566581813,-0.4269262346731772,-0.3096617686426661,-0.3031529792768068,2.320124721519137,-0.596600539213493,0.9639815611103627,1.5495505179034401,-0.06882357362455199
1.151338957626657,-0.8879051519545104,2.1343747458109497,-0.4269262346731772,-0.3096617686426661,-0.3031529792768068,-0.4310113119027647,1.6761634196950517,-1.037364240502847,1.7202722918956002,1.373718934898383
-0.868553950490285,1.126246421477271,-0.46852128566581813,-0.4269262346731772,-0.3096617686426661,-0.3031529792768068,2.320124721519137,-0.596600539213493,0.9639815611103627,0.44815698545029653,1.2718524797022586
-0.868553950490285,1.126246421477271,-0.46852128566581813,-0.4269262346731772,-0.3096617686426661,-0.3031529792768068,-0.4310113119027647,-0.596600539213493,-1.037364240502847,-1.1482135354569425,-1.2646122967561426
-0.868553950490285,1.126246421477271,-0.46852128566581813,-0.4269262346731772,-0.3096617686426661,-0.3031529792768068,-0.4310113119027647,-0.596600539213493,-1.037364240502847,-0.7464181874514342,-0.7405122784299174
-0.868553950490285,1.126246421477271,-0.46852128566581813,-0.4269262346731772,-0.3096617686426661,-0.3031529792768068,-0.4310113119027647,-0.596600539213493,0.9639815611103627,-1.4369456759006871,-1.2899545330123707
-0.868553950490285,1.126246421477271,-0.46852128566581813,-0.4269262346731772,-0.3096617686426661,-0.3031529792768068,-0.4310113119027647,-0.596600539213493,-1.037364240502847,-0.7346511016848338,-0.6948058772654242
-0.868553950490285,1.126246421477271,-0.46852128566581813,-0.4269262346731772,-0.3096617686426661,-0.3031529792768068,2.320124721519137,-0.596600539213493,-1.037364240502847,0.9648553010190086,-1.6119850822681858
1.151338957626657,-0.8879051519545104,-0.46852128566581813,2.342325017260945,-0.3096617686426661,-0.3031529792768068,-0.4310113119027647,1.6761634196950517,-1.037364240502847,0.4633842326051457,1.0422031785643893
1.151338957626657,-0.8879051519545104,-0.46852128566581813,-0.4269262346731772,-0.3096617686426661,-0.3031529792768068,-0.4310113119027647,1.6761634196950517,-1.037364240502847,-0.6242273779373853,1.3291669739908563
1.151338957626657,-0.8879051519545104,-0.46852128566581813,2.342325017260945,-0.3096617686426661,-0.3031529792768068,-0.4310113119027647,-0.596600539213493,0.9639815611103627,1.2893196515140437,0.5578036142213763
-0.868553950490285,-0.8879051519545104,-0.46852128566581813,2.342325017260945,3.2293298729878037,-0.3031529792768068,-0.4310113119027647,1.6761634196950517,-1.037364240502847,-0.00547434495156143,1.0470859614112569
1.151338957626657,-0.8879051519545104,-0.46852128566581813,-0.4269262346731772,-0.3096617686426661,-0.3031529792768068,-0.4310113119027647,1.6761634196950517,-1.037364240502847,-0.15622082983240423,1.5675506739334615
-0.868553950490285,1.126246421477271,-0.46852128566581813,-0.4269262346731772,-0.3096617686426661,-0.3031529792768068,-0.4310113119027647,-0.596600539213493,0.9639815611103627,-1.2460024231531623,-1.5166681587436934
-0.868553950490285,1.126246421477271,-0.46852128566581813,-0.4269262346731772,-0.3096617686426661,-0.3031529792768068,-0.4310113119027647,-0.596600539213493,0.9639815611103627,-0.04866982034846547,-0.04767198341088754
-0.868553950490285,1.126246421477271,-0.46852128566581813,-0.4269262346731772,-0.3096617686426661,-0.3031529792768068,-0.4310113119027647,-0.596600539213493,-1.037364240502847,-1.1263445580810052,-1.1987304072918008
-0.868553950490285,1.126246421477271,-0.46852128566581813,-0.4269262346731772,-0.3096617686426661,-0.3031529792768068,-0.4310113119027647,-0.596600539213493,0.9639815611103627,-1.137525799332561,-0.876824057397788
-0.868553950490285,1.126246421477271,-0.46852128566581813,-0.4269262346731772,-0.3096617686426661,-0.3031529792768068,-0.4310113119027647,-0.596600539213493,0.9639815611103627,-0.8649150973321147,-0.4788147238844511
1.151338957626657,-0.8879051519545104,2.1343747458109497,-0.4269262346731772,3.2293298729878037,-0.3031529792768068,-0.4310113119027647,1.6761634196950517,-1.037364240502847,0.4505092251546232,0.5708034672991784
1.151338957626657,-0.8879051519545104,2.1343747458109497,-0.4269262346731772,-0.3096617686426661,-0.3031529792768068,-0.4310113119027647,1.6761634196950517,-1.037364240502847,1.7467934053255543,1.3511512507711803
-0.868553950490285,1.126246421477271,-0.46852128566581813,-0.4269262346731772,-0.3096617686426661,-0.3031529792768068,2.320124721519137,-0.596600539213493,-1.037364240502847,-1.4891196925580388,-1.3219928473265885
-0.868553950490285,1.126246421477271,-0.46852128566581813,-0.4269262346731772,-0.3096617686426661,-0.3031529792768068,-0.4310113119027647,-0.596600539213493,0.9639815611103627,1.428467875040146,-0.5106987119275196
-0.868553950490285,1.126246421477271,-0.46852128566581813,-0.4269262346731772,-0.3096617686426661,-0.3031529792768068,-0.4310113119027647,-0.596600539213493,0.9639815611103627,1.6834275695913254,-0.9187539234637055
1.151338957626657,-0.8879051519545104,-0.46852128566581813,2.342325017260945,-0.3096617686426661,-0.3031529792768068,-0.4310113119027647,-0.596600539213493,-1.037364240502847,-1.5873331773938724,-0.6732107430015578
1.151338957626657,-0.8879051519545104,2.1343747458109497,2.342325017260945,3.2293298729878037,-0.3031529792768068,-0.4310113119027647,1.6761634196950517,-1.037364240502847,0.28231126355803265,0.5927400427952146
1.151338957626657,-0.8879051519545104,2.1343747458109497,2.342325017260945,3.2293298729878037,-0.3031529792768068,-0.4310113119027647,1.6761634196950517,-1.037364240502847,0.2559443116194867,0.6125640727503768
1.151338957626657,-0.8879051519545104,-0.46852128566581813,-0.4269262346731772,-0.3096617686426661,-0.3031529792768068,-0.4310113119027647,-0.596600539213493,0.9639815611103627,-1.2003241451532434,-1.3041148742132986
1.151338957626657,-0.8879051519545104,-0.46852128566581813,2.342325017260945,-0.3096617686426661,-0.3031529792768068,-0.4310113119027647,-0.596600539213493,0.9639815611103627,1.2213988999390595,0.6042318779981575
1.151338957626657,-0.8879051519545104,2.1343747458109497,-0.4269262346731772,-0.3096617686426661,3.2986645962892145,-0.4310113119027647,1.6761634196950517,-1.037364240502847,0.27151308686870324,1.5135592701348919
1.151338957626657,-0.8879051519545104,2.1343747458109497,2.342325017260945,3.2293298729878037,-0.3031529792768068,-0.4310113119027647,1.6761634196950517,-1.037364240502847,0.4343739642048115,0.9908559863034632
1.151338957626657,-0.8879051519545104,2.1343747458109497,-0.4269262346731772,-0.3096617686426661,-0.3031529792768068,-0.4310113119027647,1.6761634196950517,-1.037364240502847,1.7774572916908862,1.334581749838343
-0.868553950490285,1.126246421477271,-0.46852128566581813,-0.4269262346731772,-0.3096617686426661,-0.3031529792768068,-0.4310113119027647,-0.596600539213493,0.9639815611103627,1.6651563970735315,-0.8780872462801013
-0.868553950490285,-0.8879051519545104,-0.46852128566581813,2.342325017260945,3.2293298729878037,-0.3031529792768068,-0.4310113119027647,1.6761634196950517,-1.037364240502847,0.01931738897871441,1.0800786326045515
-0.868553950490285,1.126246421477271,-0.46852128566581813,-0.4269262346731772,-0.3096617686426661,-0.3031529792768068,2.320124721519137,-0.596600539213493,0.9639815611103627,-1.3470620020048025,0.1505874647584834
-0.868553950490285,1.126246421477271,-0.46852128566581813,-0.4269262346731772,-0.3096617686426661,-0.3031529792768068,-0.4310113119027647,-0.596600539213493,0.9639815611103627,0.42062544341955826,-1.277017563542346
-0.868553950490285,1.126246421477271,-0.46852128566581813,-0.4269262346731772,-0.3096617686426661,-0.3031529792768068,-0.4310113119027647,-0.596600539213493,0.9639815611103627,-1.0181271150552156,1.7329750419163532
1.151338957626657,-0.8879051519545104,-0.46852128566581813,2.342325017260945,-0.3096617686426661,-0.3031529792768068,-0.4310113119027647,-0.596600539213493,0.9639815611103627,1.2186431206635089,0.6474657369584254
-0.868553950490285,1.126246421477271,-0.46852128566581813,-0.4269262346731772,-0.3096617686426661,-0.3031529792768068,-0.4310113119027647,-0.596600539213493,0.9639815611103627,1.6868638407160288,-0.8924999501431212
1.151338957626657,-0.8879051519545104,-0.46852128566581813,2.342325017260945,-0.3096617686426661,-0.3031529792768068,-0.4310113119027647,-0.596600539213493,0.9639815611103627,0.3814511944768324,0.6256736395107085
-0.868553950490285,-0.8879051519545104,-0.46852128566581813,2.342325017260945,3.2293298729878037,-0.3031529792768068,-0.4310113119027647,1.6761634196950517,-1.037364240502847,-0.027955974949024222,1.0430329400937095
-0.868553950490285,-0.8879051519545104,2.1343747458109497,-0.4269262346731772,-0.3096617686426661,-0.3031529792768068,-0.4310113119027647,-0.596600539213493,-1.037364240502847,-0.22543573423336494,-0.5098572278592833
-0.868553950490285,1.126246421477271,-0.46852128566581813,-0.4269262346731772,-0.3096617686426661,-0.3031529792768068,-0.4310113119027647,-0.596600539213493,0.9639815611103627,0.3722312638885654,-1.2547301470634804
1.151338957626657,-0.8879051519545104,-0.46852128566581813,2.342325017260945,-0.3096617686426661,-0.3031529792768068,-0.4310113119027647,-0.596600539213493,0.9639815611103627,-0.23560298552703837,0.6286764074926219
1.151338957626657,-0.8879051519545104,-0.46852128566581813,-0.4269262346731772,-0.3096617686426661,-0.3031529792768068,-0.4310113119027647,1.6761634196950517,-1.037364240502847,-0.054460693264022295,-0.5327127196889929
1.151338957626657,-0.8879051519545104,2.1343747458109497,-0.4269262346731772,-0.3096617686426661,-0.3031529792768068,-0.4310113119027647,-0.596600539213493,0.9639815611103627,1.413779543725366,1.3686344039814742
-0.868553950490285,1.126246421477271,-0.46852128566581813,-0.4269262346731772,-0.3096617686426661,-0.3031529792768068,2.320124721519137,-0.596600539213493,-1.037364240502847,0.9092409234130564,1.7468197950280255
-0.868553950490285,1.126246421477271,-0.46852128566581813,-0.4269262346731772,-0.3096617686426661,-0.3031529792768068,-0.4310113119027647,-0.596600539213493,0.9639815611103627,-1.4452586972020598,-1.275003652571139
-0.868553950490285,1.126246421477271,-0.46852128566581813,-0.4269262346731772,-0.3096617686426661,-0.3031529792768068,2.320124721519137,-0.596600539213493,-1.037364240502847,0.9389284372834482,-1.579101067522762
-0.868553950490285,1.126246421477271,-0.46852128566581813,-0.4269262346731772,-0.3096617686426661,-0.3031529792768068,2.320124721519137,-0.596600539213493,-1.037364240502847,0.9471020436934084,1.6846952075625075
-0.868553950490285,1.126246421477271,-0.46852128566581813,-0.4269262346731772,-0.3096617686426661,-0.3031529792768068,-0.4310113119027647,-0.596600539213493,0.9639815611103627,-0.020738373322930347,-0.03233740812304906
-0.868553950490285,1.126246421477271,-0.46852128566581813,-0.4269262346731772,-0.3096617686426661,-0.3031529792768068,-0.4310113119027647,-0.596600539213493,0.9639815611103627,-1.435572180720119,-1.2584523791891127
1.151338957626657,-0.8879051519545104,2.1343747458109497,2.342325017260945,3.2293298729878037,-0.3031529792768068,-0.4310113119027647,1.6761634196950517,-1.037364240502847,0.5136892262531705,0.994739186089935
-0.868553950490285,1.126246421477271,-0.46852128566581813,-0.4269262346731772,-0.3096617686426661,-0.3031529792768068,-0.4310113119027647,-0.596600539213493,-1.037364240502847,1.5264117080006,0.13562114083415658
1.151338957626657,-0.8879051519545104,-0.46852128566581813,2.342325017260945,-0.3096617686426661,-0.3031529792768068,-0.4310113119027647,-0.596600539213493,0.9639815611103627,0.5002932274150987,0.6502431440361829
-0.868553950490285,1.126246421477271,-0.46852128566581813,-0.4269262346731772,-0.3096617686426661,-0.3031529792768068,2.320124721519137,-0.596600539213493,0.9639815611103627,-1.3860160435317859,0.15268774689160433
1.151338957626657,-0.8879051519545104,-0.46852128566581813,-0.4269262346731772,-0.3096617686426661,-0.3031529792768068,-0.4310113119027647,-0.596600539213493,0.9639815611103627,-1.1810038166776815,-1.301271178131715
1.151338957626657,-0.8879051519545104,-0.46852128566581813,-0.4269262346731772,-0.3096617686426661,-0.3031529792768068,-0.4310113119027647,-0.596600539213493,-1.037364240502847,-0.518344305210393,0.15637072110664976
-0.868553950490285,1.126246421477271,-0.46852128566581813,-0.4269262346731772,-0.3096617686426661,-0.3031529792768068,-0.4310113119027647,-0.596600539213493,-1.037364240502847,-0.9383264048827193,-1.2774861726196938
1.151338957626657,-0.8879051519545104,-0.46852128566581813,-0.4269262346731772,-0.3096617686426661,-0.3031529792768068,-0.4310113119027647,-0.596600539213493,0.9639815611103627,-1.2209181233289619,-1.2802048630264315
1.151338957626657,-0.8879051519545104,-0.46852128566581813,-0.4269262346731772,-0.3096617686426661,-0.3031529792768068,-0.4310113119027647,1.6761634196950517,-1.037364240502847,-0.20956069052344736,1.5242532906025719
-0.868553950490285,1.126246421477271,-0.46852128566581813,-0.4269262346731772,-0.3096617686426661,-0.3031529792768068,2.320124721519137,-0.596600539213493,0.9639815611103627,-1.3476871967389386,0.14479714152541004
-0.868553950490285,1.126246421477271,-0.46852128566581813,-0.4269262346731772,-0.3096617686426661,-0.3031529792768068,-0.4310113119027647,-0.596600539213493,0.9639815611103627,-1.1693613281109903,-0.8829403375673519
-0.868553950490285,1.126246421477271,-0.46852128566581813,-0.4269262346731772,-0.3096617686426661,-0.3031529792768068,2.320124721519137,-0.596600539213493,0.9639815611103627,1.5545706858170614,-0.07891830252609905
-0.868553950490285,1.126246421477271,-0.46852128566581813,-0.4269262346731772,-0.3096617686426661,-0.3031529792768068,-0.4310113119027647,-0.596600539213493,-1.037364240502847,1.4961633683357536,0.1210247613368564
1.151338957626657,-0.8879051519545104,-0.46852128566581813,-0.4269262346731772,-0.3096617686426661,-0.3031529792768068,-0.4310113119027647,-0.596600539213493,-1.037364240502847,-0.5703920949395821,0.1370448409037012
1.151338957626657,-0.8879051519545104,-0.46852128566581813,2.342325017260945,-0.3096617686426661,-0.3031529792768068,-0.4310113119027647,-0.596600539213493,0.9639815611103627,-0.22530559629456776,0.5985022473843279
1.151338957626657,-0.8879051519545104,2.1343747458109497,-0.4269262346731772,3.2293298729878037,-0.3031529792768068,-0.4310113119027647,1.6761634196950517,-1.037364240502847,0.47884595966190074,0.5787585790489319
-0.868553950490285,1.126246421477271,-0.46852128566581813,-0.4269262346731772,-0.3096617686426661,-0.3031529792768068,2.320124721519137,-0.596600539213493,0.9639815611103627,0.47305873695055484,1.2256289391747084
1.151338957626657,-0.8879051519545104,2.1343747458109497,2.342325017260945,3.2293298729878037,-0.3031529792768068,-0.4310113119027647,1.6761634196950517,-1.037364240502847,0.25589257726361214,0.6619225898686092
1.151338957626657,-0.8879051519545104,2.1343747458109497,-0.4269262346731772,-0.3096617686426661,-0.3031529792768068,-0.4310113119027647,-0.596600539213493,0.9639815611103627,1.3851394594332798,1.376236490758526
1.151338957626657,-0.8879051519545104,-0.46852128566581813,2.342325017260945,-0.3096617686426661,-0.3031529792768068,-0.4310113119027647,-0.596600539213493,-1.037364240502847,0.8612515526098032,0.5689118296644449
-0.868553950490285,-0.8879051519545104,2.1343747458109497,-0.4269262346731772,-0.3096617686426661,-0.3031529792768068,-0.4310113119027647,-0.596600539213493,0.9639815611103627,1.7369366110662678,1.014278778832687
-0.868553950490285,-0.8879051519545104,-0.46852128566581813,-0.4269262346731772,-0.3096617686426661,-0.3031529792768068,2.320124721519137,-0.596600539213493,0.9639815611103627,0.9072165932426852,-1.4206848904777014
1.151338957626657,-0.8879051519545104,-0.46852128566581813,-0.4269262346731772,-0.3096617686426661,-0.3031529792768068,-0.4310113119027647,-0.596600539213493,0.9639815611103627,-0.9497442621744875,0.0776818974098642
1.151338957626657,-0.8879051519545104,-0.46852128566581813,-0.4269262346731772,-0.3096617686426661,-0.3031529792768068,-0.4310113119027647,1.6761634196950517,-1.037364240502847,-0.16537207146462196,1.5828608383198772
1.151338957626657,-0.8879051519545104,-0.46852128566581813,2.342325017260945,-0.3096617686426661,-0.3031529792768068,-0.4310113119027647,1.6761634196950517,-1.037364240502847,0.49933516951076623,1.056737214118106
1.151338957626657,-0.8879051519545104,-0.46852128566581813,-0.4269262346731772,-0.3096617686426661,-0.3031529792768068,-0.4310113119027647,1.6761634196950517,-1.037364240502847,-0.6062270114470115,1.3602907974286749
1.151338957626657,-0.8879051519545104,-0.46852128566581813,-0.4269262346731772,-0.3096617686426661,-0.3031529792768068,-0.4310113119027647,1.6761634196950517,-1.037364240502847,-0.18566467292357205,1.5475234065390793
-0.868553950490285,1.126246421477271,-0.46852128566581813,-0.4269262346731772,-0.3096617686426661,-0.3031529792768068,-0.4310113119027647,-0.596600539213493,0.9639815611103627,-0.05015543418627479,-0.06296940832196687
-0.868553950490285,1.126246421477271,-0.46852128566581813,-0.4269262346731772,-0.3096617686426661,-0.3031529792768068,-0.4310113119027647,-0.596600539213493,-1.037364240502847,-0.7599774267900551,-0.6771845974217268
-0.868553950490285,1.126246421477271,-0.46852128566581813,-0.4269262346731772,-0.3096617686426661,-0.3031529792768068,2.320124721519137,-0.596600539213493,0.9639815611103627,1.2814589703940682,-0.5094324009987466
-0.868553950490285,1.126246421477271,-0.46852128566581813,-0.4269262346731772,-0.3096617686426661,-0.3031529792768068,-0.4310113119027647,-0.596600539213493,0.9639815611103627,-1.3813408937681757,-1.2735196320473865
-0.868553950490285,1.126246421477271,-0.46852128566581813,-0.4269262346731772,-0.3096617686426661,-0.3031529792768068,-0.4310113119027647,-0.596600539213493,0.9639815611103627,1.4358452023764845,-0.49033026117210843
1.151338957626657,-0.8879051519545104,-0.46852128566581813,2.342325017260945,-0.3096617686426661,-0.3031529792768068,-0.4310113119027647,-0.596600539213493,0.9639815611103627,-0.22842281280010243,0.6200645960941054
1.151338957626657,-0.8879051519545104,-0.46852128566581813,-0.4269262346731772,-0.3096617686426661,-0.3031529792768068,-0.4310113119027647,1.6761634196950517,-1.037364240502847,-0.18601994064362246,1.5318179078955771
-0.868553950490285,-0.8879051519545104,-0.46852128566581813,-0.4269262346731772,-0.3096617686426661,-0.3031529792768068,-0.4310113119027647,-0.596600539213493,0.9639815611103627,-0.015916982597556164,-0.0036297914309486954
-0.868553950490285,-0.8879051519545104,-0.46852128566581813,-0.4269262346731772,-0.3096617686426661,-0.3031529792768068,-0.4310113119027647,-0.596600539213493,0.9639815611103627,1.5506347096481226,-0.49719200782810996
1.151338957626657,-0.8879051519545104,-0.46852128566581813,-0.4269262346731772,-0.3096617686426661,3.2986645962892145,-0.4310113119027647,-0.596600539213493,0.9639815611103627,1.4115381424162532,1.268340968285237
-0.868553950490285,1.126246421477271,-0.46852128566581813,-0.4269262346731772,-0.3096617686426661,-0.3031529792768068,2.320124721519137,-0.596600539213493,-1.037364240502847,-1.3686572537395405,-1.2266899000469353
1.151338957626657,-0.8879051519545104,-0.46852128566581813,2.342325017260945,-0.3096617686426661,-0.3031529792768068,-0.4310113119027647,-0.596600539213493,0.9639815611103627,-0.1810656165637425,0.6564527381419776
-0.868553950490285,1.126246421477271,-0.46852128566581813,-0.4269262346731772,-0.3096617686426661,-0.3031529792768068,-0.4310113119027647,-0.596600539213493,0.9639815611103627,-0.027408370775484157,-0.03541647798530028
-0.868553950490285,1.126246421477271,-0.46852128566581813,-0.4269262346731772,-0.3096617686426661,-0.3031529792768068,2.320124721519137,-0.596600539213493,0.9639815611103627,-1.400520014075845,0.10529101600848105
-0.868553950490285,1.126246421477271,-0.46852128566581813,-0.4269262346731772,-0.3096617686426661,-0.3031529792768068,-0.4310113119027647,-0.596600539213493,0.9639815611103627,-1.231070516280974,-1.5314368531380527
-0.868553950490285,1.126246421477271,-0.46852128566581813,-0.4269262346731772,-0.3096617686426661,-0.3031529792768068,-0.4310113119027647,-0.596600539213493,-1.037364240502847,-0.7009814151438604,-0.7090914517730217
1.151338957626657,-0.8879051519545104,-0.46852128566581813,-0.4269262346731772,-0.3096617686426661,-0.3031529792768068,-0.4310113119027647,1.6761634196950517,-1.037364240502847,-0.2081695431469838,1.5599711717968088
-0.868553950490285,1.126246421477271,2.1343747458109497,-0.4269262346731772,-0.3096617686426661,-0.3031529792768068,-0.4310113119027647,-0.596600539213493,-1.037364240502847,0.481703035281864,-0.5108345999884487
1.151338957626657,-0.8879051519545104,2.1343747458109497,-0.4269262346731772,-0.3096617686426661,-0.3031529792768068,-0.4310113119027647,-0.596600539213493,0.9639815611103627,-0.5928962989526605,0.08045458826986301
1.151338957626657,-0.8879051519545104,-0.46852128566581813,-0.4269262346731772,-0.3096617686426661,-0.3031529792768068,-0.4310113119027647,1.6761634196950517,-1.037364240502847,-0.5490758152974362,1.3414650246735635
1.151338957626657,-0.8879051519545104,-0.46852128566581813,2.342325017260945,-0.3096617686426661,-0.3031529792768068,-0.4310113119027647,-0.596600539213493,-1.037364240502847,-1.6193361707668052,-0.7375374160012417
-0.868553950490285,1.126246421477271,2.1343747458109497,-0.4269262346731772,-0.3096617686426661,-0.3031529792768068,-0.4310113119027647,-0.596600539213493,-1.037364240502847,0.5175168510415379,-0.5086845012426273
1.151338957626657,-0.8879051519545104,-0.46852128566581813,-0.4269262346731772,3.2293298729878037,-0.3031529792768068,-0.4310113119027647,1.6761634196950517,-1.037364240502847,0.49025095619202563,0.09886277693088309
-0.868553950490285,1.126246421477271,-0.46852128566581813,-0.4269262346731772,-0.3096617686426661,-0.3031529792768068,-0.4310113119027647,-0.596600539213493,0.9639815611103627,-1.4127942235573336,-1.2542689911601266
-0.868553950490285,1.126246421477271,-0.46852128566581813,-0.4269262346731772,-0.3096617686426661,-0.3031529792768068,2.320124721519137,-0.596600539213493,-1.037364240502847,0.9027154532775026,1.7504397929374764
1.151338957626657,-0.8879051519545104,-0.46852128566581813,-0.4269262346731772,-0.3096617686426661,3.2986645962892145,-0.4310113119027647,1.6761634196950517,-1.037364240502847,-0.5380484645381727,1.0702264869233689
-0.868553950490285,1.126246421477271,-0.46852128566581813,-0.4269262346731772,-0.3096617686426661,-0.3031529792768068,-0.4310113119027647,-0.596600539213493,-1.037364240502847,-0.7314304180075997,-0.6438880608081371
1.151338957626657,-0.8879051519545104,2.1343747458109497,-0.4269262346731772,3.2293298729878037,-0.3031529792768068,-0.4310113119027647,1.6761634196950517,-1.037364240502847,0.5040792586680566,0.6455743514466014
-0.868553950490285,-0.8879051519545104,-0.46852128566581813,-0.4269262346731772,-0.3096617686426661,-0.3031529792768068,-0.4310113119027647,-0.596600539213493,0.9639815611103627,-1.3703896383548424,-1.5602325632464709
-0.868553950490285,1.126246421477271,-0.46852128566581813,-0.4269262346731772,-0.3096617686426661,-0.3031529792768068,2.320124721519137,-0.596600539213493,0.9639815611103627,1.5072391617111653,-0.09688571379071907
-0.868553950490285,1.126246421477271,-0.46852128566581813,-0.4269262346731772,-0.3096617686426661,-0.3031529792768068,-0.4310113119027647,-0.596600539213493,0.9639815611103627,-0.07348386106358912,-0.011860921165805834
1.151338957626657,-0.8879051519545104,-0.46852128566581813,2.342325017260945,-0.3096617686426661,-0.3031529792768068,-0.4310113119027647,-0.596600539213493,-1.037364240502847,0.8860941999448373,0.6502727107971434
-0.868553950490285,1.126246421477271,-0.46852128566581813,-0.4269262346731772,-0.3096617686426661,-0.3031529792768068,2.320124721519137,-0.596600539213493,0.9639815611103627,-1.3970177959367562,0.1259858323736837
1.151338957626657,-0.8879051519545104,-0.46852128566581813,-0.4269262346731772,-0.3096617686426661,-0.3031529792768068,-0.4310113119027647,1.6761634196950517,-1.037364240502847,-0.15080098891800842,1.5257045533397176
-0.868553950490285,-0.8879051519545104,-0.46852128566581813,2.342325017260945,3.2293298729878037,-0.3031529792768068,-0.4310113119027647,1.6761634196950517,-1.037364240502847,-0.06576986234132882,0.970130852811432
1.151338957626657,-0.8879051519545104,-0.46852128566581813,-0.4269262346731772,-0.3096617686426661,-0.3031529792768068,-0.4310113119027647,1.6761634196950517,-1.037364240502847,-0.16218306434296512,1.540987754118821
-0.868553950490285,1.126246421477271,-0.46852128566581813,-0.4269262346731772,-0.3096617686426661,-0.3031529792768068,2.320124721519137,-0.596600539213493,-1.037364240502847,0.9176008748186836,-1.5934990317702873
1.151338957626657,-0.8879051519545104,2.1343747458109497,-0.4269262346731772,-0.3096617686426661,-0.3031529792768068,-0.4310113119027647,-0.596600539213493,0.9639815611103627,1.3862551093864663,1.339440543767715
-0.868553950490285,1.126246421477271,-0.46852128566581813,-0.4269262346731772,-0.3096617686426661,-0.3031529792768068,-0.4310113119027647,-0.596600539213493,0.9639815611103627,1.643290052553132,-0.905859902825182
1.151338957626657,-0.8879051519545104,2.1343747458109497,2.342325017260945,3.2293298729878037,-0.3031529792768068,-0.4310113119027647,1.6761634196950517,-1.037364240502847,0.4551586004320801,1.0458320864118373
-0.868553950490285,1.126246421477271,-0.46852128566581813,-0.4269262346731772,-0.3096617686426661,-0.3031529792768068,-0.4310113119027647,-0.596600539213493,0.9639815611103627,1.4087620761486597,-0.5224194669951933
-0.868553950490285,1.126246421477271,-0.46852128566581813,-0.4269262346731772,-0.3096617686426661,-0.3031529792768068,-0.4310113119027647,-0.596600539213493,-1.037364240502847,-0.8570209337170828,-1.2440399638848691
-0.868553950490285,1.126246421477271,-0.46852128566581813,-0.4269262346731772,-0.3096617686426661,-0.3031529792768068,-0.4310113119027647,-0.596600539213493,0.9639815611103627,-0.5363166334189831,-0.580173497453303
1.151338957626657,-0.8879051519545104,-0.46852128566581813,-0.4269262346731772,-0.3096617686426661,3.2986645962892145,-0.4310113119027647,1.6761634196950517,-1.037364240502847,-0.5834855949700606,1.0225023625259961
-0.868553950490285,1.126246421477271,-0.46852128566581813,-0.4269262346731772,-0.3096617686426661,-0.3031529792768068,-0.4310113119027647,-0.596600539213493,-1.037364240502847,-1.1115723282943744,-1.2470213066907487
