fixed_acidity,volatile_acidity,citric_acid,residual_sugar,chlorides,free_sulfur_dioxide,total_sulfur_dioxide,density,ph,sulphates,alcohol
0.3516231077954832,-0.8283231185497575,0.6487710460638916,-0.23844032611620786,-0.41160622412875275,-0.36207039883684344,-0.566297848818323,-0.9866118331513216,-0.25982191768761453,0.5198507746527857,1.9842400130891713
-0.9815478533805653,0.9658912449110114,-0.9898327926150514,0.0545892210723936,0.31279968528165475,-0.1684793887356881,-0.5963415679683799,-0.02550786036834083,0.8572672440037242,-0.4584894295236923,-0.21586709726587616
-0.8656199437130828,0.18092246089692543,-1.2458646424086364,-0.6047272601019599,-0.10659320964016004,0.2187026314666226,-0.35599181476792424,0.0550315786916735,0.8572672440037242,-0.1707423106482574,-0.3992093564621294
-0.5178362147106351,0.8537528471947138,-0.5801818329453158,-0.5314698733048094,-0.2209730900733824,-0.36207039883684344,-0.23581693816769642,0.5382682130518192,1.251534006953609,0.23210365577735084,-0.4908804860602561
-0.28598039537567055,0.34913005747137205,-0.4777690930278819,-0.16518293931905773,-0.25909971688445654,0.12190712641604493,0.21483884908315803,0.43088229430513336,0.7915561168454115,-0.40094000574860533,-0.3992093564621294
-1.445259492050495,-1.332945908273099,-0.06811813335814604,-0.6047272601019599,-0.506922791156438,-1.2332299442920425,-1.0770410743692913,-2.7906952680957975,0.528711608212155,-0.6886871246240396,2.809280179472314
-0.6337641243781177,-1.0525999139823536,-0.17053087327558006,-0.38495509971050873,-0.35441628391214186,1.3802486920735546,0.1547514107830441,-0.503375198791176,0.8572672440037242,-0.4584894295236923,-0.3075382268640028
-0.5758001695443766,3.040451602662526,-0.9386264226563346,-0.6047272601019599,1.685358250480322,-0.5556614089379988,1.2663690193351518,-0.2671261775484434,-0.06268853621267359,-0.5160388532987793,-1.315920652443399
0.5255149722967063,1.2742718386308314,-0.4777690930278819,-0.23844032611620786,1.1134588483142105,-0.5556614089379988,1.6869810874359492,0.10872453806501639,-2.8882670040201766,4.030365624933089,-0.21586709726587616
-0.5178362147106351,-0.6601155219753105,-0.17053087327558006,-0.5314698733048094,-0.4497328509398269,0.2187026314666226,0.004532815032759292,-0.5892839337885007,0.3972893538955268,-0.22829173442334438,-0.03252483806962126
0.3516231077954832,-1.3890151071312478,0.9048028958574764,-0.6047272601019599,-0.4306695375342898,-0.8460479240897318,-1.0469973552192344,-1.6953588968795192,-0.3912441720042428,-0.6311377008489526,1.7092266242947913
-1.9669350855541656,-0.6040463231171614,-1.3994837522847874,-0.3116977129133583,-0.7928724922394937,0.025111621365467254,-0.14568578071752553,-2.7692180843464964,2.6314676772782044,0.4623013508776988,3.267635827462949
-0.8076559888793412,-0.6601155219753105,0.2903264563528728,-0.23844032611620786,-0.16378314985677123,0.6058846516689332,-0.3259480956178673,-0.9651346494019606,0.6601338625287833,0.5198507746527857,0.6091730691172668
-0.05412457604070597,1.1340988414854587,-0.324149983151731,-0.6047272601019599,-0.29722634369553064,-1.0396389341908872,-1.0169536360691773,0.0550315786916735,-0.719799807795812,-0.8037859721742137,-0.8575650044527642
-1.2713676275492714,0.012714864322478163,-0.9898327926150514,-0.4582124865076592,-0.24003640347891947,0.7994756617700887,-0.05555462326735463,-0.7611014037832099,1.9086452785367503,0.11700480822717751,-0.12419596766774789
-0.6337641243781177,-0.4358387265427142,-0.6313882029040327,-0.38495509971050873,-0.2209730900733824,-0.5556614089379988,-0.566297848818323,-0.32618843285909677,-0.12839966337098627,-0.8613353959493006,-0.4908804860602561
-1.0395118082143064,-1.0525999139823536,-0.016911763399429024,0.20110399466669415,-0.4306695375342898,-0.7492524190391542,-0.0855983424174116,-1.5342800187594905,-0.6540886806374993,-0.5735882770738656,1.4342132355004098
1.2790463851353426,-0.09942353339382001,1.8777239250730988,-0.09192555252190729,0.3318629986871918,-0.9428434291403095,-0.9568661977690635,0.32349637555838795,-1.442622206537269,0.0019059606770035474,1.2508709763041566
-0.8656199437130828,0.5734068529039684,-0.7850073127801837,0.933677862638198,0.17935649144289562,0.025111621365467254,2.3779866278872595,0.10872453806501639,-0.19411079052930186,-0.28584115819843137,-0.8575650044527642
0.5834789271304484,-0.1554927322519691,0.44394556622902354,-0.5314698733048094,-0.10659320964016004,-0.9428434291403095,-0.8967787594689496,0.1838946811877203,-0.25982191768761453,0.6349496222029597,0.3341596803228869
-1.2713676275492714,0.18092246089692543,-1.3994837522847874,-0.23844032611620786,-0.20190977666784535,-0.9428434291403095,-1.1371285126694053,-1.0188276087753034,1.8429341513784347,-0.6886871246240396,0.975857587509775
-0.6337641243781177,0.5734068529039684,-1.3994837522847874,-0.4582124865076592,0.14122986463181963,-0.1684793887356881,-0.2658606573177534,0.02818509900500206,0.3972893538955268,-0.4584894295236923,-1.315920652443399
-1.9089711307204247,2.872244006088079,-0.17053087327558006,-0.6779846468991102,-0.7547458654284196,1.57383970217471,1.4766750533855504,-1.770529040002223,2.828601058753148,-0.22829173442334438,0.975857587509775
-0.8656199437130828,0.40519925632952114,-0.4777690930278819,-0.4582124865076592,-0.20190977666784535,0.2187026314666226,1.1762378618849807,0.0550315786916735,1.8429341513784347,-0.5160388532987793,-1.0409072636490175
-0.4019083050431531,1.470514034634353,-0.324149983151731,-0.16518293931905773,-0.04940326942354912,0.5090891466183556,0.6354509171839555,-0.6429768931618437,-1.245488825062325,-1.2641813623749092,-1.1325783932471458
1.4529382496365666,-1.332945908273099,0.7511837859813254,-0.6779846468991102,-0.10659320964016004,0.31549813651720027,-0.5963415679683799,-0.6698233728485747,-0.19411079052930186,0.4047519271026118,1.342542105902283
0.17773124329425913,0.657510651191192,-0.11932450331686306,-0.38495509971050873,-0.1256565230456971,-0.7492524190391542,-0.566297848818323,0.7798865302318622,-0.19411079052930186,-0.34339058197351835,-0.3992093564621294
-0.9815478533805653,1.1621334409145332,-1.2970710123673532,3.9372307213213644,0.6178126997702474,5.058477883995507,2.3178991895871452,1.4510485223987077,1.054400625478668,-0.7462365483991266,-0.4908804860602561
-0.28598039537567055,0.6294760517621175,-0.8874200526976176,2.5453403721755063,0.4843695059314883,-1.0396389341908872,-1.0770410743692913,0.9141189286652194,0.3972893538955268,0.17455423200226386,-0.3075382268640028
0.0038393787930360774,-1.3890151071312478,1.058422005733627,-0.3116977129133583,0.06497661100967324,-0.9428434291403095,-1.0469973552192344,-1.4054169162634438,-0.3255330448459301,-0.22829173442334438,1.8008977538929178
-1.5611874017179777,0.4893030546167448,-1.3994837522847874,-0.6779846468991102,-0.011276642612475,0.025111621365467254,0.3650574448334428,-1.2872924056420776,1.777223024220122,-0.8037859721742137,-0.4908804860602561
-0.8656199437130828,0.6294760517621175,-0.8874200526976176,-0.3116977129133583,-0.08752989623462298,0.2187026314666226,1.6268936491358352,-0.5892839337885007,0.20015597242058292,-0.8037859721742137,-0.21586709726587616
-1.8510071758866837,-0.32370032882641636,-1.2970710123673532,-0.8977568072905614,-1.0597588799170123,0.2187026314666226,-0.0855983424174116,-2.4685375118557404,3.8799790932861713,-0.22829173442334438,2.167582272285426
0.9892266109666364,-0.21156193111011817,-0.37535635311044785,6.2082097120330255,-0.35441628391214186,-0.2652748937862658,0.09466397248293018,2.5786006692390875,-0.9826443164290685,0.17455423200226386,-1.1325783932471458
1.5109022044703075,-0.7722539196916084,1.0072156357749102,-0.5314698733048094,0.5415594461480993,-0.9428434291403095,-0.9869099169191204,0.8067330099185336,-0.06268853621267359,0.5198507746527857,-0.5825516156583826
-0.6337641243781177,0.5173376540458193,-1.0922455325324856,-0.018668165724756845,-0.2209730900733824,0.12190712641604493,1.116150423584867,0.40940511055577233,1.3172451341119216,-0.7462365483991266,-0.6742227452565109
2.0905417528077197,0.9378566454819368,1.3144538555272123,0.6406483154495966,0.7321925802034699,-0.8460479240897318,-0.7766038828687217,1.343662603652022,-0.9169331892707558,1.037795588628568,1.617555494696663
-0.8656199437130828,1.694790830066949,-0.9386264226563346,-0.5314698733048094,-0.29722634369553064,-1.136434439241465,-0.6564290062684939,-0.7288856281592281,0.46300048105383945,-1.206631938599822,-0.7658938748546376
-0.170052485708188,0.40519925632952114,-0.27294361319301397,-0.3116977129133583,-0.18284646326230827,0.8962711668206663,1.747068525736063,-0.3047112491097954,-0.06268853621267359,-0.9764342434994746,-0.4908804860602561
-0.28598039537567055,0.40519925632952114,-0.06811813335814604,-0.38495509971050873,-0.18284646326230827,1.4770441971241324,2.5282052236375443,-0.25638758567376296,-0.6540886806374993,-0.8037859721742137,-0.4908804860602561
2.438325481810167,-0.8843923174079066,1.4168665954446462,0.0545892210723936,-0.1256565230456971,0.8962711668206663,0.6354509171839555,1.5047414817721103,-1.048355443587384,0.9226967410783941,-0.03252483806962126
-0.11208853087444698,-0.8283231185497575,1.058422005733627,-0.5314698733048094,1.285028668964044,-1.0396389341908872,-0.8967787594689496,0.4845752536784762,-0.06268853621267359,2.246333487905394,-0.9492361340508908
-1.21340367271553,-0.9404615162660557,-0.17053087327558006,-0.23844032611620786,0.10310323782074737,0.31549813651720027,-0.14568578071752553,-1.1262135275219893,1.7115118970618064,-0.5160388532987793,1.1591998467060283
0.23569519812800013,1.6387216312087998,-1.2970710123673532,-0.9710141940877118,-0.3734795973176786,1.9610217223770208,0.034576534182816254,-0.804055771281932,-0.719799807795812,-0.4584894295236923,-0.5825516156583826
1.3370103399690836,-1.3890151071312478,0.5975646761051746,9.504792117904794,-0.3925429107232157,-0.9428434291403095,-0.7165164445686077,3.169223222345859,-1.245488825062325,0.0019059606770035474,-1.1325783932471458
0.5255149722967063,-0.04335433453567092,3.7211532435869095,0.6406483154495966,9.920709641672325,1.57383970217471,0.6654946363340124,1.5584344411454532,-3.742511657078259,7.713528746538652,-0.9492361340508908
-0.4598722598768941,-1.2208075105568008,0.6999774160226083,-0.09192555252190729,-0.4687961643453639,1.7674307122758655,0.3951011639834998,-0.9543960575272801,0.20015597242058292,1.095345012403655,0.8841864579116483
0.6994068367979304,-0.8843923174079066,1.2632474855684952,-0.38495509971050873,-0.144719836451236,-0.9428434291403095,-0.6263852871184369,0.6993470911718478,-0.8512220621124402,-0.8613353959493006,-0.8575650044527642
-1.5611874017179777,2.171379020361216,-1.3994837522847874,-0.3116977129133583,-0.926315686078255,0.12190712641604493,0.9358881086845251,-1.7383132643781816,2.4343342958032634,0.4047519271026118,0.8841864579116483
-0.4598722598768941,1.0219604437691605,-1.3994837522847874,-0.6779846468991102,0.045913297604136184,0.6058846516689332,-0.4761666913681521,-0.1865867384884291,0.46300048105383945,-0.4584894295236923,-0.3992093564621294
-1.7350792662192012,1.049995043198235,-0.4265627230691649,-0.7512420336962606,1.3612819225861923,-0.8460479240897318,0.45518860228361374,-1.4752177634487778,2.0400675328533784,-0.28584115819843137,0.5175019395191401
0.6994068367979304,2.003171423786769,-0.016911763399429024,-0.16518293931905773,-0.10659320964016004,1.4770441971241324,2.9488172917383415,0.591961172425162,-0.45695529916255545,-0.7462365483991266,-0.9492361340508908
0.29365915296174216,0.46126845518767023,-0.6825945728627496,-0.09192555252190729,-0.4306695375342898,-0.5556614089379988,-0.14568578071752553,0.10872453806501639,-0.7855109349541275,-0.40094000574860533,-0.8575650044527642
-0.9815478533805653,0.6294760517621175,0.18791371643543875,2.6185977589726566,-0.1256565230456971,-0.8460479240897318,0.06462025333287322,0.25906482431036454,0.2658670995788985,0.11700480822717751,-0.12419596766774789
-0.9235838985468238,-0.26763112996826727,-1.2970710123673532,-0.23844032611620786,-0.18284646326230827,1.9610217223770208,1.927330840636405,-0.7825785875325709,-1.3769110793789532,-0.7462365483991266,-0.6742227452565109
-0.170052485708188,0.6294760517621175,-0.27294361319301397,-0.09192555252190729,0.08403992441521031,-1.0396389341908872,-0.41607925306803817,-0.3100805450471058,0.3972893538955268,-0.4584894295236923,0.5175019395191401
-0.5758001695443766,0.7976836483365647,-1.2970710123673532,-0.23844032611620786,-0.3353529705066048,1.4770441971241324,1.3565001767853226,-0.5570681581645189,0.06873371810395466,0.11700480822717751,0.6091730691172668
-0.6337641243781177,-0.21156193111011817,-0.4777690930278819,0.12784660786954405,-0.3925429107232157,-0.2652748937862658,-0.38603553391798123,0.0013386193183306141,-0.12839966337098627,-1.0339836672745615,-1.1325783932471458
2.6701813011451323,-0.9965307151242048,1.1096283756923442,2.3988255985812055,-0.4497328509398269,-1.0396389341908872,-0.35599181476792424,2.5249077098657446,-0.719799807795812,0.0019059606770035474,1.4342132355004098
-1.1554397178817888,-0.9404615162660557,-0.4265627230691649,0.49413354185529595,-0.27816303028999356,-0.07168388368511042,-0.23581693816769642,-0.5892839337885007,1.6458007699034938,-0.8037859721742137,2.075911142687298
-0.4019083050431531,-1.2208075105568008,0.3415328263115898,-0.018668165724756845,-0.144719836451236,0.993066671871244,-0.35599181476792424,-1.6846203050048387,-0.5883775534791837,-0.40094000574860533,1.8925688834910446
0.3516231077954832,-1.6132919025638441,0.5975646761051746,-0.6779846468991102,-0.29722634369553064,-1.2332299442920425,-1.1070847935193482,0.15167890556367877,-1.245488825062325,-0.40094000574860533,-0.8575650044527642
-0.28598039537567055,-0.3797695276845651,-0.06811813335814604,-0.4582124865076592,-0.030339956018012062,0.702680156719511,0.18479512993310107,0.7530400505451906,0.7915561168454115,0.4623013508776988,-1.1325783932471458
-0.28598039537567055,-0.6601155219753105,2.082549404907967,-0.6047272601019599,7.194655824680528,0.2187026314666226,0.6654946363340124,0.32349637555838795,-1.5083333336955815,3.7426185060576542,-1.0409072636490175
-0.05412457604070597,1.1901680403436077,-0.9386264226563346,-0.38495509971050873,-0.4306695375342898,-1.0396389341908872,-1.1070847935193482,-1.351723956890101,-0.19411079052930186,-0.5160388532987793,1.2508709763041566
-0.5758001695443766,0.7976836483365647,-1.2970710123673532,-0.23844032611620786,-0.3353529705066048,1.4770441971241324,1.3565001767853226,-0.5570681581645189,0.06873371810395466,0.11700480822717751,0.5786160259179206
-0.170052485708188,-1.2208075105568008,0.9048028958574764,-0.3116977129133583,2.4097641598907296,-1.0396389341908872,-0.9268224786190066,-1.6738817131301582,-1.048355443587384,0.8651473173033077,1.8925688834910446
1.8586859334727548,-0.9965307151242048,1.1096283756923442,0.5673909286524461,-0.3734795973176786,-0.5556614089379988,-0.2959043764678103,1.9342851567588535,0.06873371810395466,1.440641555054177,0.5175019395191401
-0.4598722598768941,-0.04335433453567092,0.7511837859813254,-0.16518293931905773,-0.04940326942354912,-0.7492524190391542,-0.2658606573177534,0.26980341618504505,1.777223024220122,-0.28584115819843137,0.059146291528505375
-0.5758001695443766,1.1901680403436077,-0.9898327926150514,-0.6047272601019599,0.08403992441521031,-0.5556614089379988,-0.05555462326735463,-0.503375198791176,-0.45695529916255545,-0.9188848197243876,-0.5825516156583826
1.8586859334727548,-1.2208075105568008,1.2120411156097781,-0.23844032611620786,-0.20190977666784535,-0.1684793887356881,-0.566297848818323,0.8067330099185336,-1.8368889694871535,1.5557404026043509,-0.5825516156583826
2.496289436643908,-0.6601155219753105,1.3656602254859291,0.20110399466669415,0.2556097450650436,0.31549813651720027,-0.1757294998675825,1.4456792264613973,-0.6540886806374993,0.5774001984278727,0.7925153283135217
0.5255149722967063,-0.9404615162660557,0.3415328263115898,-0.6779846468991102,-0.5259861045619751,-1.0396389341908872,-1.0469973552192344,-0.014769268493719942,-0.719799807795812,0.05945538445209053,0.059146291528505375
-0.11208853087444698,1.414444835776204,-0.8874200526976176,0.5673909286524461,0.007786670793062062,-1.136434439241465,-1.0169536360691773,0.9946583677252933,0.33157822673721116,-0.9764342434994746,-0.8575650044527642
0.46755101746296523,-1.7254303002801423,-0.17053087327558006,-0.3116977129133583,-0.2209730900733824,-1.4268209543931978,-0.566297848818323,1.2362766849053364,0.6601338625287833,1.210443859953829,-0.12419596766774789
-0.4019083050431531,-1.332945908273099,1.1096283756923442,0.12784660786954405,0.045913297604136184,0.8962711668206663,0.3951011639834998,0.21611045681170216,0.003022590945641993,-0.28584115819843137,-0.3075382268640028
-0.4598722598768941,0.6294760517621175,-1.3994837522847874,-0.09192555252190729,-0.24003640347891947,0.2187026314666226,-0.536254129668266,-0.10604729942835517,0.06873371810395466,-0.34339058197351835,-0.3992093564621294
2.264433617308943,-0.26763112996826727,1.3656602254859291,0.0545892210723936,-0.08752989623462298,0.31549813651720027,0.5152760405837277,1.7732062786388247,-1.3769110793789532,-0.28584115819843137,0.059146291528505375
0.17773124329425913,1.106064242056384,-0.17053087327558006,2.984884692958409,0.5224961327425603,1.4770441971241324,2.618336381087715,2.5249077098657446,0.06873371810395466,2.361432335455568,-1.0409072636490175
3.0179650301475793,0.012714864322478163,2.6458194744538535,1.6662517306097018,0.5796860729591734,0.702680156719511,0.9058443895344681,2.739679547359116,-0.8512220621124402,0.6349496222029597,2.3509245314816796
-0.6337641243781177,-0.1554927322519691,-0.4777690930278819,-0.3116977129133583,-0.35441628391214186,-0.36207039883684344,-0.4761666913681521,0.48994454961578665,1.3829562612702373,0.34720250332752484,-0.7658938748546376
0.6414428819641893,-0.6601155219753105,1.058422005733627,1.519736957015401,-0.3353529705066048,-0.5556614089379988,-0.8066476020187787,0.32349637555838795,0.20015597242058292,0.7500484697531337,1.617555494696663
-1.3293315823830125,-1.2208075105568008,1.0072156357749102,0.7871630890438974,-0.4306695375342898,0.2187026314666226,-0.14568578071752553,-0.6483461890992137,0.528711608212155,0.0019059606770035474,0.5175019395191401
-1.3872955372167535,0.46126845518767023,-0.9898327926150514,-0.3116977129133583,-0.35441628391214186,0.025111621365467254,-0.6864727254185509,-1.577234386258153,1.6458007699034938,0.6349496222029597,0.6091730691172668
-0.22801644054192902,-1.9497070957127383,0.6487710460638916,-0.23844032611620786,-0.7738091788339566,2.154612732478176,0.6054071980338985,-0.3745120962951292,0.13444484526227024,1.5557404026043509,0.7925153283135217
0.6994068367979304,-0.7722539196916084,0.6999774160226083,4.669804589292868,-0.3925429107232157,0.2187026314666226,-0.23581693816769642,1.0161355514745947,-0.12839966337098627,0.8651473173033077,0.4258308099210135
-0.34394435020941155,0.9098220460528623,-1.1434519024912024,0.12784660786954405,-0.27816303028999356,-0.07168388368511042,-0.5963415679683799,0.37718933493173085,-0.3255330448459301,-0.28584115819843137,-1.2242495228452723
-0.6337641243781177,-0.632080922546236,0.44394556622902354,-0.38495509971050873,-0.16378314985677123,-0.2652748937862658,-0.05555462326735463,0.26980341618504505,1.1201117526369808,-0.11319288687317042,-1.1325783932471458
0.29365915296174216,-0.8843923174079066,1.058422005733627,-0.3116977129133583,0.14122986463181963,2.2514082375287536,2.9488172917383415,0.43088229430513336,-1.771177842328838,2.13123464035522,-1.0409072636490175
1.1051545206341185,-0.9404615162660557,1.8777239250730988,0.2743613814638446,0.6178126997702474,-0.5556614089379988,-0.1757294998675825,0.6993470911718478,-0.522666426320871,0.0019059606770035474,1.8925688834910446
-0.5178362147106351,-1.557222703705695,0.08550097651800471,-0.23844032611620786,-0.6784926118062715,0.31549813651720027,0.06462025333287322,-0.020138564431030386,0.5944227353704676,0.5774001984278727,0.4258308099210135
-1.21340367271553,0.40519925632952114,-0.9898327926150514,-0.38495509971050873,0.007786670793062062,1.57383970217471,-0.0855983424174116,-0.9651346494019606,0.9229783711620398,-0.4584894295236923,0.059146291528505375
2.380361526976426,-0.21156193111011817,1.5704857053207968,0.3476187682609951,0.2556097450650436,1.1866576819723993,1.5668062108357212,2.2027499536255677,-0.9826443164290685,1.9585863690299592,0.975857587509775
-0.6917280792118592,-2.0618454934290362,0.8535965258987593,-0.018668165724756845,-0.41160622412875275,0.12190712641604493,-0.4761666913681521,-1.834960591250187,0.2658670995788985,-0.6886871246240396,1.8008977538929178
0.5834789271304484,-0.26763112996826727,0.08550097651800471,-0.3116977129133583,0.7131292667979328,-0.9428434291403095,-0.9268224786190066,0.0550315786916735,-0.5883775534791837,0.34720250332752484,0.7008441987153935
-0.34394435020941155,2.4236904152228864,-0.37535635311044785,-0.38495509971050873,-0.8119358056450308,-0.07168388368511042,0.3951011639834998,-0.6429768931618437,0.33157822673721116,-1.2641813623749092,0.4258308099210135
-0.9235838985468238,-0.3797695276845651,-0.17053087327558006,-0.6047272601019599,-0.24003640347891947,0.2187026314666226,-0.38603553391798123,-1.0188276087753034,0.528711608212155,-0.34339058197351835,0.15081742112663202
-1.2713676275492714,0.29306085861322295,-0.22173724323429694,-0.018668165724756845,-0.8691257458616419,0.025111621365467254,0.6955383554840694,-1.7060974887541998,0.9886894983203525,-0.055643463098083434,1.8925688834910446
-0.8656199437130828,1.3864102363471296,-1.3994837522847874,0.3476187682609951,0.23654643165950653,-0.7492524190391542,-0.7165164445686077,-0.10604729942835517,0.9229783711620398,-0.5735882770738656,0.24248855072475864
0.0038393787930360774,-1.2208075105568008,0.5975646761051746,-0.09192555252190729,-0.2209730900733824,0.12190712641604493,-0.11564206156746855,-1.2121222625193737,0.003022590945641993,0.6349496222029597,1.8925688834910446
-1.1554397178817888,2.5358288129391844,-1.3482773823260703,-0.38495509971050873,-0.6213026715896602,-0.07168388368511042,-0.41607925306803817,-0.9758732412766411,1.9086452785367503,-1.1490825148247352,0.7008441987153935
-0.4019083050431531,-0.6601155219753105,-0.6825945728627496,0.3476187682609951,-0.04940326942354912,0.5090891466183556,-0.11564206156746855,-0.15974025880175766,0.06873371810395466,-0.5160388532987793,0.059146291528505375
0.46755101746296523,-1.3890151071312478,0.9560092658161934,4.743061976090019,0.46530619252595123,-1.2332299442920425,-1.1371285126694053,1.2416459808426468,-0.8512220621124402,-0.34339058197351835,0.4258308099210135
0.9892266109666364,1.1340988414854587,0.8023901559400424,-0.16518293931905773,-0.5831760447785863,-0.07168388368511042,-0.4761666913681521,-0.05235434005501227,-1.048355443587384,-0.5160388532987793,0.5175019395191401
0.6414428819641893,-0.7442193202625339,0.9560092658161934,1.519736957015401,0.08403992441521031,-1.2332299442920425,-1.1070847935193482,-0.1651095547390681,-0.25982191768761453,-0.11319288687317042,1.617555494696663
1.1051545206341185,0.06878406318062726,0.49515193618774056,9.431534731107643,2.3716375330796553,3.800136318337997,1.4466313342354935,3.75447647951538,-0.8512220621124402,0.6349496222029597,-1.315920652443399
-0.22801644054192902,0.6855452506202666,-1.3482773823260703,-0.018668165724756845,-0.2209730900733824,0.12190712641604493,-0.2658606573177534,-0.21343321817510055,0.20015597242058292,0.4623013508776988,1.1591998467060283
2.9600010753138384,-1.4450843059893967,1.7753111851556649,0.0545892210723936,-0.144719836451236,-0.9428434291403095,-0.7766038828687217,1.8805921973855106,-0.9826443164290685,0.05945538445209053,-0.6742227452565109
-0.6337641243781177,-0.26763112996826727,-1.0410391625737685,2.1790534381897544,-0.011276642612475,-0.5556614089379988,-0.8667350403188926,0.07650876244097489,0.3972893538955268,0.11700480822717751,0.7008441987153935
-1.0395118082143064,0.012714864322478163,-1.0922455325324856,-0.38495509971050873,-0.506922791156438,1.283453187022977,-0.0855983424174116,-0.9705039453392711,0.46300048105383945,0.980246164853481,-0.12419596766774789
-0.5758001695443766,0.34913005747137205,-0.06811813335814604,-0.38495509971050873,-0.18284646326230827,0.12190712641604493,1.717024806586006,-0.4604208312925136,-0.19411079052930186,-0.8037859721742137,-0.4908804860602561
-0.6337641243781177,-0.8843923174079066,0.23912008639415577,-0.38495509971050873,-0.5259861045619751,-0.07168388368511042,-0.566297848818323,-1.0725205681486465,-0.522666426320871,0.4047519271026118,0.7925153283135217
1.1631184754678605,0.012714864322478163,1.058422005733627,-0.018668165724756845,-0.506922791156438,-0.9428434291403095,-0.6564290062684939,1.665820359892139,-1.245488825062325,-0.40094000574860533,-1.0409072636490175
-0.5178362147106351,0.12485326203877634,-0.27294361319301397,-0.23844032611620786,0.31279968528165475,-0.36207039883684344,0.7556257937841834,-0.4282050556684721,-1.7054667151705254,-0.1707423106482574,-1.1325783932471458
0.23569519812800013,1.3303410374889804,-0.27294361319301397,-0.16518293931905773,-0.487859477750901,-0.6524569139885764,-0.14568578071752553,-0.21343321817510055,-1.3769110793789532,-0.6311377008489526,-0.9492361340508908
1.3370103399690836,-0.9404615162660557,1.6728984452382307,-0.23844032611620786,1.1897121019363588,-0.8460479240897318,-0.8667350403188926,1.0215048474119648,-1.771177842328838,2.303882911680481,-0.9492361340508908
-0.7496920340456003,1.1621334409145332,-1.1434519024912024,-0.38495509971050873,-0.16378314985677123,-0.2652748937862658,0.21483884908315803,-0.05235434005501227,0.528711608212155,-0.5160388532987793,-0.5825516156583826
0.23569519812800013,0.9098220460528623,0.18791371643543875,0.3476187682609951,-0.06846658282908619,0.702680156719511,1.026019266134696,1.8805921973855106,1.1201117526369808,0.4623013508776988,1.0675287171079015
-1.0974757630480474,1.470514034634353,-1.1946582724499193,-0.23844032611620786,-0.5450494179675122,-0.4588659038874211,-0.8967787594689496,-0.4389436475431526,1.44866738842855,-0.055643463098083434,-0.03252483806962126
-0.28598039537567055,-0.04335433453567092,-0.11932450331686306,-0.4582124865076592,-0.16378314985677123,-0.1684793887356881,-0.2658606573177534,0.9141189286652194,0.7915561168454115,-0.055643463098083434,-1.315920652443399
-0.6917280792118592,-0.5479771242590123,-0.5289754629865987,-0.5314698733048094,-0.144719836451236,1.0898621769218217,0.12470769163298714,-0.19195603442573955,1.1858228797952963,-0.11319288687317042,-0.03252483806962126
-0.170052485708188,-0.04335433453567092,-0.11932450331686306,-0.38495509971050873,-0.2209730900733824,0.31549813651720027,0.3650574448334428,-0.3100805450471058,-0.06268853621267359,-1.0339836672745615,-0.21586709726587616
0.40958706262922423,0.012714864322478163,1.1096283756923442,-0.4582124865076592,1.551915056641563,-0.9428434291403095,-0.6564290062684939,0.43088229430513336,-0.25982191768761453,-0.28584115819843137,-0.9492361340508908
-0.6337641243781177,-1.0525999139823536,-0.324149983151731,-0.018668165724756845,-0.27816303028999356,2.444999247629909,0.6354509171839555,-0.4496822394178331,0.3972893538955268,-0.6886871246240396,-0.3075382268640028
-0.28598039537567055,-0.1554927322519691,-0.7850073127801837,-0.5314698733048094,1.685358250480322,-0.9428434291403095,-0.7766038828687217,-0.3745120962951292,-0.19411079052930186,1.210443859953829,-0.5825516156583826
0.0038393787930360774,-1.501153504847546,0.7511837859813254,-0.38495509971050873,-0.18284646326230827,-0.4588659038874211,-0.5963415679683799,0.37718933493173085,-0.6540886806374993,0.8075978935282206,-0.9492361340508908
1.1051545206341185,-1.6693611014219931,0.49515193618774056,-0.23844032611620786,-0.6213026715896602,-0.1684793887356881,-0.3259480956178673,-0.29934195317242535,-0.522666426320871,-0.9764342434994746,-1.0409072636490175
-1.0974757630480474,2.003171423786769,-1.3994837522847874,-0.16518293931905773,1.4565984896138777,-0.9428434291403095,-1.0469973552192344,-0.6376075972245332,1.6458007699034938,-0.8613353959493006,0.3341596803228869
0.17773124329425913,-0.21156193111011817,1.2120411156097781,-0.38495509971050873,6.336806721431361,0.025111621365467254,0.45518860228361374,0.6456541317985048,-1.8368889694871535,2.9369265732064367,-1.315920652443399
1.2210824303016015,-0.4919079254008633,0.7511837859813254,-0.7512420336962606,1.0562689080975993,1.7674307122758655,0.034576534182816254,0.8711645611665569,0.46300048105383945,1.1528944361787419,-0.4908804860602561
0.6994068367979304,-0.3797695276845651,-0.17053087327558006,0.12784660786954405,0.045913297604136184,-0.1684793887356881,-0.0855983424174116,0.6993470911718478,-1.245488825062325,0.4623013508776988,-0.3992093564621294
-0.4598722598768941,0.46126845518767023,-0.06811813335814604,-0.4582124865076592,-0.3162896571010677,0.7994756617700887,1.2363253001850947,-0.3100805450471058,-0.06268853621267359,-0.7462365483991266,-0.5825516156583826
-0.22801644054192902,0.06878406318062726,0.3415328263115898,-0.018668165724756845,-0.25909971688445654,-0.7492524190391542,-0.8967787594689496,-2.334305113422383,-0.719799807795812,0.34720250332752484,2.442595661079806
0.3516231077954832,0.34913005747137205,0.5975646761051746,-0.16518293931905773,0.10310323782074737,-1.0396389341908872,-0.7465601637186647,1.0215048474119648,0.3972893538955268,-0.4584894295236923,-0.12419596766774789
0.9312626561328954,-1.1647383116986516,1.4680729654033633,-0.38495509971050873,-0.3162896571010677,-1.2332299442920425,-1.1671722318194622,-0.7288856281592281,-1.048355443587384,0.4047519271026118,0.8841864579116483
1.0471905658003775,-1.2208075105568008,0.3927391962703065,-0.6779846468991102,-0.27816303028999356,-0.6524569139885764,-0.566297848818323,0.012077211193011113,-0.45695529916255545,0.980246164853481,0.7008441987153935
3.3077848043162854,-0.6601155219753105,1.8265175551143817,0.933677862638198,-0.011276642612475,-0.9428434291403095,0.004532815032759292,2.5249077098657446,-1.9683112238037819,0.8651473173033077,0.3341596803228869
0.5255149722967063,-0.3797695276845651,-0.22173724323429694,0.0545892210723936,0.026849984198599124,0.2187026314666226,0.9058443895344681,1.3544011955267026,-1.048355443587384,-0.8613353959493006,-0.9492361340508908
2.438325481810167,-0.3797695276845651,1.8265175551143817,-0.38495509971050873,-0.35441628391214186,-0.9428434291403095,-0.9568661977690635,1.1288907661586505,-2.0997334781204073,1.210443859953829,-0.21586709726587616
-0.34394435020941155,-1.6693611014219931,0.49515193618774056,-0.5314698733048094,-0.8309991190505678,0.702680156719511,0.3951011639834998,0.21611045681170216,0.6601338625287833,0.28965307955243785,1.5258843650985363
-0.7496920340456003,0.5173376540458193,-0.9898327926150514,-0.5314698733048094,-0.25909971688445654,-0.7492524190391542,-0.6864727254185509,0.591961172425162,1.1201117526369808,-0.7462365483991266,-1.315920652443399
-0.11208853087444698,0.7976836483365647,1.4168665954446462,-0.5314698733048094,0.5224961327425603,1.57383970217471,2.8286424151381135,0.0550315786916735,-0.9169331892707558,-0.22829173442334438,-0.9492361340508908
-0.4019083050431531,-0.1554927322519691,0.08550097651800471,-0.16518293931905773,-0.06846658282908619,-1.0396389341908872,-0.9869099169191204,-0.9007030981539372,0.06873371810395466,-0.22829173442334438,0.975857587509775
0.3516231077954832,0.5173376540458193,-0.4777690930278819,0.933677862638198,1.6472316236692477,3.509749803186264,2.9488172917383415,1.0215048474119648,-0.9826443164290685,1.2679932837289158,-1.1325783932471458
0.8153347464654124,0.9098220460528623,0.23912008639415577,-0.018668165724756845,-0.030339956018012062,0.6058846516689332,1.3264564576352655,0.6456541317985048,-0.12839966337098627,-0.22829173442334438,-0.3075382268640028
-0.4019083050431531,0.12485326203877634,-0.324149983151731,-0.23844032611620786,-0.35441628391214186,-0.8460479240897318,-0.566297848818323,-0.15974025880175766,-0.19411079052930186,-0.6311377008489526,-0.6742227452565109
-0.8076559888793412,-0.21156193111011817,-0.4265627230691649,-0.6047272601019599,-0.20190977666784535,-0.2652748937862658,-0.6263852871184369,-0.6590847809738942,0.46300048105383945,-0.11319288687317042,-0.5825516156583826
0.9892266109666364,0.9098220460528623,-0.8362136827389007,-0.8244994204934111,-0.10659320964016004,-0.7492524190391542,-0.6864727254185509,-0.4926366069164955,-2.822555876861864,-1.0915330910496486,-0.6742227452565109
-0.8076559888793412,0.7976836483365647,-1.0922455325324856,-0.3116977129133583,-0.18284646326230827,-0.7492524190391542,-0.41607925306803817,0.9409654083518908,2.4343342958032634,0.28965307955243785,-0.7658938748546376
-0.05412457604070597,-1.0525999139823536,0.49515193618774056,-0.4582124865076592,-0.6213026715896602,2.6385902577310643,0.8157132320842972,-1.4054169162634438,-0.522666426320871,0.8651473173033077,1.4342132355004098
0.06180333362677709,-0.04335433453567092,-0.27294361319301397,0.12784660786954405,-0.10659320964016004,-1.136434439241465,-0.8667350403188926,0.06577017056635401,-0.3255330448459301,-0.5160388532987793,-0.4908804860602561
0.11976728846051811,-0.7161847208334593,0.6487710460638916,2.7651125325669574,-0.7547458654284196,-1.2332299442920425,-1.1070847935193482,-0.5570681581645189,-0.19411079052930186,-0.5735882770738656,1.4342132355004098
-0.4598722598768941,0.5734068529039684,-0.016911763399429024,-0.38495509971050873,-0.1256565230456971,0.12190712641604493,1.3264564576352655,-0.28860336129774483,-0.3255330448459301,-0.4584894295236923,-0.5825516156583826
-0.9235838985468238,0.06878406318062726,-0.7338009428214667,-0.38495509971050873,-0.25909971688445654,-0.07168388368511042,-0.3259480956178673,0.32349637555838795,1.9743564056950629,-0.11319288687317042,-0.5825516156583826
0.0038393787930360774,-0.6040463231171614,0.5463583061464575,-0.018668165724756845,0.08403992441521031,0.7994756617700887,0.3951011639834998,0.6456541317985048,0.003022590945641993,0.23210365577735084,0.3341596803228869
2.148505707641461,-0.7722539196916084,1.9801366649905328,0.3476187682609951,0.06497661100967324,-0.36207039883684344,-0.506210410518209,1.5584344411454532,-0.8512220621124402,-0.1707423106482574,0.3341596803228869
-0.6917280792118592,-0.5479771242590123,0.7511837859813254,2.1790534381897544,-0.35441628391214186,1.1866576819723993,2.438074066187373,0.32349637555838795,0.725844989687096,0.28965307955243785,0.059146291528505375
1.6268301141377897,-0.4358387265427142,2.3385812547015514,0.49413354185529595,-0.4497328509398269,-0.9428434291403095,-0.7465601637186647,1.0215048474119648,-0.9169331892707558,0.0019059606770035474,0.7008441987153935
0.3516231077954832,-0.5479771242590123,0.9048028958574764,-0.4582124865076592,-0.7166192386173456,-0.9428434291403095,-0.9268224786190066,-1.0188276087753034,0.2658670995788985,0.23210365577735084,1.8925688834910446
-1.7930432210529421,0.657510651191192,-1.3994837522847874,-0.27506901951478324,-0.18284646326230827,-0.07168388368511042,-0.566297848818323,-1.2121222625193737,3.0914455673864016,-0.28584115819843137,1.8925688834910446
2.322397572142685,-0.1554927322519691,1.1096283756923442,-0.23844032611620786,-0.011276642612475,-1.0396389341908872,-0.9869099169191204,1.8805921973855106,-0.7855109349541275,-1.2641813623749092,-0.7658938748546376
-0.4019083050431531,2.3676212163647374,-1.2458646424086364,-0.38495509971050873,0.007786670793062062,-0.8460479240897318,-0.8066476020187787,-0.4282050556684721,-0.719799807795812,-0.5735882770738656,-0.7658938748546376
-0.34394435020941155,-0.7722539196916084,-0.7850073127801837,-0.6047272601019599,0.14122986463181963,0.31549813651720027,-0.5963415679683799,-0.39598928004449024,-0.9826443164290685,-0.9764342434994746,-0.9492361340508908
-0.28598039537567055,0.012714864322478163,-1.3482773823260703,-0.6779846468991102,-0.24003640347891947,-1.2332299442920425,-0.8366913211688356,-0.9114416900286177,-0.9826443164290685,-1.1490825148247352,-0.5825516156583826
0.6414428819641893,-1.1086691128405026,1.6216920752795136,0.20110399466669415,-0.20190977666784535,-0.6524569139885764,-0.506210410518209,0.4845752536784762,-1.245488825062325,-0.6886871246240396,1.4342132355004098
-0.6917280792118592,0.8537528471947138,-1.3994837522847874,-0.23844032611620786,-0.3162896571010677,-0.36207039883684344,-0.7465601637186647,0.10872453806501639,1.1201117526369808,-0.9188848197243876,-1.0409072636490175
-0.170052485708188,-0.1554927322519691,0.5975646761051746,0.0545892210723936,-0.144719836451236,-0.36207039883684344,-0.02551090411729767,0.9678118880386218,0.7915561168454115,-0.22829173442334438,0.24248855072475864
-1.3293315823830125,-1.1086691128405026,0.23912008639415577,7.600100061178884,-0.6784926118062715,-0.9428434291403095,1.9874182789365187,-0.5248523825404774,-0.06268853621267359,-0.5735882770738656,0.975857587509775
0.6414428819641893,-1.0525999139823536,0.49515193618774056,-0.23844032611620786,-0.27816303028999356,-1.0396389341908872,-1.0169536360691773,0.6993470911718478,-0.5883775534791837,-0.22829173442334438,-1.1325783932471458
-0.4598722598768941,1.358375636918055,-0.37535635311044785,4.083745494915664,0.16029317803735854,1.3802486920735546,1.3565001767853226,1.1933223174066738,-0.719799807795812,-0.4584894295236923,-1.1325783932471458
-0.5178362147106351,-0.9404615162660557,0.08550097651800471,0.0545892210723936,-0.04940326942354912,0.993066671871244,0.7556257937841834,-0.1328937791150862,0.528711608212155,0.11700480822717751,0.5175019395191401
0.6414428819641893,-1.4450843059893967,1.3144538555272123,-0.09192555252190729,-0.29722634369553064,-0.9428434291403095,-0.8667350403188926,-0.2671261775484434,-0.719799807795812,2.7067288781060888,1.4342132355004098
0.9312626561328954,0.5734068529039684,-0.17053087327558006,-0.09192555252190729,-0.24003640347891947,-0.9428434291403095,-0.41607925306803817,0.37718933493173085,-1.442622206537269,-0.5160388532987793,-0.9492361340508908
1.8007219786390138,-0.9404615162660557,2.1337557748666836,-0.3116977129133583,0.007786670793062062,-0.9428434291403095,-0.7766038828687217,1.7732062786388247,-0.9169331892707558,-0.22829173442334438,-1.1325783932471458
-0.22801644054192902,-1.6132919025638441,0.6487710460638916,-0.6779846468991102,-0.6403659849951994,-0.4588659038874211,-0.6564290062684939,0.0013386193183306141,0.06873371810395466,1.210443859953829,-1.5909340412377806
2.0325777979739788,-0.8283231185497575,1.4168665954446462,-0.3116977129133583,-0.35441628391214186,-1.0396389341908872,-0.8366913211688356,1.0215048474119648,-1.3111999522206406,-0.22829173442334438,0.3341596803228869
2.0905417528077197,0.23699165975507389,1.1608347456510613,0.0545892210723936,-0.144719836451236,-0.9428434291403095,-0.44612297221809516,2.095364034878882,-1.245488825062325,0.6924990459780467,0.24248855072475864
0.9312626561328954,-1.4450843059893967,1.1096283756923442,1.8127665042040026,-0.144719836451236,-0.6524569139885764,-0.8967787594689496,-0.9973504250260021,-0.7855109349541275,-0.8037859721742137,1.8925688834910446
1.2210824303016015,0.6294760517621175,-0.17053087327558006,0.20110399466669415,0.29373637187611773,1.283453187022977,0.18479512993310107,1.665820359892139,-0.45695529916255545,0.05945538445209053,-0.4908804860602561
1.2790463851353426,-0.7722539196916084,0.9560092658161934,-0.23844032611620786,-0.27816303028999356,-0.1684793887356881,-0.5963415679683799,-0.38525068816980973,-1.6397555880122097,1.037795588628568,0.8841864579116483
-1.3293315823830125,0.6294760517621175,-1.1434519024912024,-0.4582124865076592,-0.4497328509398269,-0.6524569139885764,-0.8967787594689496,-0.9329188737779787,1.3829562612702373,0.6924990459780467,0.15081742112663202
-1.0395118082143064,-0.7161847208334593,-0.8874200526976176,-0.38495509971050873,-0.25909971688445654,1.3802486920735546,0.004532815032759292,-0.6214997094125423,0.33157822673721116,-1.0339836672745615,-0.9492361340508908
-0.6337641243781177,0.18092246089692543,-0.06811813335814604,-0.38495509971050873,-0.1256565230456971,-0.2652748937862658,1.5968499299857783,-0.4496822394178331,-0.3255330448459301,-0.8037859721742137,-0.4908804860602561
-0.05412457604070597,-0.9965307151242048,0.2903264563528728,-0.09192555252190729,-0.25909971688445654,-0.4588659038874211,0.004532815032759292,-0.37988139223243966,-0.25982191768761453,0.8651473173033077,0.5175019395191401
-0.9235838985468238,-1.3890151071312478,0.03429460655928799,-0.09192555252190729,-1.4791517748388274,1.9610217223770208,1.5968499299857783,-3.252454718706642,-0.3255330448459301,-1.5519284812503438,1.1591998467060283
-0.34394435020941155,0.40519925632952114,-1.0922455325324856,-0.38495509971050873,-0.20190977666784535,0.31549813651720027,-0.1757294998675825,0.14630960962636833,0.528711608212155,-0.22829173442334438,-0.3075382268640028
-0.22801644054192902,-1.0525999139823536,0.44394556622902354,-0.4582124865076592,-0.4687961643453639,-1.0396389341908872,-1.1070847935193482,-1.3463546609527308,-0.25982191768761453,-0.6886871246240396,0.7008441987153935
-0.8076559888793412,0.5734068529039684,-1.3482773823260703,-0.09192555252190729,-0.25909971688445654,-0.1684793887356881,-0.23581693816769642,-0.7933171794072514,0.20015597242058292,-0.7462365483991266,0.3341596803228869
2.206469662475202,-0.7161847208334593,1.2632474855684952,-0.38495509971050873,0.045913297604136184,-0.07168388368511042,0.21483884908315803,1.7732062786388247,-1.8368889694871535,0.0019059606770035474,-0.21586709726587616
-0.05412457604070597,-0.4919079254008633,-0.17053087327558006,-0.16518293931905773,-0.506922791156438,-0.5556614089379988,-0.566297848818323,-0.3047112491097954,-0.3912441720042428,-0.7462365483991266,-0.21586709726587616
-0.05412457604070597,-1.501153504847546,0.3415328263115898,-0.018668165724756845,-0.3162896571010677,0.025111621365467254,0.004532815032759292,-0.4067278719191111,0.5944227353704676,0.6924990459780467,0.7925153283135217
0.06180333362677709,2.844209406659004,-0.6313882029040327,2.5453403721755063,-0.3162896571010677,-0.4588659038874211,0.21483884908315803,1.2362766849053364,0.3972893538955268,-0.9764342434994746,-0.4908804860602561
-1.3293315823830125,-0.1554927322519691,-1.1946582724499193,-0.23844032611620786,0.045913297604136184,-0.2652748937862658,-0.6263852871184369,-0.12215518724040572,0.9886894983203525,-1.0915330910496486,-0.3992093564621294
0.40958706262922423,0.7416144494784157,-0.5289754629865987,0.3476187682609951,-0.24003640347891947,-1.0396389341908872,-1.0169536360691773,0.4845752536784762,-0.12839966337098627,-0.6311377008489526,-0.03252483806962126
-0.6917280792118592,-0.32370032882641636,-1.3994837522847874,-0.23844032611620786,-0.4306695375342898,-0.8460479240897318,-0.9869099169191204,-0.8201636590939229,0.5944227353704676,-0.4584894295236923,0.4258308099210135
1.2210824303016015,0.2650262591841484,1.7241048151969478,0.0545892210723936,-0.25909971688445654,-0.4588659038874211,-0.6864727254185509,1.7732062786388247,-0.9826443164290685,0.17455423200226386,-1.315920652443399
2.0325777979739788,-1.1086691128405026,1.1096283756923442,0.6406483154495966,0.06497661100967324,3.703340813287419,0.9959755469846391,1.8805921973855106,-0.06268853621267359,0.5774001984278727,0.24248855072475864
1.1051545206341185,-0.4919079254008633,1.5704857053207968,1.153450023029649,0.045913297604136184,-0.4588659038874211,-0.6864727254185509,0.40403581461840227,-0.12839966337098627,1.901036945254872,1.4342132355004098
0.8732987012991544,-0.09942353339382001,-0.4265627230691649,0.49413354185529595,-0.16378314985677123,-0.7492524190391542,-0.506210410518209,0.9141189286652194,-0.522666426320871,-0.4584894295236923,0.059146291528505375
-0.11208853087444698,1.1340988414854587,-1.3994837522847874,-0.018668165724756845,-0.16378314985677123,-0.36207039883684344,-0.6864727254185509,0.6886084992971673,0.46300048105383945,-1.1490825148247352,-0.7658938748546376
0.23569519812800013,-0.6040463231171614,0.9048028958574764,-0.09192555252190729,-0.3353529705066048,1.57383970217471,0.3650574448334428,-0.2832340653604344,0.13444484526227024,0.6349496222029597,1.4342132355004098
-0.11208853087444698,0.7416144494784157,-0.27294361319301397,-0.23844032611620786,-0.3925429107232157,-0.6524569139885764,-0.7165164445686077,0.0550315786916735,-0.06268853621267359,3.1095748445316977,-0.12419596766774789
-0.8076559888793412,0.4332338557585957,-0.7850073127801837,5.988437551641574,-0.3162896571010677,2.3482037425793316,1.0861067044348098,1.397355563025365,0.9229783711620398,-0.8037859721742137,-0.9492361340508908
1.1631184754678605,-1.1647383116986516,0.9048028958574764,2.838369919364108,-0.3162896571010677,-1.0396389341908872,-1.0169536360691773,0.4845752536784762,-0.522666426320871,0.9226967410783941,1.9842400130891713
-0.8076559888793412,-0.09942353339382001,-0.22173724323429694,-0.38495509971050873,-0.3353529705066048,-0.2652748937862658,-0.7465601637186647,-1.2443380381433555,0.5944227353704676,1.037795588628568,0.7008441987153935
-0.4598722598768941,-0.7161847208334593,-0.4777690930278819,-0.6779846468991102,-0.20190977666784535,0.7994756617700887,0.3350137256833859,-0.10604729942835517,0.20015597242058292,-0.4584894295236923,-0.9492361340508908
-0.4598722598768941,0.40519925632952114,-1.2458646424086364,-0.5314698733048094,0.10310323782074737,0.8962711668206663,1.5668062108357212,-0.9114416900286177,0.2658670995788985,-0.6886871246240396,-0.3075382268640028
-0.9235838985468238,1.2462372392017569,-1.3482773823260703,-0.09192555252190729,-0.2209730900733824,0.12190712641604493,-0.44612297221809516,-0.6429768931618437,1.580089642745178,-0.28584115819843137,2.167582272285426
-0.6337641243781177,1.7228254294960235,-1.3994837522847874,-0.38495509971050873,1.4565984896138777,-1.136434439241465,-1.0770410743692913,-0.33155772879646683,0.528711608212155,-0.8037859721742137,-0.3992093564621294
0.11976728846051811,-0.3797695276845651,0.18791371643543875,-0.2018116327176328,-0.2209730900733824,1.57383970217471,0.3350137256833859,0.6993470911718478,0.13444484526227024,-0.6886871246240396,-0.5825516156583826
2.7281452559788733,-0.32370032882641636,1.1096283756923442,1.2999647966239498,-0.08752989623462298,-0.9428434291403095,0.004532815032759292,2.9007584254791445,-0.06268853621267359,0.11700480822717751,2.075911142687298
-0.5758001695443766,-1.0525999139823536,0.2903264563528728,-0.018668165724756845,-0.487859477750901,0.5090891466183556,-0.2959043764678103,-0.804055771281932,0.2658670995788985,0.6349496222029597,1.5258843650985363
-0.5178362147106351,-0.9404615162660557,0.13670734647672173,-0.5314698733048094,-0.29722634369553064,0.12190712641604493,-0.6864727254185509,-1.3463546609527308,-0.45695529916255545,0.23210365577735084,0.8841864579116483
-0.6337641243781177,0.7416144494784157,0.2903264563528728,-0.018668165724756845,-0.41160622412875275,1.7674307122758655,1.656937368285892,-1.3732011406394022,-0.25982191768761453,0.6924990459780467,2.167582272285426
0.23569519812800013,-0.26763112996826727,0.13670734647672173,0.20110399466669415,-0.4497328509398269,-0.5556614089379988,-0.566297848818323,-0.15974025880175766,0.13444484526227024,0.05945538445209053,0.7008441987153935
1.6847940689715306,-1.3890151071312478,1.4680729654033633,-0.4582124865076592,-0.27816303028999356,0.12190712641604493,0.3951011639834998,0.6993470911718478,-0.9826443164290685,-0.4584894295236923,-0.5825516156583826
-0.170052485708188,1.0219604437691605,-1.3994837522847874,0.0545892210723936,-0.18284646326230827,-0.4588659038874211,-0.38603553391798123,0.4845752536784762,0.8572672440037242,-0.7462365483991266,-0.8575650044527642
-1.2713676275492714,1.049995043198235,-0.8874200526976176,0.0545892210723936,-0.6975559252118085,-0.2652748937862658,-0.5963415679683799,-1.652404529380857,1.7115118970618064,-0.9188848197243876,1.342542105902283
-0.6917280792118592,1.2742718386308314,-0.6313882029040327,-0.5314698733048094,0.3318629986871918,0.4122936415677779,1.116150423584867,-0.41209716785648115,-0.7855109349541275,-0.9188848197243876,-0.8575650044527642
0.17773124329425913,1.694790830066949,-1.3994837522847874,0.20110399466669415,0.10310323782074737,0.12190712641604493,-0.11564206156746855,0.8174716017932141,0.13444484526227024,-0.34339058197351835,-0.03252483806962126
-0.11208853087444698,0.012714864322478163,-0.27294361319301397,-0.23844032611620786,-0.2209730900733824,1.6706352072252877,1.2663690193351518,0.044292986816993,-0.3255330448459301,-1.1490825148247352,-0.7658938748546376
-0.170052485708188,-0.26763112996826727,0.3415328263115898,-0.23844032611620786,-0.3162896571010677,0.025111621365467254,-0.6564290062684939,-1.6631431212554777,-0.19411079052930186,0.0019059606770035474,1.8008977538929178
-1.9089711307204247,-0.7161847208334593,1.1608347456510613,1.2999647966239498,-0.8309991190505678,1.283453187022977,0.9959755469846391,-3.4887037399493743,1.1858228797952963,0.0019059606770035474,2.900951309070441
-0.28598039537567055,0.12485326203877634,0.3927391962703065,-0.23844032611620786,-0.29722634369553064,0.5090891466183556,0.5753634788838415,0.37718933493173085,-0.3912441720042428,-0.5735882770738656,-1.1325783932471458
-0.4598722598768941,0.23699165975507389,-0.9898327926150514,0.0545892210723936,-0.011276642612475,-0.1684793887356881,-0.5963415679683799,-0.4174664637937916,-0.06268853621267359,-0.40094000574860533,-0.03252483806962126
0.8732987012991544,-1.557222703705695,1.1096283756923442,0.12784660786954405,-0.030339956018012062,-0.07168388368511042,-0.41607925306803817,0.8067330099185336,0.725844989687096,1.3830921312790898,-0.3992093564621294
-0.6337641243781177,-0.04335433453567092,-1.0410391625737685,-0.8244994204934111,-0.29722634369553064,-1.0396389341908872,-0.8066476020187787,0.32349637555838795,0.06873371810395466,0.8651473173033077,-0.7658938748546376
2.496289436643908,-0.8283231185497575,1.9801366649905328,0.0545892210723936,-0.030339956018012062,-0.5556614089379988,-0.1757294998675825,2.310135872372254,-0.9169331892707558,0.11700480822717751,-0.5825516156583826
1.2790463851353426,-1.6132919025638441,0.7511837859813254,-0.5314698733048094,-0.24003640347891947,-0.9428434291403095,-0.7465601637186647,0.4845752536784762,-0.6540886806374993,2.246333487905394,0.3341596803228869
1.6847940689715306,0.7976836483365647,1.4168665954446462,-0.16518293931905773,-0.10659320964016004,-0.9428434291403095,-1.0169536360691773,1.7732062786388247,-0.9169331892707558,0.28965307955243785,-0.8575650044527642
-0.4598722598768941,1.2742718386308314,-1.3994837522847874,-0.4582124865076592,-0.10659320964016004,-0.9428434291403095,-1.0469973552192344,0.012077211193011113,0.20015597242058292,-0.9764342434994746,-0.6742227452565109
2.612217346311391,0.4893030546167448,1.9801366649905328,2.3988255985812055,-0.1256565230456971,-0.8460479240897318,-0.14568578071752553,2.9544513848524874,-1.574044460853897,0.4047519271026118,-0.3992093564621294
-0.6337641243781177,2.647967210655483,-1.3994837522847874,0.3476187682609951,0.23654643165950653,-0.8460479240897318,-0.9268224786190066,-0.4496822394178331,0.7915561168454115,-1.1490825148247352,-0.3992093564621294
-1.2713676275492714,-0.26763112996826727,-0.9386264226563346,-0.6047272601019599,-0.2209730900733824,0.2187026314666226,-0.506210410518209,-1.4376326918874258,0.9229783711620398,-0.6886871246240396,0.7008441987153935
-0.22801644054192902,0.40519925632952114,-1.0922455325324856,-0.6779846468991102,-0.3925429107232157,-0.07168388368511042,0.3650574448334428,-0.15974025880175766,-0.06268853621267359,-1.1490825148247352,-0.9492361340508908
-0.28598039537567055,0.18092246089692543,-0.4265627230691649,-0.5314698733048094,0.27467305847058066,-0.36207039883684344,0.004532815032759292,-0.15974025880175766,-0.7855109349541275,1.5557404026043509,-0.8575650044527642
1.3370103399690836,-0.4919079254008633,2.082549404907967,1.153450023029649,0.46530619252595123,-0.9428434291403095,-0.6864727254185509,0.1624174974383593,-1.6397555880122097,0.0019059606770035474,2.7176090498741874
-0.05412457604070597,-1.2208075105568008,0.6487710460638916,-0.23844032611620786,-0.6022393581841252,-0.9428434291403095,-1.1070847935193482,-0.7181470362845476,0.003022590945641993,0.11700480822717751,0.7008441987153935
-0.34394435020941155,-1.9497070957127383,0.3415328263115898,0.12784660786954405,-0.4497328509398269,-0.07168388368511042,0.3350137256833859,-1.0725205681486465,0.3972893538955268,0.6924990459780467,1.2508709763041566
-1.0974757630480474,1.8910330260704706,-1.2458646424086364,0.49413354185529595,-0.35441628391214186,1.0898621769218217,0.3350137256833859,-0.9114416900286177,1.9743564056950629,-0.9764342434994746,2.075911142687298
0.29365915296174216,-1.4450843059893967,0.9560092658161934,-0.3116977129133583,0.10310323782074737,0.4122936415677779,-0.536254129668266,-0.9758732412766411,-0.3255330448459301,-0.5735882770738656,0.7925153283135217
-1.0395118082143064,0.4893030546167448,-1.3994837522847874,-0.4582124865076592,-0.4687961643453639,-0.6524569139885764,-0.8667350403188926,0.26980341618504505,0.9886894983203525,-0.055643463098083434,-1.1325783932471458
-0.170052485708188,-1.3890151071312478,0.8535965258987593,-0.5314698733048094,-0.16378314985677123,1.1866576819723993,0.6354509171839555,-0.9060723940913072,0.33157822673721116,0.0019059606770035474,0.7008441987153935
0.46755101746296523,0.8537528471947138,-0.8362136827389007,0.20110399466669415,0.06497661100967324,-0.4588659038874211,-0.0855983424174116,1.1718451336573128,0.003022590945641993,-0.6311377008489526,-0.8575650044527642
0.9892266109666364,-1.2208075105568008,1.0072156357749102,0.0545892210723936,-0.08752989623462298,-0.1684793887356881,-0.41607925306803817,1.5852809208321246,0.33157822673721116,0.8075978935282206,0.059146291528505375
-1.5611874017179777,0.06878406318062726,-1.1946582724499193,-0.6047272601019599,-0.7738091788339566,-1.0396389341908872,-1.0169536360691773,-1.3409853650154204,2.6971788044365197,-0.4584894295236923,0.8841864579116483
-0.170052485708188,0.5173376540458193,0.2903264563528728,0.12784660786954405,-0.030339956018012062,0.025111621365467254,-0.2959043764678103,0.26980341618504505,0.003022590945641993,-0.4584894295236923,0.24248855072475864
-0.4019083050431531,-0.5479771242590123,0.6487710460638916,0.12784660786954405,-0.144719836451236,-0.9428434291403095,-1.0770410743692913,-0.707408444409867,0.8572672440037242,-0.6886871246240396,1.617555494696663
1.2790463851353426,-0.9404615162660557,1.0072156357749102,-0.23844032611620786,-0.29722634369553064,-0.6524569139885764,-0.7165164445686077,-0.17047885067637855,-0.522666426320871,0.5774001984278727,1.4342132355004098
-0.34394435020941155,0.7976836483365647,-0.22173724323429694,-0.3116977129133583,-0.030339956018012062,0.12190712641604493,1.4766750533855504,-0.2671261775484434,0.06873371810395466,-1.0339836672745615,-0.8575650044527642
-0.7496920340456003,-0.09942353339382001,-0.9386264226563346,-0.3116977129133583,-0.5259861045619751,-1.136434439241465,-1.1371285126694053,-0.4604208312925136,0.2658670995788985,-0.6886871246240396,0.059146291528505375
-0.4019083050431531,0.06878406318062726,-1.2970710123673532,-0.6047272601019599,-0.08752989623462298,0.12190712641604493,-0.4761666913681521,-0.43357435160578256,0.3972893538955268,-0.8613353959493006,-0.03252483806962126
0.3516231077954832,0.6014414523330429,0.49515193618774056,-0.6047272601019599,3.305739889950971,-1.0396389341908872,0.45518860228361374,0.21611045681170216,-2.0340223509620947,2.476531183005742,-1.0409072636490175
0.9312626561328954,-0.9965307151242048,0.5463583061464575,-0.7512420336962606,-0.6022393581841252,1.4770441971241324,0.004532815032759292,0.0335543949423125,-0.3255330448459301,0.9226967410783941,0.15081742112663202
-0.6337641243781177,0.40519925632952114,-1.1946582724499193,-0.018668165724756845,-0.25909971688445654,0.2187026314666226,1.2363253001850947,0.40403581461840227,1.44866738842855,-0.6311377008489526,-0.8575650044527642
0.46755101746296523,0.6294760517621175,-0.22173724323429694,0.4208761550581455,0.10310323782074737,-0.2652748937862658,-0.2658606573177534,1.665820359892139,-0.19411079052930186,-0.40094000574860533,-0.6742227452565109
-0.7496920340456003,0.5173376540458193,-0.8874200526976176,-0.8244994204934111,-0.35441628391214186,1.0898621769218217,0.4852323214336707,-0.3745120962951292,-0.19411079052930186,-0.28584115819843137,-1.1325783932471458
0.11976728846051811,-1.3890151071312478,0.3927391962703065,-0.6047272601019599,-0.5450494179675122,-0.9428434291403095,-0.9568661977690635,-0.7825785875325709,-0.06268853621267359,0.4623013508776988,1.2508709763041566
-0.5178362147106351,1.4424794352052785,-0.4265627230691649,1.9592812777983035,0.08403992441521031,0.31549813651720027,1.5367624916856644,0.23221834462369312,-0.9826443164290685,-0.8037859721742137,-0.7964509180540099
-0.8076559888793412,-0.4919079254008633,-1.3994837522847874,-0.8244994204934111,-0.3734795973176786,1.57383970217471,-0.2658606573177534,-1.2443380381433555,0.06873371810395466,-0.4584894295236923,0.8841864579116483
-0.170052485708188,1.694790830066949,-0.016911763399429024,-0.38495509971050873,-0.18284646326230827,-0.4588659038874211,0.4852323214336707,-0.09530870755373427,-0.12839966337098627,-1.0339836672745615,-0.5825516156583826
1.0471905658003775,2.283517418077514,-0.27294361319301397,0.6406483154495966,0.29373637187611773,-0.4588659038874211,1.1762378618849807,2.310135872372254,0.7915561168454115,-0.11319288687317042,0.7925153283135217
-0.8076559888793412,0.5734068529039684,-1.2970710123673532,-0.4582124865076592,-0.2209730900733824,0.2187026314666226,-0.506210410518209,0.22684904868638267,0.5944227353704676,0.5198507746527857,-0.5825516156583826
-0.22801644054192902,-1.332945908273099,1.1096283756923442,-0.23844032611620786,0.12216655122628443,0.5090891466183556,0.3650574448334428,0.23758764056106316,0.003022590945641993,0.05945538445209053,-0.3075382268640028
-0.8076559888793412,1.1901680403436077,-1.2458646424086364,-0.16518293931905773,-0.6784926118062715,-0.8460479240897318,-0.9268224786190066,-0.8684873225299553,0.9229783711620398,-0.1707423106482574,0.975857587509775
-0.8656199437130828,0.8537528471947138,-0.9386264226563346,1.0069352494353485,-0.41160622412875275,-0.07168388368511042,-0.536254129668266,-0.7825785875325709,0.6601338625287833,-0.8037859721742137,0.6091730691172668
0.17773124329425913,-0.32370032882641636,0.13670734647672173,0.3476187682609951,-0.25909971688445654,1.3802486920735546,2.648380100237772,0.4845752536784762,-0.06268853621267359,-0.7462365483991266,-0.9492361340508908
0.7573707916316713,-0.6040463231171614,0.3927391962703065,-0.3116977129133583,-0.1256565230456971,0.12190712641604493,-0.2658606573177534,-0.25638758567376296,-0.522666426320871,0.0019059606770035474,0.6091730691172668
0.29365915296174216,-0.04335433453567092,0.3415328263115898,0.12784660786954405,-0.04940326942354912,0.7994756617700887,2.2578117512870315,0.8067330099185336,-0.3255330448459301,-0.28584115819843137,-0.8575650044527642
-0.28598039537567055,1.3023064380599059,-1.1946582724499193,-0.16518293931905773,0.045913297604136184,-0.07168388368511042,0.21483884908315803,0.1624174974383593,-0.3255330448459301,-0.055643463098083434,-0.5825516156583826
-0.5758001695443766,0.6855452506202666,-1.3994837522847874,-0.9710141940877118,-0.4687961643453639,-0.07168388368511042,-0.7766038828687217,-1.1262135275219893,0.528711608212155,-1.0915330910496486,-0.3992093564621294
1.8586859334727548,-0.6601155219753105,1.2632474855684952,0.3476187682609951,-0.18284646326230827,1.283453187022977,0.244882568233215,1.8268992380121676,-0.3255330448459301,1.2679932837289158,0.5175019395191401
0.23569519812800013,1.750860028925098,-1.3994837522847874,-0.8244994204934111,-0.4687961643453639,0.7994756617700887,-0.41607925306803817,-0.6966698525352462,-0.25982191768761453,-0.6311377008489526,-0.6742227452565109
-0.5178362147106351,-0.04335433453567092,-0.7338009428214667,-0.09192555252190729,-0.2209730900733824,1.7674307122758655,0.42514488313355675,-0.7611014037832099,0.7915561168454115,-0.40094000574860533,0.3341596803228869
-0.8656199437130828,0.7976836483365647,-0.6313882029040327,-0.5314698733048094,0.5415594461480993,-0.2652748937862658,-0.8066476020187787,-0.6966698525352462,0.725844989687096,0.05945538445209053,0.7925153283135217
-0.5758001695443766,0.7416144494784157,-1.3994837522847874,-0.38495509971050873,-0.10659320964016004,-0.9428434291403095,-0.7165164445686077,0.8604259692918764,1.9743564056950629,1.7283886739296113,-0.4908804860602561
-0.28598039537567055,-1.1647383116986516,0.8535965258987593,0.12784660786954405,0.27467305847058066,-0.7492524190391542,-0.8967787594689496,0.33423496743306846,0.13444484526227024,0.6924990459780467,0.5175019395191401
-0.9235838985468238,0.8257182477656393,-1.0410391625737685,-0.09192555252190729,-0.011276642612475,0.12190712641604493,1.056062985284753,-0.481898015041815,0.2658670995788985,-0.6886871246240396,-0.3075382268640028
-0.9815478533805653,-0.1554927322519691,-1.3994837522847874,-0.5314698733048094,-0.5259861045619751,0.5090891466183556,-0.566297848818323,-1.7060974887541998,0.8572672440037242,-0.6311377008489526,1.7092266242947913
-0.6917280792118592,0.7976836483365647,-1.3994837522847874,-0.16518293931905773,-0.1256565230456971,0.2187026314666226,-0.5963415679683799,0.5275296211771386,0.8572672440037242,-0.6886871246240396,-0.9492361340508908
-0.9815478533805653,1.106064242056384,-0.9386264226563346,2.1790534381897544,0.5224961327425603,-0.6524569139885764,-0.8967787594689496,-0.07920081974168372,0.2658670995788985,-0.9764342434994746,0.3341596803228869
0.06180333362677709,-0.7722539196916084,-0.8874200526976176,-0.6047272601019599,-0.27816303028999356,-0.9428434291403095,-0.6564290062684939,-0.47652871910450456,-1.442622206537269,-1.321730786149996,-0.6742227452565109
-0.7496920340456003,0.18092246089692543,-0.5289754629865987,-0.6047272601019599,-0.4687961643453639,-0.07168388368511042,-0.6864727254185509,-0.8362715469059139,0.8572672440037242,0.11700480822717751,0.10498185632756951
-0.9235838985468238,-0.26763112996826727,-0.9898327926150514,-0.3116977129133583,-0.487859477750901,0.2187026314666226,-0.38603553391798123,-0.6322383012872228,0.13444484526227024,-0.11319288687317042,-0.6742227452565109
1.4529382496365666,-0.1554927322519691,0.9560092658161934,-0.018668165724756845,-0.3162896571010677,-1.0396389341908872,-0.5963415679683799,1.8268992380121676,-1.7054667151705254,-0.11319288687317042,-0.8575650044527642
-0.6917280792118592,1.0219604437691605,-1.3994837522847874,-0.4582124865076592,-0.18284646326230827,-0.1684793887356881,-0.35599181476792424,0.26980341618504505,1.054400625478668,-0.6311377008489526,-0.9492361340508908
-0.5178362147106351,0.5734068529039684,-1.0410391625737685,-0.09192555252190729,0.007786670793062062,-0.4588659038874211,-0.2959043764678103,0.6456541317985048,0.7915561168454115,0.5774001984278727,-0.6742227452565109
-0.9815478533805653,-0.04335433453567092,-1.1946582724499193,-0.23844032611620786,-0.3925429107232157,-0.7492524190391542,-0.9568661977690635,-0.5892839337885007,0.5944227353704676,-0.1707423106482574,-0.9492361340508908
-0.28598039537567055,0.18092246089692543,-0.7850073127801837,-0.38495509971050873,-0.144719836451236,-0.8460479240897318,-0.566297848818323,0.1624174974383593,0.3972893538955268,-0.9188848197243876,-0.9492361340508908
-0.34394435020941155,-1.501153504847546,-0.06811813335814604,-0.38495509971050873,-0.7166192386173456,0.31549813651720027,0.9058443895344681,-0.8577487306552748,-1.048355443587384,0.7500484697531337,0.4258308099210135
-0.5758001695443766,-0.7722539196916084,0.18791371643543875,-0.09192555252190729,-0.29722634369553064,-0.6524569139885764,-0.02551090411729767,-0.2671261775484434,0.6601338625287833,-0.6886871246240396,-0.9492361340508908
-0.8076559888793412,0.6014414523330429,-0.5289754629865987,-0.09192555252190729,2.886346995029156,-0.9428434291403095,-0.8667350403188926,-0.3208191369217863,0.5944227353704676,-0.40094000574860533,-0.12419596766774789
-0.34394435020941155,0.29306085861322295,-0.8874200526976176,-0.5314698733048094,0.23654643165950653,1.1866576819723993,1.867243402336291,-0.5624374541018293,-1.5083333336955815,-0.9764342434994746,-0.5825516156583826
-0.9815478533805653,-0.1554927322519691,-1.3482773823260703,-0.7512420336962606,-0.5641127313730493,0.12190712641604493,-0.6263852871184369,-0.804055771281932,0.5944227353704676,-0.4584894295236923,-0.5825516156583826
0.29365915296174216,0.8817874466237884,-0.06811813335814604,-0.6779846468991102,-0.030339956018012062,0.025111621365467254,-0.7165164445686077,0.1302017218143774,0.06873371810395466,-1.0915330910496486,-0.9492361340508908
-0.28598039537567055,0.09681866260970179,-0.7850073127801837,-0.018668165724756845,-0.41160622412875275,-0.4588659038874211,-0.35599181476792424,-0.3745120962951292,0.20015597242058292,-0.28584115819843137,1.0675287171079015
-0.9235838985468238,1.2462372392017569,-0.7850073127801837,-0.38495509971050873,-0.06846658282908619,-0.36207039883684344,0.9959755469846391,-0.481898015041815,0.46300048105383945,-0.8037859721742137,-0.3075382268640028
0.0038393787930360774,0.6855452506202666,-0.8874200526976176,0.2743613814638446,-0.011276642612475,0.12190712641604493,-0.20577321901763945,0.7154549789838387,-0.12839966337098627,-0.6311377008489526,-0.8575650044527642
0.5255149722967063,2.1994136197902905,-0.17053087327558006,0.0545892210723936,-0.04940326942354912,-0.36207039883684344,1.3865438959353795,1.665820359892139,1.1201117526369808,-0.6886871246240396,-0.5825516156583826
-1.5611874017179777,-1.2208075105568008,0.49515193618774056,-0.8244994204934111,-0.29722634369553064,-0.36207039883684344,1.4766750533855504,-0.6966698525352462,0.06873371810395466,-0.4584894295236923,-1.1325783932471458
-1.21340367271553,-0.7722539196916084,0.8023901559400424,-0.38495509971050873,-0.35441628391214186,-0.1684793887356881,-0.6864727254185509,-1.2980309975166984,0.9229783711620398,1.210443859953829,0.7008441987153935
-0.34394435020941155,1.7228254294960235,-1.3994837522847874,0.0545892210723936,-0.16378314985677123,-0.9428434291403095,-0.9869099169191204,0.43088229430513336,-0.06268853621267359,-0.8037859721742137,-1.0409072636490175
-0.6917280792118592,0.9098220460528623,-1.1946582724499193,-0.3116977129133583,-0.41160622412875275,0.31549813651720027,-0.5963415679683799,0.22684904868638267,0.8572672440037242,0.05945538445209053,-0.5825516156583826
-0.4598722598768941,-1.4450843059893967,0.3415328263115898,-0.16518293931905773,-0.7547458654284196,-1.136434439241465,-1.1671722318194622,-0.8577487306552748,0.5944227353704676,-0.11319288687317042,0.5175019395191401
0.5255149722967063,0.7976836483365647,-0.8874200526976176,0.3476187682609951,0.026849984198599124,-0.36207039883684344,0.034576534182816254,1.1718451336573128,0.003022590945641993,-0.6886871246240396,-0.8575650044527642
-0.05412457604070597,-0.7722539196916084,0.5463583061464575,-0.7512420336962606,-0.6022393581841252,-0.5556614089379988,-0.536254129668266,-0.2671261775484434,-0.3255330448459301,0.4623013508776988,-0.5825516156583826
0.9892266109666364,-0.26763112996826727,-0.17053087327558006,0.12784660786954405,0.23654643165950653,-0.2652748937862658,-0.44612297221809516,1.7732062786388247,-0.19411079052930186,-0.5735882770738656,-0.3992093564621294
-0.6917280792118592,0.34913005747137205,-1.3482773823260703,-0.018668165724756845,-0.24003640347891947,0.4122936415677779,1.1461941427349238,0.40940511055577233,1.580089642745178,-0.40094000574860533,-0.5825516156583826
-1.21340367271553,0.23699165975507389,-0.8874200526976176,-0.3116977129133583,-0.7928724922394937,-1.136434439241465,-1.0770410743692913,-1.1906450787700127,0.8572672440037242,0.5774001984278727,0.3341596803228869
0.06180333362677709,-1.557222703705695,0.5975646761051746,-0.38495509971050873,-0.926315686078255,-1.136434439241465,-1.1070847935193482,-1.5235414268848102,-0.25982191768761453,0.28965307955243785,1.8925688834910446
-0.6337641243781177,1.106064242056384,-1.1434519024912024,1.5563656504139767,-0.06846658282908619,-1.136434439241465,-1.0770410743692913,-0.2671261775484434,0.6601338625287833,-1.5519284812503438,0.4258308099210135
0.0038393787930360774,0.46126845518767023,0.13670734647672173,-0.3116977129133583,-0.10659320964016004,-0.4588659038874211,0.09466397248293018,0.26980341618504505,0.5944227353704676,-0.28584115819843137,-0.21586709726587616
0.17773124329425913,1.5265832334925022,-0.8362136827389007,-0.16518293931905773,-0.10659320964016004,-0.36207039883684344,-0.4761666913681521,0.6456541317985048,0.5944227353704676,-1.0339836672745615,-0.4908804860602561
-0.4598722598768941,-0.21156193111011817,-0.4265627230691649,-0.4582124865076592,-0.25909971688445654,-0.5556614089379988,-0.0855983424174116,-0.5355909744151579,0.528711608212155,-0.6886871246240396,-0.6742227452565109
-0.28598039537567055,0.5173376540458193,-1.1434519024912024,-0.16518293931905773,-0.20190977666784535,-0.9428434291403095,-0.8667350403188926,0.35034285524505937,-0.12839966337098627,-0.1707423106482574,-1.0409072636490175
0.46755101746296523,-0.4358387265427142,0.3927391962703065,-0.09192555252190729,-0.18284646326230827,0.702680156719511,0.9358881086845251,1.0751978067853076,0.46300048105383945,-0.22829173442334438,-0.8575650044527642
0.11976728846051811,0.3210954580422975,-0.4777690930278819,-0.3116977129133583,-0.2209730900733824,-1.0396389341908872,-0.506210410518209,0.0013386193183306141,-0.719799807795812,-1.0339836672745615,-0.5825516156583826
-1.0395118082143064,-0.3797695276845651,-0.6825945728627496,-0.09192555252190729,0.46530619252595123,-0.6524569139885764,-0.2959043764678103,0.33423496743306846,2.302912041486635,-0.055643463098083434,-0.5825516156583826
-0.4019083050431531,-1.2768767094149498,0.7511837859813254,-0.38495509971050873,-0.7166192386173456,-0.9428434291403095,-0.6864727254185509,-0.21343321817510055,0.8572672440037242,0.9226967410783941,1.342542105902283
2.612217346311391,-1.2768767094149498,2.3897876246602685,0.0545892210723936,0.10310323782074737,-0.6524569139885764,-0.566297848818323,1.4510485223987077,-0.719799807795812,0.6349496222029597,0.3341596803228869
-0.5758001695443766,0.9378566454819368,-1.3994837522847874,-0.018668165724756845,-0.27816303028999356,-1.2332299442920425,-1.0169536360691773,0.6993470911718478,1.1858228797952963,-0.8037859721742137,-1.1325783932471458
-1.0395118082143064,0.7976836483365647,-1.3994837522847874,1.2999647966239498,-0.6213026715896602,-0.4588659038874211,-0.8066476020187787,-0.9758732412766411,0.9229783711620398,-0.5735882770738656,1.2508709763041566
0.06180333362677709,-1.2208075105568008,0.08550097651800471,0.4208761550581455,1.9903712649689127,-0.1684793887356881,-0.6263852871184369,-0.7181470362845476,-0.5883775534791837,0.6924990459780467,1.4342132355004098
-0.8076559888793412,-0.04335433453567092,-0.11932450331686306,0.0545892210723936,-0.16378314985677123,-0.5556614089379988,-0.2959043764678103,0.08187805837834494,0.9886894983203525,-0.9188848197243876,0.5175019395191401
-0.5178362147106351,-0.8843923174079066,0.8023901559400424,0.0545892210723936,-0.144719836451236,0.2187026314666226,1.056062985284753,0.20537186493702167,0.13444484526227024,0.11700480822717751,-0.6742227452565109
1.1051545206341185,-0.6040463231171614,1.5192793353620797,0.6406483154495966,-0.3734795973176786,-1.136434439241465,-1.1070847935193482,0.21611045681170216,-1.771177842328838,-0.1707423106482574,-0.7658938748546376
0.23569519812800013,0.06878406318062726,-0.06811813335814604,-0.018668165724756845,0.14122986463181963,-0.8460479240897318,-0.4761666913681521,0.4845752536784762,-0.25982191768761453,-0.34339058197351835,-1.0409072636490175
0.40958706262922423,-0.8283231185497575,0.6999774160226083,-0.09192555252190729,0.2556097450650436,-0.9428434291403095,-1.1070847935193482,-0.35303491254576824,-1.1797776979040122,-0.4584894295236923,1.342542105902283
-1.445259492050495,2.7040364095136318,1.9801366649905328,-0.38495509971050873,-0.9644423128893271,-0.07168388368511042,1.2363253001850947,-1.6792510090675283,2.302912041486635,-0.34339058197351835,0.975857587509775
-0.6917280792118592,1.049995043198235,-1.3994837522847874,-0.12855424592048234,-0.35441628391214186,0.5090891466183556,0.004532815032759292,-0.20269462630042004,-0.12839966337098627,-1.206631938599822,-0.9492361340508908
-0.11208853087444698,1.0780296426273095,-0.9386264226563346,0.20110399466669415,-0.10659320964016004,0.2187026314666226,0.06462025333287322,1.4510485223987077,0.7915561168454115,0.34720250332752484,0.6091730691172668
-0.28598039537567055,0.23699165975507389,0.18791371643543875,-0.5314698733048094,-0.3925429107232157,0.993066671871244,2.1977243129869173,-0.240279697861772,-0.12839966337098627,-0.7462365483991266,-1.0409072636490175
-0.6917280792118592,-0.5479771242590123,0.7511837859813254,2.1790534381897544,-0.3734795973176786,1.283453187022977,2.46811778533743,0.32349637555838795,0.725844989687096,0.34720250332752484,0.059146291528505375
0.0038393787930360774,-1.2768767094149498,1.1096283756923442,0.933677862638198,0.007786670793062062,-0.4588659038874211,-0.6864727254185509,-0.9221802819032983,-0.25982191768761453,-0.11319288687317042,1.5258843650985363
0.17773124329425913,-0.21156193111011817,0.03429460655928799,-0.4582124865076592,0.389052938903803,0.4122936415677779,2.6784238193878287,0.26980341618504505,-2.494000241070292,7.425781627663218,-0.4908804860602561
-1.503223446884236,0.40519925632952114,-1.3994837522847874,-0.8244994204934111,-0.506922791156438,-0.4588659038874211,-0.8667350403188926,-2.5705541346651155,0.9229783711620398,-0.5735882770738656,1.617555494696663
-0.9815478533805653,1.5265832334925022,-1.2458646424086364,3.863973334524213,-0.20190977666784535,-0.9428434291403095,-1.0469973552192344,-0.21343321817510055,1.3829562612702373,-0.9188848197243876,1.617555494696663
0.9892266109666364,0.29306085861322295,-0.27294361319301397,-0.4582124865076592,-0.18284646326230827,-0.6524569139885764,-0.44612297221809516,0.37718933493173085,-1.1797776979040122,-0.6311377008489526,-0.8575650044527642
0.23569519812800013,0.9098220460528623,-1.3994837522847874,0.49413354185529595,-0.10659320964016004,-0.2652748937862658,-0.41607925306803817,1.343662603652022,0.33157822673721116,-1.206631938599822,-0.9492361340508908
0.6414428819641893,-0.5479771242590123,-0.17053087327558006,0.20110399466669415,0.045913297604136184,-0.1684793887356881,-0.05555462326735463,0.6993470911718478,-0.7855109349541275,0.4047519271026118,-0.3992093564621294
-0.34394435020941155,0.9939258443400859,-0.8874200526976176,0.0545892210723936,-0.10659320964016004,-0.6524569139885764,-0.6263852871184369,0.4845752536784762,0.528711608212155,-0.9764342434994746,-0.6742227452565109
2.148505707641461,-0.4358387265427142,1.4168665954446462,-0.38495509971050873,-0.3162896571010677,0.8962711668206663,0.06462025333287322,1.6121274005187962,-1.3769110793789532,0.5774001984278727,-0.12419596766774789
-0.34394435020941155,0.7696490489074902,-1.3994837522847874,-0.09192555252190729,0.007786670793062062,-0.7492524190391542,-0.8366913211688356,0.37718933493173085,-0.25982191768761453,0.4047519271026118,-1.0409072636490175
-0.05412457604070597,-1.83756869799644,0.8023901559400424,-0.018668165724756845,-0.25909971688445654,1.4770441971241324,0.12470769163298714,0.012077211193011113,1.44866738842855,0.8651473173033077,-0.03252483806962126
0.06180333362677709,0.18092246089692543,-1.1946582724499193,-0.38495509971050873,-0.144719836451236,-0.5556614089379988,-0.7465601637186647,0.4845752536784762,-0.5883775534791837,-1.2641813623749092,-0.7658938748546376
3.1338929398150612,-0.632080922546236,2.082549404907967,0.2743613814638446,-0.08752989623462298,0.12190712641604493,-0.11564206156746855,2.5249077098657446,-1.6397555880122097,0.8075978935282206,-0.3992093564621294
-1.21340367271553,0.5734068529039684,0.18791371643543875,-0.6047272601019599,-0.030339956018012062,-0.07168388368511042,0.5152760405837277,0.10872453806501639,0.9886894983203525,0.7500484697531337,-1.0409072636490175
-0.5758001695443766,1.7228254294960235,-1.2458646424086364,-0.3116977129133583,0.045913297604136184,-0.5556614089379988,-0.8366913211688356,-0.05235434005501227,0.528711608212155,-1.0915330910496486,-0.7658938748546376
0.9892266109666364,-0.3797695276845651,0.8535965258987593,0.2743613814638446,-0.4687961643453639,-1.136434439241465,-1.1671722318194622,0.022815803067632003,0.13444484526227024,-0.22829173442334438,1.617555494696663
0.06180333362677709,0.40519925632952114,-0.8874200526976176,-0.23844032611620786,-0.08752989623462298,-0.1684793887356881,1.927330840636405,-0.15974025880175766,-1.048355443587384,0.0019059606770035474,-0.5825516156583826
-0.170052485708188,-1.557222703705695,0.8023901559400424,-0.6047272601019599,-0.4306695375342898,0.6058846516689332,0.09466397248293018,-1.1262135275219893,0.46300048105383945,-0.34339058197351835,1.342542105902283
0.8153347464654124,0.7416144494784157,0.3415328263115898,0.0545892210723936,0.08403992441521031,-0.36207039883684344,1.2363253001850947,0.6778699074224868,-0.3255330448459301,0.0019059606770035474,-0.3075382268640028
-1.3872955372167535,-0.4919079254008633,-1.3994837522847874,-0.6779846468991102,-0.907252372672716,-1.2332299442920425,-1.0770410743692913,-1.2335994462687347,1.1201117526369808,1.095345012403655,1.1591998467060283
1.3370103399690836,-0.1554927322519691,0.9048028958574764,0.0545892210723936,0.5606227595536363,1.7674307122758655,0.6354509171839555,0.20537186493702167,-0.522666426320871,0.34720250332752484,0.4258308099210135
-0.9815478533805653,0.29306085861322295,-1.2970710123673532,-0.38495509971050873,-0.5259861045619751,2.0578172274275985,0.18479512993310107,-1.5879729781328336,0.2658670995788985,0.5774001984278727,1.0675287171079015
3.1918568946488035,-0.21156193111011817,2.03134303494925,0.3476187682609951,0.06497661100967324,-0.9428434291403095,-0.9568661977690635,1.0215048474119648,-1.9026000966454664,1.5557404026043509,1.4342132355004098
-1.2713676275492714,-1.1647383116986516,-0.11932450331686306,-0.5314698733048094,-0.06846658282908619,-1.0396389341908872,-0.44612297221809516,-1.1047363437726878,0.33157822673721116,-1.2641813623749092,-0.3075382268640028
-1.0395118082143064,-0.09942353339382001,-0.6313882029040327,0.3476187682609951,-0.487859477750901,-0.36207039883684344,-0.5963415679683799,-2.0389938368689378,0.13444484526227024,-0.40094000574860533,2.167582272285426
0.6994068367979304,1.1621334409145332,-0.8874200526976176,-0.3116977129133583,-0.20190977666784535,-0.9428434291403095,-0.4761666913681521,1.0215048474119648,-0.522666426320871,-0.5735882770738656,-0.3075382268640028
-0.22801644054192902,-0.9965307151242048,0.9560092658161934,0.7871630890438974,-0.2209730900733824,-0.07168388368511042,-0.2959043764678103,0.32349637555838795,0.2658670995788985,1.1528944361787419,2.167582272285426
0.46755101746296523,1.3864102363471296,-0.27294361319301397,-0.23844032611620786,-0.20190977666784535,-0.36207039883684344,0.034576534182816254,0.4845752536784762,-0.8512220621124402,-0.8613353959493006,-0.7658938748546376
-0.9815478533805653,-0.04335433453567092,-0.9898327926150514,-0.09192555252190729,-0.3734795973176786,-0.2652748937862658,-0.6263852871184369,-1.6738817131301582,0.5944227353704676,0.34720250332752484,1.8925688834910446
1.3949742948028245,0.7976836483365647,-0.27294361319301397,0.12784660786954405,0.3318629986871918,0.12190712641604493,-0.38603553391798123,1.9879781161321963,-0.19411079052930186,1.8434875214797852,-0.4908804860602561
0.11976728846051811,-1.9497070957127383,1.2120411156097781,-0.5680985667033847,-0.35441628391214186,2.83218126783222,1.2363253001850947,-0.7825785875325709,0.13444484526227024,0.5774001984278727,1.2508709763041566
-0.05412457604070597,-1.6132919025638441,0.3415328263115898,1.8860238910011529,-0.5259861045619751,-0.7492524190391542,-0.7465601637186647,0.37718933493173085,-0.5883775534791837,1.6132898263794373,0.4258308099210135
-0.4598722598768941,-0.7161847208334593,-0.7850073127801837,0.3476187682609951,0.045913297604136184,1.283453187022977,0.18479512993310107,0.0013386193183306141,0.3972893538955268,0.23210365577735084,-0.12419596766774789
-0.4598722598768941,-0.6601155219753105,-0.6313882029040327,0.8604204758410479,0.27467305847058066,1.283453187022977,1.4165876150854364,0.6241769480491439,-1.1140665707456967,-0.4584894295236923,-1.2242495228452723
-1.0395118082143064,1.9751368243576943,-1.2458646424086364,2.2523108249869046,-0.20190977666784535,0.702680156719511,0.004532815032759292,-0.5248523825404774,1.777223024220122,-0.9188848197243876,0.7008441987153935
-0.8656199437130828,1.4424794352052785,-1.3994837522847874,-0.09192555252190729,0.27467305847058066,-0.1684793887356881,-0.506210410518209,-0.05235434005501227,1.3829562612702373,-0.6311377008489526,0.24248855072475864
-0.11208853087444698,0.2650262591841484,-0.27294361319301397,-0.3116977129133583,-0.24003640347891947,-0.36207039883684344,0.5453197597337847,0.0013386193183306141,-0.12839966337098627,-0.8613353959493006,-1.1325783932471458
-0.5758001695443766,-0.21156193111011817,-0.8874200526976176,0.0545892210723936,-0.41160622412875275,-1.136434439241465,-0.9869099169191204,-0.5785453419138799,-0.06268853621267359,-1.0915330910496486,0.059146291528505375
-0.28598039537567055,0.40519925632952114,-0.6825945728627496,-0.09192555252190729,-0.06846658282908619,-1.2332299442920425,-0.9568661977690635,0.43088229430513336,0.725844989687096,-0.34339058197351835,0.3341596803228869
0.0038393787930360774,0.40519925632952114,-0.11932450331686306,-0.23844032611620786,0.5415594461480993,-0.6524569139885764,-0.2658606573177534,-0.28860336129774483,-1.048355443587384,-0.7462365483991266,-0.5825516156583826
0.11976728846051811,0.7135798500493411,1.1096283756923442,2.6185977589726566,0.6178126997702474,1.7674307122758655,3.1290796066386832,2.310135872372254,0.003022590945641993,2.7642783018811756,-1.0409072636490175
2.380361526976426,-0.6040463231171614,1.1096283756923442,1.519736957015401,-0.3162896571010677,0.31549813651720027,-0.11564206156746855,0.591961172425162,-1.9026000966454664,-0.28584115819843137,-0.8575650044527642
2.496289436643908,-0.7722539196916084,1.1096283756923442,-0.018668165724756845,-0.18284646326230827,-0.7492524190391542,-0.8066476020187787,1.343662603652022,-1.574044460853897,0.9226967410783941,-0.12419596766774789
-1.21340367271553,-0.3797695276845651,0.08550097651800471,-0.3116977129133583,-0.29722634369553064,1.57383970217471,1.5367624916856644,-0.4926366069164955,0.13444484526227024,-0.22829173442334438,-0.5825516156583826
-0.7496920340456003,-0.1554927322519691,-0.6825945728627496,-0.5314698733048094,-0.2209730900733824,-0.5556614089379988,-0.7165164445686077,-0.18121744255105907,1.44866738842855,-0.28584115819843137,-0.03252483806962126
-0.5758001695443766,0.7976836483365647,-0.06811813335814604,-0.5314698733048094,5.936477139915084,0.025111621365467254,0.12470769163298714,0.10872453806501639,-0.9826443164290685,2.7642783018811756,-0.9492361340508908
-0.22801644054192902,-0.04335433453567092,-0.06811813335814604,-0.4582124865076592,-0.20190977666784535,2.5417947526804867,2.7985986959880567,-0.15974025880175766,-0.522666426320871,-0.6886871246240396,-0.8575650044527642
-0.6337641243781177,0.46126845518767023,-0.9898327926150514,1.080192636232499,-0.144719836451236,0.993066671871244,1.837199683186234,-0.15437096286438762,-0.3912441720042428,-0.8613353959493006,-0.9492361340508908
0.5834789271304484,-0.7722539196916084,0.8535965258987593,-0.3116977129133583,0.3318629986871918,1.7674307122758655,2.347942908737202,0.591961172425162,-1.1140665707456967,3.2246736920818715,-0.8575650044527642
0.5255149722967063,-0.5479771242590123,1.1096283756923442,-0.09192555252190729,-0.06846658282908619,0.702680156719511,2.0775494363866898,0.4845752536784762,-0.522666426320871,-0.11319288687317042,-0.8575650044527642
-0.170052485708188,0.34913005747137205,-1.1434519024912024,-0.38495509971050873,-0.011276642612475,-0.36207039883684344,-0.44612297221809516,0.35034285524505937,0.33157822673721116,-0.28584115819843137,-0.3992093564621294
0.0038393787930360774,0.012714864322478163,-1.3994837522847874,-0.8244994204934111,-0.3734795973176786,-0.9428434291403095,-0.9869099169191204,-0.41209716785648115,-0.3912441720042428,-0.11319288687317042,-0.3992093564621294
-0.6337641243781177,-1.0525999139823536,0.23912008639415577,-0.018668165724756845,0.007786670793062062,2.6385902577310643,1.9874182789365187,-0.05235434005501227,0.06873371810395466,0.7500484697531337,0.6091730691172668
1.9166498883064957,-0.6601155219753105,1.5704857053207968,0.20110399466669415,0.12216655122628443,0.8962711668206663,1.6268936491358352,1.9020693811348715,-1.1797776979040122,-0.7462365483991266,-0.3992093564621294
-0.7496920340456003,-0.9404615162660557,-0.324149983151731,-0.09192555252190729,-0.06846658282908619,0.7994756617700887,0.6654946363340124,-0.6107611175378618,0.5944227353704676,-0.7462365483991266,-0.3075382268640028
-0.170052485708188,1.049995043198235,-0.27294361319301397,-0.16518293931905773,-0.27816303028999356,-0.2652748937862658,1.026019266134696,0.09798594619033589,-0.45695529916255545,-0.6886871246240396,-0.8575650044527642
-0.11208853087444698,0.7416144494784157,2.1849621448254,-0.23844032611620786,0.16029317803735854,0.8962711668206663,2.46811778533743,0.26980341618504505,-1.5083333336955815,-0.7462365483991266,-1.315920652443399
-0.7496920340456003,0.40519925632952114,-0.7850073127801837,-0.23844032611620786,-0.1256565230456971,-0.2652748937862658,-0.566297848818323,-0.05235434005501227,1.3829562612702373,-0.22829173442334438,-0.21586709726587616
-0.8656199437130828,0.34913005747137205,-1.0922455325324856,2.5453403721755063,-0.5641127313730493,-0.4588659038874211,-0.8667350403188926,-0.2671261775484434,0.6601338625287833,-0.40094000574860533,0.3341596803228869
0.0038393787930360774,-1.0525999139823536,0.6487710460638916,-0.09192555252190729,-0.4687961643453639,0.7994756617700887,0.034576534182816254,-0.6214997094125423,0.20015597242058292,1.1528944361787419,0.5175019395191401
0.6414428819641893,-0.7161847208334593,0.18791371643543875,-0.23844032611620786,0.007786670793062062,-0.2652748937862658,0.45518860228361374,-0.05235434005501227,-1.574044460853897,-0.1707423106482574,0.059146291528505375
0.46755101746296523,1.3303410374889804,-1.1946582724499193,-0.6779846468991102,-0.2209730900733824,-1.136434439241465,-0.9869099169191204,0.6993470911718478,-0.12839966337098627,-0.6886871246240396,-0.6742227452565109
0.46755101746296523,-1.557222703705695,0.3415328263115898,-0.38495509971050873,-0.35441628391214186,2.83218126783222,0.6054071980338985,0.532898917114449,0.8572672440037242,1.1528944361787419,-0.21586709726587616
0.3516231077954832,-1.2208075105568008,0.44394556622902354,0.0545892210723936,-0.6403659849951994,-0.5556614089379988,-0.23581693816769642,-0.5785453419138799,0.5944227353704676,0.17455423200226386,1.2508709763041566
-0.9815478533805653,0.9939258443400859,-1.0410391625737685,-0.6779846468991102,-0.25909971688445654,-0.9428434291403095,-0.9568661977690635,-0.2671261775484434,0.8572672440037242,-0.4584894295236923,0.24248855072475864
1.1631184754678605,0.34913005747137205,0.7511837859813254,0.20110399466669415,0.007786670793062062,1.864226217326443,0.7856695129342403,1.2362766849053364,-0.19411079052930186,0.23210365577735084,-0.8575650044527642
-1.1554397178817888,0.40519925632952114,-0.8874200526976176,-0.6779846468991102,-0.7928724922394937,-0.36207039883684344,-0.6263852871184369,-1.9530851018715532,1.580089642745178,-0.8613353959493006,1.5258843650985363
-0.22801644054192902,0.09681866260970179,-1.0922455325324856,1.080192636232499,-0.04940326942354912,1.0898621769218217,0.42514488313355675,-0.10604729942835517,0.33157822673721116,0.05945538445209053,0.24248855072475864
-0.170052485708188,0.23699165975507389,-0.22173724323429694,0.49413354185529595,-0.3162896571010677,0.12190712641604493,2.1676805938368604,0.02818509900500206,-0.3255330448459301,-0.5160388532987793,-1.0409072636490175
-0.5758001695443766,0.34913005747137205,-0.06811813335814604,3.4244290137413107,-0.3734795973176786,1.864226217326443,2.2277680321369746,0.7530400505451906,0.3972893538955268,-0.9764342434994746,-0.9492361340508908
-0.7496920340456003,-0.5479771242590123,-1.2970710123673532,-0.4582124865076592,-0.18284646326230827,-0.07168388368511042,-0.566297848818323,-0.9543960575272801,0.2658670995788985,0.8651473173033077,0.15081742112663202
0.6994068367979304,1.414444835776204,-0.27294361319301397,-0.4582124865076592,-0.24003640347891947,-0.9428434291403095,-0.44612297221809516,1.1288907661586505,-0.3255330448459301,-0.5735882770738656,0.15081742112663202
-0.170052485708188,1.2182026397726822,1.4680729654033633,-0.38495509971050873,0.5415594461480993,1.3802486920735546,2.618336381087715,0.0550315786916735,-0.45695529916255545,0.0019059606770035474,-0.9492361340508908
-0.9815478533805653,1.106064242056384,-0.37535635311044785,3.863973334524213,-0.3162896571010677,1.283453187022977,0.9659318278345821,0.5382682130518192,-0.12839966337098627,-0.6886871246240396,-1.1325783932471458
0.23569519812800013,-0.04335433453567092,-0.9386264226563346,-0.018668165724756845,0.026849984198599124,0.4122936415677779,0.06462025333287322,0.4845752536784762,0.20015597242058292,1.1528944361787419,0.15081742112663202
-1.21340367271553,-0.04335433453567092,-0.9898327926150514,1.3732221834211007,-0.35441628391214186,-0.4588659038874211,-0.44612297221809516,-0.12752448317771617,1.6458007699034938,-0.1707423106482574,1.0675287171079015
-0.9235838985468238,0.29306085861322295,-0.9898327926150514,-0.5314698733048094,0.14122986463181963,-0.07168388368511042,0.5453197597337847,-0.4282050556684721,-0.19411079052930186,-0.6886871246240396,-1.1325783932471458
2.438325481810167,0.40519925632952114,1.1096283756923442,1.2999647966239498,0.19841980484843266,-1.0396389341908872,-0.9869099169191204,2.310135872372254,-0.3912441720042428,0.4623013508776988,1.342542105902283
2.902037120480097,-1.0525999139823536,1.2632474855684952,0.49413354185529595,0.08403992441521031,0.12190712641604493,0.18479512993310107,2.5249077098657446,-1.7054667151705254,0.8651473173033077,-0.8575650044527642
-0.6917280792118592,0.6855452506202666,-0.4777690930278819,-0.5314698733048094,-0.3734795973176786,-0.2652748937862658,-0.20577321901763945,0.1624174974383593,0.8572672440037242,-0.34339058197351835,-1.2242495228452723
2.438325481810167,-0.8283231185497575,1.6728984452382307,0.0545892210723936,-0.16378314985677123,1.4770441971241324,0.7556257937841834,1.5584344411454532,-1.3769110793789532,0.4047519271026118,0.059146291528505375
-0.6337641243781177,-0.6601155219753105,0.13670734647672173,-0.3116977129133583,-0.1256565230456971,1.864226217326443,0.7556257937841834,0.1624174974383593,0.8572672440037242,-0.8037859721742137,-0.9492361340508908
0.23569519812800013,0.5734068529039684,0.03429460655928799,0.12784660786954405,0.12216655122628443,0.12190712641604493,0.6654946363340124,0.3449735593077489,-0.3255330448459301,-0.1707423106482574,-0.21586709726587616
0.6994068367979304,0.34913005747137205,0.8535965258987593,-0.16518293931905773,-0.35441628391214186,0.5090891466183556,0.6354509171839555,1.343662603652022,0.9886894983203525,-0.1707423106482574,-0.8575650044527642
-0.05412457604070597,-0.6040463231171614,1.1096283756923442,0.0545892210723936,-0.10659320964016004,1.57383970217471,0.244882568233215,1.1288907661586505,0.20015597242058292,0.5198507746527857,-1.5909340412377806
-1.7350792662192012,-0.32370032882641636,-0.8362136827389007,-0.23844032611620786,-0.7928724922394937,0.025111621365467254,1.2663690193351518,-2.6188777981010887,1.5143785155868654,1.2679932837289158,2.900951309070441
-0.5178362147106351,0.40519925632952114,-0.06811813335814604,3.497686400538461,-0.3734795973176786,1.9610217223770208,2.2277680321369746,0.8067330099185336,0.3972893538955268,-0.9764342434994746,-0.9492361340508908
0.29365915296174216,-0.32370032882641636,1.1096283756923442,0.2743613814638446,-0.08752989623462298,0.12190712641604493,1.8972871214863478,0.8067330099185336,-0.12839966337098627,-0.34339058197351835,-0.5825516156583826
-1.5611874017179777,0.5173376540458193,-1.2458646424086364,-0.7512420336962606,-0.18284646326230827,-0.9428434291403095,-1.0169536360691773,-0.9221802819032983,2.302912041486635,-0.22829173442334438,-0.3075382268640028
0.0038393787930360774,0.06878406318062726,-0.17053087327558006,0.6406483154495966,-0.25909971688445654,0.025111621365467254,1.9573745597864618,0.4845752536784762,-0.25982191768761453,-0.28584115819843137,-0.9492361340508908
0.7573707916316713,-1.1647383116986516,1.0072156357749102,-0.8244994204934111,-0.6403659849951994,-0.6524569139885764,-0.6864727254185509,0.13557101775168784,-0.5883775534791837,0.9226967410783941,-0.12419596766774789
-0.9235838985468238,1.8349638272123217,-1.2970710123673532,-0.4582124865076592,-0.487859477750901,1.283453187022977,-0.2658606573177534,-1.061781976273966,-0.06268853621267359,-0.5735882770738656,0.28832411552382275
0.5834789271304484,-0.8283231185497575,1.058422005733627,0.933677862638198,0.8084458338256181,-1.2332299442920425,-1.0770410743692913,-0.4980059028538059,-0.522666426320871,-0.5160388532987793,2.5342667906779326
-1.0974757630480474,-0.7722539196916084,0.2903264563528728,0.5673909286524461,-0.8309991190505678,-0.36207039883684344,0.18479512993310107,-2.0175166531195767,0.33157822673721116,-0.22829173442334438,1.617555494696663
-0.6337641243781177,-0.8283231185497575,0.18791371643543875,-0.38495509971050873,-0.6403659849951994,-0.07168388368511042,-0.536254129668266,-1.061781976273966,-0.522666426320871,0.5774001984278727,0.7925153283135217
-0.8656199437130828,-0.21156193111011817,-0.27294361319301397,-0.16518293931905773,-0.35441628391214186,-0.2652748937862658,-0.6864727254185509,-1.2443380381433555,0.6601338625287833,0.980246164853481,0.7925153283135217
-1.6771153113854596,1.1901680403436077,-0.9386264226563346,-0.6047272601019599,-0.011276642612475,0.025111621365467254,-0.6263852871184369,-1.4376326918874258,2.3686231686449477,-0.5735882770738656,1.0675287171079015
-0.28598039537567055,0.29306085861322295,-1.2970710123673532,-0.38495509971050873,-0.3162896571010677,-0.6524569139885764,-0.8667350403188926,0.0550315786916735,0.33157822673721116,-0.5160388532987793,-0.8575650044527642
1.3949742948028245,-0.04335433453567092,0.5463583061464575,0.0545892210723936,-0.4497328509398269,1.283453187022977,0.27492628738327196,-0.4980059028538059,-1.048355443587384,0.7500484697531337,1.5258843650985363
0.6994068367979304,0.23699165975507389,-0.016911763399429024,-0.16518293931905773,-0.144719836451236,0.702680156719511,2.9187735725882846,0.6026997642998425,-0.25982191768761453,-0.6311377008489526,-0.9492361340508908
0.40958706262922423,-0.7161847208334593,0.6999774160226083,-0.38495509971050873,-0.6022393581841252,-0.07168388368511042,-0.20577321901763945,-1.3732011406394022,-0.5883775534791837,-0.34339058197351835,1.617555494696663
2.438325481810167,-0.3797695276845651,1.1096283756923442,1.4464795702182507,-0.3734795973176786,0.993066671871244,0.06462025333287322,0.7530400505451906,-1.7054667151705254,-0.5160388532987793,-0.7658938748546376
1.8586859334727548,0.06878406318062726,2.2361685147841173,1.3732221834211007,0.6559393265813216,-0.9428434291403095,-0.9568661977690635,0.9141189286652194,-1.9683112238037819,0.980246164853481,1.2508709763041566
-0.05412457604070597,0.6294760517621175,-0.016911763399429024,-0.38495509971050873,0.10310323782074737,-1.0396389341908872,0.9058443895344681,0.4147744064930828,-1.1797776979040122,-0.22829173442334438,-1.2242495228452723
-1.8510071758866837,-0.6040463231171614,-1.3994837522847874,-0.5314698733048094,-0.8691257458616419,0.2187026314666226,1.2363253001850947,-2.7531101965345055,2.4343342958032634,0.4047519271026118,2.900951309070441
1.2210824303016015,-0.04335433453567092,0.9048028958574764,-0.38495509971050873,-0.18284646326230827,-0.9428434291403095,-1.0169536360691773,0.5597453968011205,-0.5883775534791837,0.5774001984278727,0.8841864579116483
-0.6917280792118592,0.5734068529039684,-1.0922455325324856,-0.38495509971050873,-0.1256565230456971,-0.7492524190391542,-0.536254129668266,0.9946583677252933,2.3686231686449477,0.4047519271026118,-0.7658938748546376
-0.4019083050431531,-0.9965307151242048,1.6728984452382307,0.0545892210723936,-0.3162896571010677,0.702680156719511,-0.0855983424174116,-0.07383152380437327,0.46300048105383945,0.7500484697531337,0.6091730691172668
-1.0974757630480474,0.7976836483365647,-0.9898327926150514,-0.3116977129133583,-0.8500624324561049,0.31549813651720027,0.034576534182816254,-0.9651346494019606,1.1858228797952963,-0.9764342434994746,0.8841864579116483
-1.0395118082143064,0.5734068529039684,0.2903264563528728,-0.5314698733048094,-0.5831760447785863,0.025111621365467254,-0.566297848818323,-0.744993515971219,0.33157822673721116,-0.11319288687317042,-0.3075382268640028
1.0471905658003775,-0.4358387265427142,-0.22173724323429694,-0.4582124865076592,-0.144719836451236,-0.5556614089379988,-0.8667350403188926,0.5597453968011205,-0.5883775534791837,-0.055643463098083434,-1.0409072636490175
-0.4019083050431531,0.8537528471947138,-1.2970710123673532,-0.8977568072905614,-0.3353529705066048,-0.6524569139885764,-0.8066476020187787,-0.10604729942835517,-0.9169331892707558,2.418981759230655,-1.1325783932471458
0.0038393787930360774,0.40519925632952114,-0.7338009428214667,0.0545892210723936,-0.08752989623462298,-0.9428434291403095,-0.6864727254185509,0.9141189286652194,0.003022590945641993,-0.40094000574860533,-1.1325783932471458
-0.05412457604070597,-0.7161847208334593,0.18791371643543875,-0.4582124865076592,-0.144719836451236,-0.7492524190391542,-0.6864727254185509,-0.3745120962951292,-0.45695529916255545,0.17455423200226386,0.15081742112663202
-0.05412457604070597,-1.6693611014219931,0.7511837859813254,-0.4582124865076592,-0.3925429107232157,-0.6524569139885764,-0.8967787594689496,-1.577234386258153,-0.6540886806374993,-0.6886871246240396,1.7092266242947913
-0.6917280792118592,1.0780296426273095,-1.3994837522847874,-0.5314698733048094,0.6368760131757846,-0.9428434291403095,-0.9869099169191204,-0.2295411059870915,0.9229783711620398,-0.4584894295236923,-0.5825516156583826
-1.3293315823830125,-0.6040463231171614,-0.4265627230691649,-0.38495509971050873,-0.27816303028999356,0.6058846516689332,0.004532815032759292,-0.7933171794072514,0.528711608212155,0.6924990459780467,-0.3992093564621294
1.1051545206341185,-0.21156193111011817,1.8265175551143817,0.2743613814638446,-0.3353529705066048,-0.5556614089379988,-0.6263852871184369,0.0550315786916735,-0.9826443164290685,0.6924990459780467,1.8925688834910446
2.844073165646355,-0.8283231185497575,1.4168665954446462,0.12784660786954405,-0.16378314985677123,-1.0396389341908872,-0.9268224786190066,2.095364034878882,-2.1654446052787226,-0.6886871246240396,-0.9492361340508908
0.17773124329425913,-0.04335433453567092,0.5463583061464575,-0.7512420336962606,0.12216655122628443,-1.0396389341908872,-0.8667350403188926,-0.020138564431030386,-0.719799807795812,-0.8037859721742137,-0.9492361340508908
-0.34394435020941155,-0.6601155219753105,2.492200364577702,-0.5314698733048094,9.939772955077862,-0.7492524190391542,-0.05555462326735463,0.0550315786916735,-1.6397555880122097,3.4548713871822194,-0.9492361340508908
-1.0395118082143064,2.0872752220739925,-1.3994837522847874,-0.6779846468991102,-0.7166192386173456,-0.6524569139885764,-0.8967787594689496,-1.0886284559606374,1.251534006953609,-0.1707423106482574,0.4258308099210135
-0.22801644054192902,-1.1086691128405026,-0.22173724323429694,-0.6047272601019599,-0.24003640347891947,0.2187026314666226,-0.05555462326735463,-0.240279697861772,-0.12839966337098627,-0.055643463098083434,-1.0409072636490175
-0.9815478533805653,2.059240622644918,-1.1946582724499193,-0.16518293931905773,-0.41160622412875275,-0.8460479240897318,-1.0169536360691773,-0.4711594231671345,1.44866738842855,-0.4584894295236923,0.3341596803228869
2.148505707641461,-0.8283231185497575,1.4680729654033633,-0.3116977129133583,0.06497661100967324,-0.9428434291403095,-0.6864727254185509,1.3705090833386935,-1.1140665707456967,0.28965307955243785,0.4258308099210135
-0.8076559888793412,0.12485326203877634,-0.6313882029040327,-0.23844032611620786,-0.25909971688445654,0.31549813651720027,-0.20577321901763945,-0.3208191369217863,0.6601338625287833,-0.40094000574860533,-0.3075382268640028
-0.5758001695443766,0.12485326203877634,-1.2458646424086364,-0.6779846468991102,-0.3353529705066048,0.12190712641604493,-0.14568578071752553,-0.5892839337885007,0.3972893538955268,-1.0339836672745615,-1.315920652443399
0.46755101746296523,-1.2768767094149498,0.6999774160226083,-0.38495509971050873,-0.41160622412875275,-0.5556614089379988,-0.6864727254185509,-0.787947883469941,-0.25982191768761453,1.095345012403655,1.1591998467060283
-0.8076559888793412,1.3303410374889804,-0.4777690930278819,-0.09192555252190729,2.92447362184023,-0.9912411816655983,0.034576534182816254,-0.3100805450471058,0.5944227353704676,-0.34339058197351835,-0.12419596766774789
-0.28598039537567055,0.12485326203877634,-1.3994837522847874,-0.6047272601019599,-0.3734795973176786,-0.8460479240897318,-0.8967787594689496,-0.05772363599238233,-0.3255330448459301,-0.11319288687317042,-0.9492361340508908
0.9312626561328954,0.012714864322478163,1.5192793353620797,-0.09192555252190729,0.06497661100967324,1.3802486920735546,0.1547514107830441,0.21611045681170216,-0.7855109349541275,0.5774001984278727,1.0675287171079015
1.2210824303016015,-0.8283231185497575,0.9560092658161934,-0.3116977129133583,0.27467305847058066,-0.9428434291403095,-1.1070847935193482,-0.030877156305710887,-1.245488825062325,-0.055643463098083434,1.2508709763041566
-0.05412457604070597,-0.7161847208334593,0.8535965258987593,0.20110399466669415,-0.011276642612475,-0.4588659038874211,-0.11564206156746855,0.43088229430513336,1.44866738842855,-0.28584115819843137,0.059146291528505375
-0.6917280792118592,0.34913005747137205,-1.3994837522847874,-0.23844032611620786,-0.2209730900733824,0.993066671871244,-0.0855983424174116,-0.7933171794072514,0.725844989687096,0.11700480822717751,0.3341596803228869
0.29365915296174216,-0.3797695276845651,0.9048028958574764,0.0545892210723936,-0.4687961643453639,-0.8460479240897318,-0.8667350403188926,-1.0725205681486465,0.06873371810395466,0.7500484697531337,3.267635827462949
-0.6337641243781177,0.7976836483365647,-1.3994837522847874,-0.23844032611620786,-0.41160622412875275,-0.5556614089379988,-0.6864727254185509,-0.5892839337885007,0.725844989687096,0.34720250332752484,0.6091730691172668
-0.4019083050431531,-0.09942353339382001,-0.17053087327558006,-0.09192555252190729,0.026849984198599124,-0.7492524190391542,-0.2658606573177534,0.6993470911718478,1.054400625478668,0.0019059606770035474,-0.7658938748546376
0.11976728846051811,-0.8843923174079066,0.23912008639415577,-0.5314698733048094,-0.4497328509398269,0.993066671871244,0.12470769163298714,-1.1476907112713504,0.46300048105383945,0.34720250332752484,1.2508709763041566
1.974613843140237,-0.21156193111011817,1.1096283756923442,-0.23844032611620786,-0.1256565230456971,-1.0396389341908872,-0.9568661977690635,1.7732062786388247,-0.7855109349541275,-1.321730786149996,-1.1325783932471458
0.7573707916316713,-0.1554927322519691,0.44394556622902354,0.20110399466669415,0.5034328193370232,0.993066671871244,0.244882568233215,0.28054200805972557,-0.8512220621124402,0.11700480822717751,0.4258308099210135
1.8586859334727548,0.34913005747137205,1.6216920752795136,0.0545892210723936,-0.04940326942354912,-0.2652748937862658,0.06462025333287322,1.1288907661586505,-0.8512220621124402,-0.055643463098083434,0.5175019395191401
0.9892266109666364,-0.4919079254008633,1.1096283756923442,0.12784660786954405,-0.24003640347891947,-0.4588659038874211,-0.8366913211688356,-0.21343321817510055,-0.522666426320871,-0.1707423106482574,1.0675287171079015
-0.5178362147106351,0.9658912449110114,-1.3994837522847874,-0.4582124865076592,-0.25909971688445654,-0.4588659038874211,-0.38603553391798123,0.591961172425162,1.3172451341119216,-0.5735882770738656,-0.9492361340508908
-0.6917280792118592,1.1621334409145332,-0.5801818329453158,-0.4582124865076592,0.19841980484843266,-0.07168388368511042,0.9058443895344681,-0.05235434005501227,-0.25982191768761453,-0.11319288687317042,-1.0409072636490175
-0.8076559888793412,1.750860028925098,-0.324149983151731,1.153450023029649,-0.29722634369553064,0.025111621365467254,0.5453197597337847,0.9248575205398998,1.44866738842855,0.34720250332752484,-1.0867428284480816
-0.4598722598768941,0.12485326203877634,-0.17053087327558006,-0.38495509971050873,-0.2209730900733824,-0.5556614089379988,-0.566297848818323,0.8604259692918764,0.9229783711620398,0.6924990459780467,-0.8575650044527642
-0.8656199437130828,1.6106870317797253,-1.3994837522847874,-0.9710141940877118,3.3819931435731196,0.025111621365467254,-0.536254129668266,-1.0671512722113359,0.06873371810395466,-0.8613353959493006,-0.5825516156583826
0.40958706262922423,1.4424794352052785,-0.17053087327558006,-0.6047272601019599,-0.2209730900733824,-0.5556614089379988,-0.7766038828687217,0.11946312993969689,-0.12839966337098627,0.05945538445209053,-0.3992093564621294
-1.8510071758866837,-0.09942353339382001,-0.4777690930278819,-0.3116977129133583,-0.907252372672716,0.025111621365467254,1.6268936491358352,-2.3074586337357115,0.9886894983203525,1.210443859953829,2.259253401883553
-1.3872955372167535,-1.8936378968545893,-0.324149983151731,-0.6047272601019599,-0.8500624324561049,3.993727328439152,2.648380100237772,-1.7651597440648532,0.06873371810395466,-1.2641813623749092,-0.8575650044527642
0.5834789271304484,-0.21156193111011817,0.44394556622902354,-0.6047272601019599,-0.16378314985677123,-1.2332299442920425,-0.9869099169191204,0.17315608931303977,-0.25982191768761453,0.6924990459780467,0.4258308099210135
1.9166498883064957,-0.6601155219753105,1.3656602254859291,-0.7512420336962606,0.10310323782074737,0.6058846516689332,-0.1757294998675825,0.35034285524505937,-1.9026000966454664,0.5774001984278727,-0.4908804860602561
-0.28598039537567055,0.34913005747137205,0.2903264563528728,-0.38495509971050873,-0.29722634369553064,0.7994756617700887,2.1977243129869173,0.0550315786916735,-0.3912441720042428,-0.6886871246240396,-0.9492361340508908
1.2210824303016015,0.46126845518767023,1.1096283756923442,-0.3116977129133583,2.1047511454021373,-1.0396389341908872,-0.9268224786190066,1.4510485223987077,-0.9826443164290685,-0.1707423106482574,-1.8659474300321603
-0.28598039537567055,0.18092246089692543,-0.4265627230691649,-0.3116977129133583,-0.16378314985677123,-0.07168388368511042,1.747068525736063,-0.2671261775484434,0.13444484526227024,-0.6886871246240396,-0.8575650044527642
0.11976728846051811,-1.7814994991382913,1.2632474855684952,-0.4582124865076592,0.007786670793062062,-0.6524569139885764,-0.7165164445686077,-0.11678589130303567,0.33157822673721116,0.05945538445209053,-0.03252483806962126
0.29365915296174216,-1.6132919025638441,1.3656602254859291,-0.018668165724756845,-0.1256565230456971,0.8962711668206663,0.3049700065333289,0.8604259692918764,0.528711608212155,-0.6886871246240396,-1.1325783932471458
-0.6917280792118592,-0.3797695276845651,-0.6825945728627496,0.20110399466669415,-0.25909971688445654,-0.07168388368511042,-0.2959043764678103,-0.24564899379908245,0.33157822673721116,-0.9764342434994746,0.24248855072475864
-0.4019083050431531,2.0872752220739925,-1.0922455325324856,-0.018668165724756845,-0.20190977666784535,-1.0396389341908872,-1.1070847935193482,0.0013386193183306141,0.528711608212155,-0.5735882770738656,-0.5825516156583826
-0.7496920340456003,0.23699165975507389,-1.2970710123673532,-0.38495509971050873,-0.3353529705066048,0.12190712641604493,-0.6263852871184369,-0.5087444947284865,0.33157822673721116,-0.28584115819843137,-0.21586709726587616
-0.7496920340456003,-0.5479771242590123,0.44394556622902354,-0.6779846468991102,-0.011276642612475,-0.1684793887356881,-0.2959043764678103,-0.2939726572351149,0.20015597242058292,-0.5735882770738656,-1.1325783932471458
-0.22801644054192902,0.23699165975507389,0.18791371643543875,-0.38495509971050873,-0.20190977666784535,-0.5556614089379988,0.9659318278345821,0.03892369087968256,-0.12839966337098627,0.17455423200226386,-0.8575650044527642
0.9312626561328954,-0.9965307151242048,1.4168665954446462,-0.3116977129133583,-0.5259861045619751,-1.0396389341908872,-0.9869099169191204,0.21611045681170216,-0.3255330448459301,0.7500484697531337,0.15081742112663202
1.9166498883064957,-0.6040463231171614,1.3144538555272123,0.5673909286524461,0.29373637187611773,1.6706352072252877,1.5367624916856644,2.310135872372254,-0.719799807795812,1.6708392501545242,-1.1325783932471458
0.8153347464654124,-1.1647383116986516,1.3656602254859291,-0.018668165724756845,0.08403992441521031,1.1866576819723993,1.0861067044348098,0.9141189286652194,-0.19411079052930186,0.9226967410783941,-0.7658938748546376
-0.4019083050431531,-0.21156193111011817,-0.06811813335814604,-0.6779846468991102,2.7910304280014704,-0.5556614089379988,1.2363253001850947,0.0550315786916735,-1.3111999522206406,0.8075978935282206,-1.0409072636490175
-0.7496920340456003,0.8817874466237884,-1.3994837522847874,-0.4582124865076592,-0.4306695375342898,2.3482037425793316,0.4852323214336707,0.6456541317985048,1.9086452785367503,0.8651473173033077,-0.4908804860602561
-1.0974757630480474,0.9098220460528623,-1.3994837522847874,-0.6413559535005351,-0.6594292984007344,-0.8460479240897318,-1.0469973552192344,-2.726263716847834,1.054400625478668,-0.7462365483991266,2.259253401883553
0.46755101746296523,-1.3890151071312478,1.058422005733627,-0.5314698733048094,-0.4306695375342898,0.993066671871244,-0.02551090411729767,0.0013386193183306141,0.06873371810395466,2.188784064130307,0.15081742112663202
-0.9235838985468238,0.7976836483365647,-1.2970710123673532,-0.4582124865076592,-0.5450494179675122,0.993066671871244,-0.14568578071752553,-0.9705039453392711,0.528711608212155,0.9226967410783941,0.4258308099210135
-0.8656199437130828,0.7416144494784157,-1.0410391625737685,-0.6779846468991102,-0.3734795973176786,0.025111621365467254,0.42514488313355675,-0.5248523825404774,-0.12839966337098627,-0.34339058197351835,-1.0409072636490175
0.9312626561328954,-0.1554927322519691,-0.17053087327558006,-0.16518293931905773,0.2556097450650436,-0.9428434291403095,-0.9869099169191204,0.591961172425162,0.20015597242058292,-0.8037859721742137,-0.3992093564621294
-0.6917280792118592,-1.0525999139823536,0.03429460655928799,-0.38495509971050873,-0.144719836451236,1.4770441971241324,0.6354509171839555,0.1302017218143774,0.9229783711620398,-1.0339836672745615,-0.9492361340508908
1.3370103399690836,-0.26763112996826727,1.8777239250730988,-0.23844032611620786,0.40811625230934007,-0.9428434291403095,-0.8066476020187787,0.1624174974383593,-0.3255330448459301,0.0019059606770035474,1.1591998467060283
1.1051545206341185,-1.6132919025638441,1.1096283756923442,-0.09192555252190729,-0.27816303028999356,-0.5556614089379988,-0.566297848818323,0.591961172425162,-1.1140665707456967,-0.28584115819843137,-0.03252483806962126
-1.21340367271553,0.6855452506202666,-1.0922455325324856,-0.6779846468991102,-0.7547458654284196,-0.9428434291403095,-0.8667350403188926,-1.727574672503501,1.7115118970618064,-0.6886871246240396,1.3883776707013455
0.0038393787930360774,0.7416144494784157,-0.6313882029040327,-0.4582124865076592,-0.20190977666784535,0.12190712641604493,-0.14568578071752553,0.26980341618504505,0.003022590945641993,-0.6886871246240396,-0.7658938748546376
0.6414428819641893,-1.2768767094149498,1.4680729654033633,0.20110399466669415,-0.18284646326230827,-0.9428434291403095,-0.8967787594689496,-0.15974025880175766,-1.048355443587384,1.4981909788292638,1.1591998467060283
-0.5178362147106351,-0.7722539196916084,1.058422005733627,-0.38495509971050873,-0.144719836451236,-0.1684793887356881,0.6054071980338985,0.26980341618504505,0.20015597242058292,-0.6311377008489526,-1.1325783932471458
-0.8076559888793412,0.8817874466237884,-1.3994837522847874,-0.018668165724756845,0.29373637187611773,0.6058846516689332,-0.2959043764678103,-0.05235434005501227,0.9886894983203525,-0.5160388532987793,0.15081742112663202
0.3516231077954832,0.3771646569004466,0.6999774160226083,3.9372307213213644,-0.06846658282908619,1.3802486920735546,1.867243402336291,1.665820359892139,-0.25982191768761453,-0.5160388532987793,-1.0409072636490175
-0.11208853087444698,1.106064242056384,-0.27294361319301397,-0.23844032611620786,-0.3353529705066048,-0.4588659038874211,-0.1757294998675825,0.0013386193183306141,0.33157822673721116,-0.6311377008489526,-1.2242495228452723
1.1051545206341185,-0.4919079254008633,0.7511837859813254,-0.38495509971050873,-0.35441628391214186,-0.8460479240897318,-0.8066476020187787,-0.5570681581645189,-1.1140665707456967,0.7500484697531337,0.6091730691172668
-0.05412457604070597,-1.1086691128405026,0.5975646761051746,-0.018668165724756845,-0.29722634369553064,1.283453187022977,0.034576534182816254,-0.7611014037832099,0.06873371810395466,1.2679932837289158,1.8008977538929178
-1.0974757630480474,-0.8843923174079066,-0.11932450331686306,-0.4582124865076592,-0.29722634369553064,0.5090891466183556,0.06462025333287322,0.37718933493173085,1.7115118970618064,-0.22829173442334438,-0.5825516156583826
-0.170052485708188,-0.8283231185497575,0.8535965258987593,-0.4582124865076592,0.16029317803735854,-0.9428434291403095,-0.9568661977690635,-0.5892839337885007,-0.06268853621267359,-0.11319288687317042,0.8841864579116483
-0.28598039537567055,-0.26763112996826727,2.082549404907967,-0.6047272601019599,6.203363527592601,-0.1684793887356881,-0.44612297221809516,-0.07383152380437327,-1.442622206537269,2.303882911680481,-1.2242495228452723
-0.5758001695443766,0.29306085861322295,0.13670734647672173,-0.09192555252190729,-0.29722634369553064,-0.07168388368511042,0.244882568233215,0.0550315786916735,0.9886894983203525,-0.40094000574860533,-0.21586709726587616
2.0905417528077197,0.29306085861322295,1.5704857053207968,-0.4582124865076592,-0.35441628391214186,-1.0396389341908872,-0.8667350403188926,0.6993470911718478,-1.442622206537269,-0.1707423106482574,-0.3992093564621294
-0.4019083050431531,5.899980744428127,-1.3994837522847874,-0.3116977129133583,0.9037624008533013,-1.0396389341908872,-1.1371285126694053,-1.0403047925246645,1.251534006953609,-1.4943790574752567,0.4258308099210135
-0.6337641243781177,-0.8283231185497575,0.13670734647672173,-0.5314698733048094,-0.3162896571010677,1.4770441971241324,0.6955383554840694,0.08187805837834494,0.725844989687096,-0.40094000574860533,-0.8575650044527642
0.23569519812800013,0.9658912449110114,-0.17053087327558006,-0.018668165724756845,2.6003972939461,-1.0396389341908872,-0.9568661977690635,1.2899696442786792,0.06873371810395466,-0.34339058197351835,-1.315920652443399
0.0038393787930360774,0.5453722534748938,-0.37535635311044785,-0.7512420336962606,-0.18284646326230827,1.0898621769218217,2.1676805938368604,0.26980341618504505,-0.9826443164290685,2.6491794543310028,-1.2242495228452723
1.8586859334727548,-0.6040463231171614,1.058422005733627,0.0545892210723936,-0.24003640347891947,-0.7492524190391542,-0.8066476020187787,0.9785504799132427,-1.442622206537269,-0.7462365483991266,0.5175019395191401
1.4529382496365666,-1.501153504847546,0.9048028958574764,0.5673909286524461,-0.5641127313730493,0.4122936415677779,0.06462025333287322,0.26980341618504505,-1.1797776979040122,-0.6886871246240396,-0.7658938748546376
1.3370103399690836,-0.9404615162660557,1.5192793353620797,-0.16518293931905773,-0.04940326942354912,-0.9428434291403095,-0.8066476020187787,0.0335543949423125,-1.1140665707456967,0.34720250332752484,0.6091730691172668
0.40958706262922423,0.29306085861322295,-0.11932450331686306,0.20110399466669415,-0.27816303028999356,-0.6524569139885764,1.717024806586006,0.586591876487792,-0.522666426320871,-0.5160388532987793,-0.6742227452565109
-0.11208853087444698,1.9190676254995451,-1.3994837522847874,0.5673909286524461,0.12216655122628443,0.993066671871244,0.42514488313355675,1.9074386770722416,1.9086452785367503,0.34720250332752484,-0.5825516156583826
-1.0974757630480474,0.5734068529039684,-0.324149983151731,-0.6779846468991102,-0.18284646326230827,-0.36207039883684344,-0.44612297221809516,0.10335524212770594,1.777223024220122,0.0019059606770035474,-0.5825516156583826
3.8874243526536976,-1.7814994991382913,0.8535965258987593,-0.23844032611620786,-0.27816303028999356,-0.5556614089379988,-0.6864727254185509,1.800052758325556,-1.574044460853897,1.037795588628568,-1.1325783932471458
-0.9235838985468238,0.5173376540458193,-0.324149983151731,-0.4582124865076592,-0.20190977666784535,-0.7492524190391542,0.45518860228361374,0.1624174974383593,1.3829562612702373,-0.4584894295236923,-1.0409072636490175
-0.8076559888793412,-0.21156193111011817,-0.8874200526976176,-0.16518293931905773,-0.29722634369553064,-0.36207039883684344,-0.506210410518209,-0.4282050556684721,0.725844989687096,-0.4584894295236923,-0.21586709726587616
-0.9815478533805653,-0.4919079254008633,-0.6313882029040327,-0.3116977129133583,-0.25909971688445654,0.6058846516689332,0.18479512993310107,-0.5355909744151579,0.06873371810395466,-0.22829173442334438,-1.0409072636490175
-0.5178362147106351,-0.21156193111011817,-0.016911763399429024,-0.3116977129133583,-0.35441628391214186,-0.1684793887356881,-0.6564290062684939,-1.5128028350101297,0.2658670995788985,-0.1707423106482574,1.4342132355004098
-0.7496920340456003,-0.9404615162660557,-0.324149983151731,-0.16518293931905773,-0.06846658282908619,0.4122936415677779,0.5453197597337847,-0.6000225256631813,0.5944227353704676,-0.6886871246240396,-0.3075382268640028
1.5688661593040487,-1.2768767094149498,1.5704857053207968,-0.3116977129133583,-0.6784926118062715,-0.8460479240897318,-0.8366913211688356,0.6993470911718478,0.003022590945641993,1.2679932837289158,0.059146291528505375
-2.1408269500553896,-0.04335433453567092,-0.6313882029040327,-0.3116977129133583,-0.6784926118062715,-0.7492524190391542,0.5453197597337847,-1.770529040002223,3.8799790932861713,-0.5735882770738656,2.442595661079806
0.17773124329425913,0.12485326203877634,-0.9386264226563346,0.5673909286524461,-0.41160622412875275,-0.7492524190391542,-0.8967787594689496,0.35034285524505937,-0.522666426320871,-1.2641813623749092,-0.3992093564621294
-0.7496920340456003,0.9098220460528623,-0.9898327926150514,-0.5314698733048094,0.14122986463181963,0.6058846516689332,1.2663690193351518,-0.4282050556684721,0.20015597242058292,-0.6886871246240396,-1.1325783932471458
-0.4598722598768941,-0.21156193111011817,-0.37535635311044785,0.0545892210723936,4.621108514933027,-0.7492524190391542,-0.9869099169191204,0.0550315786916735,-0.6540886806374993,1.3830921312790898,0.059146291528505375
0.8153347464654124,0.12485326203877634,-0.5289754629865987,0.2743613814638446,-0.04940326942354912,0.4122936415677779,0.18479512993310107,1.9879781161321963,-1.1140665707456967,-0.28584115819843137,-0.9492361340508908
1.0471905658003775,-0.8843923174079066,0.3415328263115898,-0.09192555252190729,-0.08752989623462298,-1.0396389341908872,-0.8967787594689496,0.07113946650366444,-0.9169331892707558,-0.055643463098083434,0.15081742112663202
-0.34394435020941155,0.06878406318062726,-0.06811813335814604,-0.4582124865076592,-0.011276642612475,0.702680156719511,3.0089047300384553,-0.18121744255105907,-0.3255330448459301,-0.40094000574860533,-0.6742227452565109
-1.21340367271553,0.6294760517621175,-0.9386264226563346,-0.018668165724756845,-0.16378314985677123,-0.07168388368511042,-0.6263852871184369,-0.707408444409867,1.7115118970618064,-0.1707423106482574,1.4342132355004098
4.177244126822404,0.657510651191192,1.1096283756923442,1.2267074098267998,0.10310323782074737,-0.5556614089379988,-0.7165164445686077,3.4645344988993045,-2.5597113682286077,0.4623013508776988,0.6091730691172668
1.6847940689715306,-0.1554927322519691,2.3897876246602685,1.9226525843997284,0.19841980484843266,-1.0396389341908872,-0.8967787594689496,1.5584344411454532,-0.5883775534791837,-0.22829173442334438,0.7008441987153935
-0.4019083050431531,-0.6601155219753105,-0.17053087327558006,-0.5314698733048094,-0.18284646326230827,-1.136434439241465,-1.0770410743692913,-0.2671261775484434,-0.19411079052930186,-0.40094000574860533,-0.8575650044527642
-0.5758001695443766,-0.04335433453567092,0.23912008639415577,-0.3116977129133583,-0.3734795973176786,3.412954298135686,0.6955383554840694,-1.351723956890101,0.20015597242058292,0.9226967410783941,2.259253401883553
-0.170052485708188,1.358375636918055,0.23912008639415577,-0.3116977129133583,-0.20190977666784535,0.025111621365467254,0.8157132320842972,-0.07383152380437327,-0.25982191768761453,-0.9188848197243876,-0.5825516156583826
-0.4019083050431531,-0.5479771242590123,0.08550097651800471,-0.3116977129133583,-0.27816303028999356,0.31549813651720027,0.5753634788838415,0.25906482431036454,0.5944227353704676,-0.11319288687317042,-0.8575650044527642
-0.5758001695443766,-0.5479771242590123,-0.17053087327558006,-0.018668165724756845,-0.2209730900733824,1.0898621769218217,0.6054071980338985,-0.11678589130303567,1.9086452785367503,-0.40094000574860533,0.6091730691172668
2.0905417528077197,-0.8283231185497575,1.2120411156097781,-0.38495509971050873,0.5987493863647104,-0.8460479240897318,-0.8066476020187787,1.5584344411454532,-0.45695529916255545,0.5774001984278727,-0.03252483806962126
2.148505707641461,-1.3890151071312478,1.1096283756923442,-0.4582124865076592,-0.29722634369553064,-0.5556614089379988,-0.7766038828687217,0.4845752536784762,-2.1654446052787226,0.0019059606770035474,-0.4908804860602561
-0.9815478533805653,2.4236904152228864,-1.3994837522847874,-0.5314698733048094,-0.144719836451236,-1.0396389341908872,-0.9268224786190066,-1.6631431212554777,1.251534006953609,-1.2641813623749092,1.342542105902283
2.496289436643908,-1.2208075105568008,2.2873748847428343,-0.23844032611620786,-0.3353529705066048,-0.9428434291403095,-0.536254129668266,1.0751978067853076,-2.822555876861864,0.9226967410783941,-0.5825516156583826
-0.170052485708188,-0.6040463231171614,0.23912008639415577,-0.018668165724756845,-0.18284646326230827,0.993066671871244,2.2578117512870315,0.7047163871091582,-0.5883775534791837,2.361432335455568,-0.6742227452565109
-0.4598722598768941,0.8817874466237884,-1.0410391625737685,-0.018668165724756845,-0.6022393581841252,-1.0396389341908872,-1.1371285126694053,-0.20269462630042004,0.46300048105383945,-0.6311377008489526,0.4258308099210135
-0.4019083050431531,-0.6601155219753105,0.2903264563528728,-0.018668165724756845,-0.2209730900733824,-0.9428434291403095,-0.7165164445686077,-0.5355909744151579,-0.06268853621267359,-0.4584894295236923,0.7008441987153935
-0.4019083050431531,-0.6601155219753105,1.1096283756923442,-0.38495509971050873,-0.030339956018012062,0.025111621365467254,-0.11564206156746855,0.6993470911718478,1.1201117526369808,-0.11319288687317042,-1.2242495228452723
-0.5178362147106351,0.7976836483365647,-0.7850073127801837,-0.6779846468991102,1.8378647577246183,-1.0396389341908872,-0.7766038828687217,-0.3745120962951292,0.528711608212155,-0.6886871246240396,-0.8575650044527642
-0.05412457604070597,-0.09942353339382001,-0.17053087327558006,-0.38495509971050873,-0.20190977666784535,0.025111621365467254,1.1762378618849807,0.5060524374277776,0.20015597242058292,-0.11319288687317042,-0.8575650044527642
2.438325481810167,0.18092246089692543,1.1096283756923442,-0.09192555252190729,-0.487859477750901,-1.0396389341908872,-0.5963415679683799,1.719513319265482,-1.5083333336955815,1.210443859953829,0.4258308099210135
2.902037120480097,-1.332945908273099,2.4409939946189856,0.20110399466669415,-0.10659320964016004,0.702680156719511,-0.11564206156746855,1.0215048474119648,-1.771177842328838,0.11700480822717751,0.8841864579116483
1.2210824303016015,-1.1086691128405026,1.8265175551143817,0.20110399466669415,-0.10659320964016004,-1.0396389341908872,-0.7465601637186647,1.665820359892139,-0.3255330448459301,0.4623013508776988,0.7008441987153935
-0.7496920340456003,0.9098220460528623,-1.0410391625737685,-0.018668165724756845,0.026849984198599124,-0.07168388368511042,-0.7766038828687217,-0.5248523825404774,0.46300048105383945,-0.34339058197351835,0.7925153283135217
-0.8076559888793412,3.1525900003788245,-1.0922455325324856,-0.3116977129133583,-0.5450494179675122,-0.36207039883684344,-0.4761666913681521,-1.0188276087753034,1.3172451341119216,-1.321730786149996,0.8841864579116483
0.3516231077954832,-1.7254303002801423,1.058422005733627,-0.5314698733048094,-0.24003640347891947,1.283453187022977,0.3951011639834998,0.0550315786916735,0.528711608212155,-0.7462365483991266,-0.9492361340508908
-0.34394435020941155,-1.3890151071312478,0.13670734647672173,-0.38495509971050873,-0.5259861045619751,0.2187026314666226,-0.38603553391798123,-0.804055771281932,-0.19411079052930186,1.3830921312790898,0.7925153283135217
0.3516231077954832,-0.26763112996826727,1.3144538555272123,1.080192636232499,0.21748311825396763,-1.2332299442920425,-1.1070847935193482,-0.4496822394178331,-0.6540886806374993,-0.40094000574860533,1.5258843650985363
-1.5611874017179777,1.806929227783247,-1.1434519024912024,-0.8244994204934111,-0.8500624324561049,-0.36207039883684344,1.2363253001850947,-2.3074586337357115,1.6458007699034938,0.9226967410783941,2.259253401883553
-0.22801644054192902,-1.2208075105568008,0.23912008639415577,-0.4582124865076592,-0.4497328509398269,-0.1684793887356881,-0.3259480956178673,-1.6416659375061764,0.6601338625287833,-0.5735882770738656,1.9842400130891713
-0.34394435020941155,0.7416144494784157,-1.1946582724499193,-0.6779846468991102,-0.9644423128893271,-1.136434439241465,-1.1371285126694053,-0.2671261775484434,0.5944227353704676,-1.0915330910496486,-0.9492361340508908
-0.4598722598768941,-0.04335433453567092,-0.8362136827389007,-0.7512420336962606,-0.20190977666784535,-0.4588659038874211,-0.23581693816769642,0.0550315786916735,0.725844989687096,-0.4584894295236923,-0.7658938748546376
0.40958706262922423,-0.3797695276845651,0.18791371643543875,0.20110399466669415,0.06497661100967324,0.31549813651720027,1.5367624916856644,0.7798865302318622,0.06873371810395466,-0.1707423106482574,-0.8575650044527642
-1.3872955372167535,-0.7442193202625339,-0.7338009428214667,-0.09192555252190729,-0.6403659849951994,-0.1684793887356881,-0.566297848818323,-1.652404529380857,2.0400675328533784,0.05945538445209053,1.8008977538929178
-0.9235838985468238,1.3023064380599059,-1.2970710123673532,-0.5314698733048094,-0.2209730900733824,-0.9428434291403095,-1.0469973552192344,-0.3745120962951292,1.580089642745178,-0.1707423106482574,-0.44504492126119355
0.8732987012991544,0.7416144494784157,0.5975646761051746,0.49413354185529595,-0.1256565230456971,0.5090891466183556,0.3650574448334428,1.1825837255319933,0.3972893538955268,0.28965307955243785,0.975857587509775
0.8732987012991544,-0.8843923174079066,0.5975646761051746,-0.018668165724756845,-0.20190977666784535,1.1866576819723993,0.5453197597337847,0.3181270796210775,-0.9826443164290685,-0.40094000574860533,-0.5825516156583826
-0.34394435020941155,0.18092246089692543,-0.9898327926150514,-0.018668165724756845,0.46530619252595123,-0.1684793887356881,-0.02551090411729767,0.21611045681170216,-0.45695529916255545,0.0019059606770035474,-0.7658938748546376
0.6994068367979304,0.18092246089692543,0.2903264563528728,-0.09192555252190729,-0.011276642612475,1.864226217326443,0.6054071980338985,0.26980341618504505,-0.19411079052930186,0.4047519271026118,1.2508709763041566
-1.7350792662192012,-0.32370032882641636,-0.8362136827389007,-0.23844032611620786,-0.7928724922394937,0.025111621365467254,1.2663690193351518,-2.6188777981010887,1.5143785155868654,1.2679932837289158,2.8703942658710946
-0.5758001695443766,-0.4358387265427142,0.44394556622902354,2.472082985378356,-0.29722634369553064,-0.36207039883684344,1.2062815810350378,0.591961172425162,0.13444484526227024,0.980246164853481,0.059146291528505375
0.5834789271304484,-0.9404615162660557,0.5975646761051746,-0.7512420336962606,-0.18284646326230827,2.444999247629909,0.244882568233215,-0.09530870755373427,1.054400625478668,0.4047519271026118,0.4258308099210135
0.0038393787930360774,-1.501153504847546,0.49515193618774056,-0.8244994204934111,-0.25909971688445654,-0.7492524190391542,-0.7165164445686077,0.37718933493173085,-0.3255330448459301,0.23210365577735084,-0.7658938748546376
0.29365915296174216,0.34913005747137205,-0.4777690930278819,0.2743613814638446,-0.011276642612475,-0.36207039883684344,0.8157132320842972,0.36645074305710995,-1.1140665707456967,-0.6886871246240396,-0.9492361340508908
0.17773124329425913,-0.8843923174079066,1.928930295031816,2.838369919364108,-0.18284646326230827,-1.2332299442920425,-1.1671722318194622,0.7906251221065426,-0.25982191768761453,-0.4584894295236923,0.5175019395191401
-0.9235838985468238,-0.6601155219753105,0.8023901559400424,0.20110399466669415,-0.25909971688445654,0.6058846516689332,0.21483884908315803,-0.5248523825404774,0.725844989687096,2.87937714943135,0.15081742112663202
1.2210824303016015,-1.3890151071312478,1.3656602254859291,0.12784660786954405,0.29373637187611773,-1.0396389341908872,-0.8366913211688356,1.1288907661586505,-0.3912441720042428,-0.1707423106482574,-0.8575650044527642
-0.6917280792118592,-1.7254303002801423,1.1096283756923442,-0.5314698733048094,-0.9644423128893271,-0.7492524190391542,-0.8667350403188926,-1.749051856252862,0.528711608212155,-0.5735882770738656,1.8008977538929178
0.23569519812800013,-0.3797695276845651,0.18791371643543875,-0.018668165724756845,0.6940659533923957,0.7994756617700887,0.5152760405837277,0.40940511055577233,-1.3769110793789532,0.4623013508776988,-0.7658938748546376
1.974613843140237,-1.3890151071312478,1.0072156357749102,-0.6047272601019599,-0.6784926118062715,0.12190712641604493,-0.44612297221809516,0.08724735431565539,-1.048355443587384,0.05945538445209053,0.15081742112663202
-0.7496920340456003,-0.21156193111011817,1.1096283756923442,2.2523108249869046,-0.5641127313730493,0.993066671871244,2.2277680321369746,0.37718933493173085,0.20015597242058292,0.5774001984278727,0.059146291528505375
0.5834789271304484,-0.7161847208334593,1.1096283756923442,-0.018668165724756845,-0.08752989623462298,2.154612732478176,2.858686134288171,0.591961172425162,-0.5883775534791837,-0.6311377008489526,-0.9492361340508908
1.7427580238052727,-0.9404615162660557,1.9801366649905328,-0.09192555252190729,0.6368760131757846,-1.2332299442920425,-1.1671722318194622,-0.14900166692707717,-0.719799807795812,-0.7462365483991266,1.342542105902283
0.06180333362677709,-0.8843923174079066,1.3144538555272123,-0.5314698733048094,6.165236900781527,-0.6524569139885764,-0.6263852871184369,0.6456541317985048,-1.6397555880122097,2.303882911680481,-1.2242495228452723
-0.7496920340456003,0.23699165975507389,-1.3994837522847874,-0.38495509971050873,1.9141180113467666,-0.36207039883684344,-0.05555462326735463,0.0335543949423125,0.003022590945641993,-0.34339058197351835,-0.9492361340508908
0.3516231077954832,1.2462372392017569,-0.6825945728627496,-0.018668165724756845,-0.06846658282908619,-0.6524569139885764,-0.506210410518209,0.8282101936678945,0.20015597242058292,-0.11319288687317042,0.059146291528505375
-0.4598722598768941,-0.04335433453567092,0.6487710460638916,-0.23844032611620786,-0.5641127313730493,-0.36207039883684344,-0.8066476020187787,-1.051043384399345,-0.3255330448459301,-0.11319288687317042,1.2508709763041566
-0.6917280792118592,0.8817874466237884,0.3927391962703065,-0.38495509971050873,-0.030339956018012062,-0.6524569139885764,1.3565001767853226,-0.21343321817510055,-0.19411079052930186,-0.22829173442334438,-0.9492361340508908
0.6414428819641893,0.8817874466237884,-0.8362136827389007,0.12784660786954405,-0.24003640347891947,-0.9428434291403095,-0.4761666913681521,0.9141189286652194,-0.7855109349541275,0.23210365577735084,-0.3075382268640028
2.612217346311391,1.750860028925098,1.8265175551143817,-0.09192555252190729,-0.030339956018012062,-0.2652748937862658,-0.35599181476792424,1.6121274005187962,-1.3769110793789532,-0.34339058197351835,-0.03252483806962126
0.7573707916316713,0.06878406318062726,0.7511837859813254,-0.09192555252190729,-0.16378314985677123,0.8962711668206663,0.1547514107830441,0.1624174974383593,-0.719799807795812,0.28965307955243785,0.8841864579116483
-1.21340367271553,-0.4358387265427142,-0.37535635311044785,-0.6779846468991102,-0.3925429107232157,-1.2332299442920425,-0.9568661977690635,-0.481898015041815,0.6601338625287833,-0.5735882770738656,-1.1325783932471458
-0.28598039537567055,1.6387216312087998,0.08550097651800471,1.2999647966239498,-0.1256565230456971,0.5090891466183556,0.5152760405837277,-0.14900166692707717,-0.9826443164290685,-0.7462365483991266,-0.9492361340508908
-0.28598039537567055,0.9658912449110114,-1.0922455325324856,-0.4582124865076592,-0.20190977666784535,0.4122936415677779,-0.35599181476792424,-0.22417181004972145,0.5944227353704676,0.17455423200226386,0.4258308099210135
0.29365915296174216,-0.4919079254008633,1.1096283756923442,0.20110399466669415,-0.1256565230456971,0.2187026314666226,1.927330840636405,0.8067330099185336,-0.06268853621267359,-0.34339058197351835,-0.8575650044527642
0.11976728846051811,0.7416144494784157,-0.37535635311044785,-0.3116977129133583,0.14122986463181963,0.702680156719511,1.9874182789365187,0.3396042633704385,-1.1797776979040122,-1.0339836672745615,-1.1325783932471458
-0.28598039537567055,0.012714864322478163,0.2903264563528728,-0.09192555252190729,-0.18284646326230827,0.7994756617700887,2.9187735725882846,-0.07920081974168372,-0.06268853621267359,-0.34339058197351835,-0.8575650044527642
0.3516231077954832,0.20895706032599934,0.3415328263115898,0.3476187682609951,0.06497661100967324,0.025111621365467254,1.9573745597864618,1.665820359892139,0.46300048105383945,-0.28584115819843137,-0.8575650044527642
-0.05412457604070597,4.4982507729744015,-1.3994837522847874,-0.6047272601019599,-0.16378314985677123,-1.2332299442920425,-1.0469973552192344,-0.15974025880175766,1.44866738842855,-0.9764342434994746,0.4258308099210135
0.5834789271304484,-1.4450843059893967,0.6999774160226083,-0.38495509971050873,0.026849984198599124,-0.9428434291403095,-0.9268224786190066,0.6993470911718478,-0.19411079052930186,0.23210365577735084,-0.6742227452565109
0.40958706262922423,-0.32370032882641636,0.18791371643543875,0.12784660786954405,-0.10659320964016004,0.7994756617700887,2.347942908737202,0.9141189286652194,0.003022590945641993,-0.28584115819843137,-0.9492361340508908
0.6414428819641893,0.4893030546167448,0.03429460655928799,0.49413354185529595,-0.04940326942354912,0.2187026314666226,0.7556257937841834,1.8268992380121676,0.003022590945641993,-0.7462365483991266,-0.6742227452565109
-0.170052485708188,-0.7722539196916084,0.13670734647672173,-0.4582124865076592,-0.29722634369553064,1.57383970217471,1.116150423584867,0.2536955283730541,0.528711608212155,-0.28584115819843137,-1.315920652443399
-0.7496920340456003,-0.1554927322519691,-0.11932450331686306,-0.38495509971050873,-0.3734795973176786,-1.2332299442920425,-0.7465601637186647,-0.21343321817510055,-0.3912441720042428,-0.1707423106482574,-1.1325783932471458
-1.5611874017179777,0.7416144494784157,-1.3994837522847874,-0.23844032611620786,-0.04940326942354912,-1.2332299442920425,-1.0770410743692913,-1.5664957943834725,2.6314676772782044,-0.1707423106482574,2.167582272285426
-1.1554397178817888,-0.09942353339382001,-0.7338009428214667,-0.16518293931905773,-0.25909971688445654,1.283453187022977,-0.20577321901763945,-0.5141137906658565,0.725844989687096,0.5198507746527857,0.5175019395191401
-0.6337641243781177,0.012714864322478163,-0.7338009428214667,-0.38495509971050873,-0.6022393581841252,0.2187026314666226,-0.7465601637186647,-0.5194830866031669,-0.6540886806374993,0.11700480822717751,-0.4908804860602561
0.29365915296174216,-1.2208075105568008,0.6487710460638916,0.20110399466669415,0.369989625498266,-0.8460479240897318,-0.9268224786190066,-0.29934195317242535,0.003022590945641993,0.7500484697531337,1.2508709763041566
2.322397572142685,-1.4450843059893967,1.1096283756923442,0.4208761550581455,-0.20190977666784535,1.1866576819723993,-0.02551090411729767,1.397355563025365,-0.719799807795812,0.8075978935282206,-0.21586709726587616
-1.5611874017179777,-1.2208075105568008,2.5946131044951364,8.332673929150387,-0.29722634369553064,0.702680156719511,1.3565001767853226,0.03892369087968256,0.528711608212155,-1.0339836672745615,0.059146291528505375
-0.9235838985468238,-2.0618454934290362,1.8777239250730988,-0.3116977129133583,-0.5831760447785863,0.7994756617700887,0.1547514107830441,-0.9436574656525996,0.20015597242058292,0.28965307955243785,0.7008441987153935
-0.8076559888793412,-0.6601155219753105,0.18791371643543875,-0.38495509971050873,-0.20190977666784535,0.5090891466183556,0.12470769163298714,-0.009399972556349886,1.054400625478668,-0.6311377008489526,-0.8575650044527642
-0.28598039537567055,0.46126845518767023,0.08550097651800471,-0.6779846468991102,0.46530619252595123,-0.6524569139885764,-0.536254129668266,0.37718933493173085,-0.3255330448459301,5.181354100434827,-1.2242495228452723
-0.7496920340456003,-1.6693611014219931,0.6487710460638916,-0.6779846468991102,-0.506922791156438,0.5090891466183556,0.6054071980338985,-0.804055771281932,1.251534006953609,-0.1707423106482574,0.6091730691172668
-0.5178362147106351,-0.9404615162660557,0.3415328263115898,-0.5314698733048094,-0.27816303028999356,0.2187026314666226,-0.2658606573177534,-1.824221999375566,0.46300048105383945,1.2679932837289158,2.900951309070441
0.3516231077954832,-1.332945908273099,0.3927391962703065,-0.4582124865076592,-0.4306695375342898,0.8962711668206663,0.3049700065333289,0.1624174974383593,-0.8512220621124402,4.030365624933089,-0.12419596766774789
-0.34394435020941155,2.283517418077514,0.8023901559400424,-0.23844032611620786,0.46530619252595123,0.6058846516689332,2.0174619980865756,0.1624174974383593,-0.3912441720042428,0.4047519271026118,-1.1325783932471458
-0.6917280792118592,-0.9404615162660557,0.13670734647672173,-0.6779846468991102,-0.18284646326230827,1.864226217326443,0.6955383554840694,0.12483242587700734,0.8572672440037242,-0.9188848197243876,-0.9492361340508908
-0.22801644054192902,-0.21156193111011817,0.23912008639415577,-0.4582124865076592,-0.144719836451236,0.12190712641604493,2.9187735725882846,0.0550315786916735,-0.719799807795812,-0.6311377008489526,-0.8575650044527642
0.7573707916316713,0.8537528471947138,-0.17053087327558006,-0.23844032611620786,-0.04940326942354912,-1.0396389341908872,-0.566297848818323,1.1288907661586505,-1.1140665707456967,-0.34339058197351835,-0.21586709726587616
0.6414428819641893,0.34913005747137205,-0.6825945728627496,-0.38495509971050873,-0.10659320964016004,0.8962711668206663,0.034576534182816254,0.7530400505451906,-1.1140665707456967,-0.5735882770738656,-0.6742227452565109
-0.7496920340456003,-0.7161847208334593,0.23912008639415577,0.7871630890438974,-0.5450494179675122,-0.6524569139885764,-0.536254129668266,-1.3624625487647217,-0.19411079052930186,-0.9764342434994746,0.7925153283135217
-0.4019083050431531,0.5173376540458193,0.23912008639415577,-0.23844032611620786,-0.144719836451236,-0.8460479240897318,0.21483884908315803,-0.05235434005501227,0.33157822673721116,-0.8037859721742137,-0.9492361340508908
0.7573707916316713,-0.8283231185497575,0.7511837859813254,-0.4582124865076592,-0.35441628391214186,-1.0396389341908872,-1.0169536360691773,-0.05772363599238233,-1.048355443587384,0.5198507746527857,0.059146291528505375
1.1051545206341185,0.657510651191192,0.44394556622902354,-0.5314698733048094,-0.6975559252118085,-1.0396389341908872,-0.9869099169191204,0.8067330099185336,-0.9169331892707558,-1.3792802099250832,-0.3992093564621294
0.6414428819641893,-0.1554927322519691,0.3415328263115898,0.7871630890438974,-0.144719836451236,-1.0396389341908872,-0.9869099169191204,1.0751978067853076,-0.12839966337098627,-0.8037859721742137,0.24248855072475864
0.29365915296174216,0.40519925632952114,0.08550097651800471,-0.23844032611620786,0.16029317803735854,-1.0396389341908872,-0.9568661977690635,1.1288907661586505,0.33157822673721116,-0.9764342434994746,-1.2242495228452723
-0.5758001695443766,0.3210954580422975,-0.4777690930278819,-0.09192555252190729,-0.2209730900733824,-0.07168388368511042,0.3951011639834998,-0.17047885067637855,0.003022590945641993,-0.6886871246240396,-0.5825516156583826
-0.6917280792118592,-0.04335433453567092,-1.2458646424086364,0.0545892210723936,-0.25909971688445654,0.5090891466183556,1.3565001767853226,0.40403581461840227,1.251534006953609,-0.34339058197351835,-0.5825516156583826
0.5834789271304484,-0.8843923174079066,0.8535965258987593,-0.6779846468991102,-0.9835056262948642,0.5090891466183556,-0.14568578071752553,-0.7718399956578904,-0.45695529916255545,0.8651473173033077,0.3341596803228869
-0.5178362147106351,-0.32370032882641636,0.9560092658161934,-0.23844032611620786,0.46530619252595123,-0.8460479240897318,-0.8066476020187787,-0.12215518724040572,0.06873371810395466,-0.1707423106482574,0.059146291528505375
0.9892266109666364,-1.1647383116986516,1.6216920752795136,-0.23844032611620786,-0.24003640347891947,-1.2332299442920425,-0.9568661977690635,1.4510485223987077,-0.719799807795812,0.6924990459780467,-0.7658938748546376
-0.4598722598768941,-0.5479771242590123,0.13670734647672173,-0.23844032611620786,-0.5259861045619751,-0.9428434291403095,-1.0469973552192344,-0.9382881697152892,0.8572672440037242,0.34720250332752484,0.975857587509775
-0.7496920340456003,0.18092246089692543,-0.7338009428214667,-0.6779846468991102,-0.24003640347891947,0.8962711668206663,-0.14568578071752553,-0.218802514112411,0.20015597242058292,-0.40094000574860533,-1.1325783932471458
0.3516231077954832,0.46126845518767023,1.1096283756923442,-0.38495509971050873,3.4391830837897306,0.702680156719511,1.8972871214863478,0.26980341618504505,-1.245488825062325,2.073685216580133,-1.0409072636490175
0.11976728846051811,-0.3797695276845651,1.6216920752795136,-0.8244994204934111,6.184300214187064,0.025111621365467254,-0.05555462326735463,0.17315608931303977,-1.8368889694871535,3.9152667773829153,-1.1325783932471458
-0.5758001695443766,-0.4919079254008633,-0.37535635311044785,-0.6779846468991102,-0.7738091788339566,0.7994756617700887,0.5152760405837277,-1.7168360806288208,0.46300048105383945,-0.5160388532987793,1.1591998467060283
1.3370103399690836,1.694790830066949,0.49515193618774056,0.0545892210723936,-0.06846658282908619,0.993066671871244,0.6955383554840694,0.7530400505451906,-0.9826443164290685,-0.8037859721742137,-0.4908804860602561
-0.5178362147106351,0.12485326203877634,-0.4265627230691649,-0.5314698733048094,-0.144719836451236,-0.07168388368511042,-0.38603553391798123,-0.07920081974168372,1.1858228797952963,0.11700480822717751,0.059146291528505375
-0.34394435020941155,-0.09942353339382001,0.03429460655928799,-0.3116977129133583,-0.04940326942354912,0.702680156719511,0.21483884908315803,0.6993470911718478,0.725844989687096,0.4623013508776988,-1.1325783932471458
-0.8656199437130828,1.5826524323506512,-1.1434519024912024,-0.38495509971050873,-0.3734795973176786,-0.9428434291403095,-0.9869099169191204,-0.5785453419138799,1.3172451341119216,0.0019059606770035474,0.3341596803228869
-0.11208853087444698,0.18092246089692543,0.03429460655928799,-0.6047272601019599,5.3073877975323605,0.025111621365467254,0.27492628738327196,0.0550315786916735,-1.3111999522206406,3.5699702347323936,-1.0409072636490175
-0.22801644054192902,1.0780296426273095,-0.5289754629865987,0.0545892210723936,0.12216655122628443,0.4122936415677779,-0.2658606573177534,0.591961172425162,0.5944227353704676,-0.7462365483991266,-0.8575650044527642
-0.8076559888793412,1.3303410374889804,-1.2970710123673532,-0.16518293931905773,-0.506922791156438,1.864226217326443,0.4852323214336707,0.43088229430513336,1.7115118970618064,0.6924990459780467,-0.4908804860602561
-0.6337641243781177,0.5734068529039684,-1.2458646424086364,-0.23844032611620786,-0.18284646326230827,0.12190712641604493,1.2363253001850947,0.40403581461840227,1.44866738842855,-0.4584894295236923,-0.5825516156583826
-0.7496920340456003,0.6294760517621175,-1.2970710123673532,-0.3116977129133583,-0.4306695375342898,-0.6524569139885764,-0.7165164445686077,0.1624174974383593,1.054400625478668,0.05945538445209053,-0.9492361340508908
-1.0974757630480474,-0.32370032882641636,0.6487710460638916,-0.09192555252190729,-0.35441628391214186,-0.7492524190391542,-0.8366913211688356,-0.21343321817510055,1.6458007699034938,0.4047519271026118,0.15081742112663202
-0.9235838985468238,0.6294760517621175,-0.22173724323429694,-0.3116977129133583,-0.18284646326230827,-0.4588659038874211,2.1676805938368604,-0.707408444409867,0.33157822673721116,0.23210365577735084,0.4258308099210135
1.4529382496365666,-0.32370032882641636,0.8023901559400424,-0.3116977129133583,1.551915056641563,1.0898621769218217,0.5753634788838415,0.8067330099185336,-0.9169331892707558,0.5774001984278727,0.3341596803228869
1.1051545206341185,-1.332945908273099,1.928930295031816,-0.09192555252190729,-0.27816303028999356,-0.9428434291403095,-0.8967787594689496,-0.5624374541018293,-0.5883775534791837,-0.1707423106482574,1.2508709763041566
-0.34394435020941155,1.3864102363471296,0.7511837859813254,-0.4582124865076592,0.045913297604136184,-0.7492524190391542,1.1762378618849807,-0.4282050556684721,-0.522666426320871,-0.40094000574860533,-0.8575650044527642
-0.8656199437130828,-0.1554927322519691,-0.8362136827389007,-0.7512420336962606,-0.27816303028999356,0.025111621365467254,0.06462025333287322,-0.6698233728485747,0.33157822673721116,0.7500484697531337,-0.8575650044527642
1.1051545206341185,-0.6601155219753105,0.8023901559400424,-0.23844032611620786,0.389052938903803,-0.4588659038874211,-0.2959043764678103,0.31275778368376705,-0.9826443164290685,0.05945538445209053,0.3341596803228869
-0.11208853087444698,1.4424794352052785,1.2632474855684952,-0.38495509971050873,0.6178126997702474,2.0578172274275985,3.1891670449387974,0.10872453806501639,-0.6540886806374993,0.17455423200226386,-1.0409072636490175
0.46755101746296523,-0.1554927322519691,0.13670734647672173,-0.4582124865076592,-0.4687961643453639,-0.7492524190391542,-0.8967787594689496,0.5597453968011205,0.06873371810395466,0.28965307955243785,0.059146291528505375
0.5255149722967063,0.18092246089692543,-0.4777690930278819,-0.6779846468991102,-0.2209730900733824,-0.5556614089379988,-0.7766038828687217,-0.503375198791176,-1.048355443587384,-0.9764342434994746,-0.4908804860602561
-0.05412457604070597,2.171379020361216,-0.016911763399429024,-0.3116977129133583,-0.030339956018012062,-0.8460479240897318,-0.7165164445686077,-0.2671261775484434,-0.3255330448459301,-1.0915330910496486,-0.3992093564621294
0.40958706262922423,1.5265832334925022,-0.7850073127801837,-0.09192555252190729,-0.1256565230456971,-0.7492524190391542,-0.566297848818323,0.892641744915918,0.13444484526227024,-0.055643463098083434,-0.03252483806962126
-0.8076559888793412,-0.7161847208334593,-0.6825945728627496,-0.09192555252190729,-0.08752989623462298,0.5090891466183556,-0.20577321901763945,0.0550315786916735,0.7915561168454115,-0.1707423106482574,-0.6742227452565109
1.2210824303016015,-1.0525999139823536,1.5704857053207968,0.8604204758410479,1.6091049968581737,-0.9428434291403095,-0.9268224786190066,0.1624174974383593,-0.7855109349541275,0.23210365577735084,0.7925153283135217
0.5834789271304484,-0.5479771242590123,0.8535965258987593,-0.4582124865076592,-0.08752989623462298,-0.6524569139885764,-0.7465601637186647,0.20537186493702167,-0.19411079052930186,-0.6311377008489526,-0.8575650044527642
-1.3872955372167535,0.12485326203877634,-0.8874200526976176,-0.23844032611620786,-0.5259861045619751,2.2514082375287536,0.12470769163298714,-0.8470101387805943,1.3829562612702373,0.5774001984278727,0.7008441987153935
-0.7496920340456003,0.7135798500493411,-0.5801818329453158,-0.3116977129133583,-0.29722634369553064,-0.7492524190391542,-0.6564290062684939,-0.34229632067114735,0.3972893538955268,-0.6311377008489526,-0.6742227452565109
-0.7496920340456003,1.414444835776204,-0.9898327926150514,-0.38495509971050873,0.06497661100967324,-0.5556614089379988,-0.8366913211688356,-0.5892839337885007,0.5944227353704676,-1.0915330910496486,-0.3992093564621294
-0.28598039537567055,-0.1554927322519691,-0.9386264226563346,-0.23844032611620786,0.4843695059314883,-0.5556614089379988,-0.14568578071752553,0.21611045681170216,-0.8512220621124402,-0.22829173442334438,-0.8575650044527642
0.7573707916316713,-0.8283231185497575,0.18791371643543875,-0.018668165724756845,0.12216655122628443,0.025111621365467254,0.06462025333287322,0.8067330099185336,-0.7855109349541275,0.23210365577735084,-0.3992093564621294
0.3516231077954832,-0.7161847208334593,1.2120411156097781,0.0545892210723936,-0.7166192386173456,-0.2652748937862658,-0.5963415679683799,-0.9114416900286177,0.06873371810395466,1.3830921312790898,2.7176090498741874
0.8153347464654124,-0.6040463231171614,0.9560092658161934,-0.3116977129133583,-0.29722634369553064,-1.0396389341908872,-0.9268224786190066,-0.11141659536572522,-0.25982191768761453,0.4623013508776988,1.7092266242947913
-0.05412457604070597,0.40519925632952114,-0.5289754629865987,-0.16518293931905773,-0.3353529705066048,-0.4588659038874211,0.7856695129342403,-0.21343321817510055,-0.719799807795812,-1.206631938599822,-1.0409072636490175
0.5834789271304484,-1.1086691128405026,0.9048028958574764,-0.7512420336962606,-0.6213026715896602,0.31549813651720027,-0.2959043764678103,-0.9221802819032983,-0.8512220621124402,1.325542707504003,0.6091730691172668
0.40958706262922423,1.6387216312087998,-0.6825945728627496,0.0545892210723936,-0.011276642612475,-0.6524569139885764,-0.7165164445686077,0.9141189286652194,0.528711608212155,-0.1707423106482574,-0.5825516156583826
-0.170052485708188,0.40519925632952114,-0.9898327926150514,0.0545892210723936,-0.6403659849951994,-1.2332299442920425,-1.1972159509695193,-2.060471020618299,-0.5883775534791837,-1.6670273288005177,2.3509245314816796
-0.9815478533805653,1.8349638272123217,-1.2970710123673532,-0.09192555252190729,-0.5259861045619751,-0.07168388368511042,-0.7165164445686077,-0.2295411059870915,1.5143785155868654,-0.34339058197351835,0.5175019395191401
-0.9235838985468238,1.8629984266413961,-1.0410391625737685,-0.38495509971050873,0.19841980484843266,0.4122936415677779,0.3049700065333289,-0.38525068816980973,1.9086452785367503,0.4623013508776988,1.1591998467060283
-0.28598039537567055,-0.1554927322519691,0.13670734647672173,-0.4582124865076592,-0.27816303028999356,-0.7492524190391542,-0.7465601637186647,-0.4282050556684721,0.003022590945641993,-0.5735882770738656,-0.03252483806962126
-0.34394435020941155,0.23699165975507389,-0.324149983151731,-0.7512420336962606,-0.3925429107232157,-1.136434439241465,-1.1371285126694053,-1.1369521193966698,-0.9826443164290685,-0.6886871246240396,-0.5825516156583826
0.0038393787930360774,0.8257182477656393,-0.06811813335814604,-0.3116977129133583,-0.10659320964016004,-0.4588659038874211,-0.11564206156746855,0.4845752536784762,0.003022590945641993,-0.7462365483991266,-1.1325783932471458
-0.22801644054192902,0.9098220460528623,-0.324149983151731,-0.3116977129133583,-0.18284646326230827,1.6706352072252877,2.8286424151381135,-0.2671261775484434,-0.3912441720042428,-0.8613353959493006,-0.4908804860602561
1.1631184754678605,-0.4919079254008633,1.1608347456510613,1.4464795702182507,0.3318629986871918,-1.0396389341908872,-1.0169536360691773,0.6993470911718478,-0.19411079052930186,0.980246164853481,0.975857587509775
-0.05412457604070597,-1.3890151071312478,0.6487710460638916,-0.09192555252190729,-0.7166192386173456,-1.136434439241465,-1.1070847935193482,-1.6846203050048387,0.13444484526227024,0.23210365577735084,2.167582272285426
0.17773124329425913,-0.21156193111011817,0.08550097651800471,-0.38495509971050873,0.389052938903803,0.31549813651720027,2.588292661937658,0.26980341618504505,-2.494000241070292,7.598429898988479,-0.5825516156583826
1.3949742948028245,-0.9965307151242048,1.3144538555272123,0.0545892210723936,-0.3734795973176786,-1.0396389341908872,-0.9268224786190066,0.26980341618504505,-1.048355443587384,-0.055643463098083434,0.5175019395191401
-0.6337641243781177,0.29306085861322295,1.3656602254859291,-0.3116977129133583,0.46530619252595123,-1.2332299442920425,-1.1371285126694053,0.2644341202477346,0.13444484526227024,-0.5160388532987793,-0.12419596766774789
-0.5178362147106351,0.5173376540458193,-1.1434519024912024,-0.4582124865076592,-0.41160622412875275,0.7994756617700887,-0.14568578071752553,-0.3208191369217863,0.725844989687096,-0.5160388532987793,0.975857587509775
-0.28598039537567055,-0.5479771242590123,2.1849621448254,-0.4582124865076592,7.137465884463915,0.6058846516689332,0.6054071980338985,0.37718933493173085,-1.1797776979040122,3.5699702347323936,-0.9492361340508908
0.46755101746296523,0.40519925632952114,-1.3994837522847874,-0.4582124865076592,-0.6022393581841252,-1.0396389341908872,-1.1070847935193482,0.5382682130518192,-0.8512220621124402,-0.1707423106482574,-0.03252483806962126
-1.0974757630480474,0.23699165975507389,-0.6825945728627496,1.0069352494353485,-0.3734795973176786,1.0898621769218217,0.7856695129342403,-0.004030676619039442,0.06873371810395466,-1.0339836672745615,-1.1325783932471458
-1.3872955372167535,0.657510651191192,-0.7850073127801837,-0.38495509971050873,-0.27816303028999356,1.57383970217471,-0.0855983424174116,-0.6590847809738942,1.7115118970618064,0.28965307955243785,-0.21586709726587616
0.7573707916316713,-0.6601155219753105,0.49515193618774056,-0.16518293931905773,0.026849984198599124,-0.5556614089379988,-0.7165164445686077,0.6241769480491439,-0.45695529916255545,-0.5735882770738656,0.059146291528505375
-0.8076559888793412,-0.7161847208334593,-0.17053087327558006,-0.018668165724756845,-0.1256565230456971,1.3802486920735546,-0.05555462326735463,-0.4282050556684721,-0.3255330448459301,-0.4584894295236923,-0.3992093564621294
1.3949742948028245,-0.7161847208334593,1.058422005733627,-0.3116977129133583,0.6750026399868587,-0.07168388368511042,0.06462025333287322,0.6993470911718478,-1.8368889694871535,0.8651473173033077,-0.6742227452565109
-0.8076559888793412,-0.7722539196916084,-0.17053087327558006,-0.3116977129133583,0.23654643165950653,-1.136434439241465,-1.1972159509695193,-1.1154749356473683,0.8572672440037242,-0.4584894295236923,0.8841864579116483
1.9166498883064957,-0.4919079254008633,1.8777239250730988,-0.3116977129133583,-0.5831760447785863,-1.0396389341908872,-0.9568661977690635,0.6993470911718478,-0.6540886806374993,0.05945538445209053,-0.21586709726587616
-0.22801644054192902,0.012714864322478163,-0.17053087327558006,-0.38495509971050873,-0.3353529705066048,-0.07168388368511042,1.747068525736063,-0.3745120962951292,-0.25982191768761453,-0.6886871246240396,-0.9492361340508908
0.40958706262922423,0.40519925632952114,0.08550097651800471,-0.38495509971050873,-0.3925429107232157,1.57383970217471,0.7856695129342403,-0.08457011567905377,0.20015597242058292,-0.5160388532987793,-0.3992093564621294
0.23569519812800013,-0.6601155219753105,0.6999774160226083,2.6918551457698072,-0.2209730900733824,0.8962711668206663,-0.14568578071752553,-0.750362811908589,-0.45695529916255545,0.6349496222029597,1.9842400130891713
-0.8076559888793412,0.06878406318062726,-1.1946582724499193,0.3476187682609951,-0.24003640347891947,-0.8460479240897318,-0.5963415679683799,1.0751978067853076,2.500045422961576,1.440641555054177,-0.9492361340508908
2.554253391477649,0.40519925632952114,1.1096283756923442,0.20110399466669415,-0.27816303028999356,-1.0396389341908872,-0.8366913211688356,1.4510485223987077,-1.1140665707456967,-0.5160388532987793,0.8841864579116483
1.6268301141377897,-0.4919079254008633,0.7511837859813254,-0.23844032611620786,-0.487859477750901,-0.1684793887356881,-0.8366913211688356,0.47383666180379574,-0.3912441720042428,-0.5160388532987793,-0.03252483806962126
-0.5758001695443766,0.7976836483365647,-1.1434519024912024,0.7871630890438974,0.3318629986871918,-0.9428434291403095,-0.8066476020187787,0.26980341618504505,0.5944227353704676,-0.1707423106482574,-0.3075382268640028
-1.2713676275492714,-0.8283231185497575,-0.6313882029040327,-0.5314698733048094,-0.3353529705066048,-0.9428434291403095,-0.8366913211688356,-0.6429768931618437,0.725844989687096,-0.5160388532987793,-0.9492361340508908
-0.34394435020941155,2.4517250146519607,-0.8874200526976176,-0.3116977129133583,0.4271795657148753,-0.4588659038874211,-0.7465601637186647,-0.21343321817510055,-0.3255330448459301,-0.9188848197243876,-0.8575650044527642
-0.8076559888793412,0.29306085861322295,-0.37535635311044785,-0.5680985667033847,-0.6022393581841252,-0.7492524190391542,-0.7465601637186647,-1.8671763668742285,0.46300048105383945,-0.9764342434994746,1.1591998467060283
-1.21340367271553,-0.3797695276845651,-0.5289754629865987,-0.6779846468991102,-0.3162896571010677,-0.8460479240897318,-1.0770410743692913,-1.314138885328749,1.9743564056950629,-0.6886871246240396,0.8841864579116483
-0.5758001695443766,-0.9965307151242048,-0.17053087327558006,-0.38495509971050873,-0.4306695375342898,1.1866576819723993,0.034576534182816254,-0.503375198791176,0.7915561168454115,-0.6886871246240396,-0.3992093564621294
0.40958706262922423,-0.4358387265427142,1.1096283756923442,0.0545892210723936,-0.10659320964016004,0.5090891466183556,0.8457569512343542,1.0751978067853076,0.2658670995788985,-0.5160388532987793,-0.6742227452565109
0.3516231077954832,1.9471022249286198,-0.7338009428214667,0.6772770088481719,-0.030339956018012062,-1.136434439241465,-0.9869099169191204,1.4510485223987077,0.8572672440037242,-0.8037859721742137,0.975857587509775
-0.6917280792118592,0.7416144494784157,-1.3994837522847874,-0.09192555252190729,-0.7166192386173456,-0.9428434291403095,-1.0770410743692913,-1.8886535506235895,0.2658670995788985,0.0019059606770035474,2.075911142687298
-0.6917280792118592,0.8537528471947138,-1.3994837522847874,-0.16518293931905773,-0.04940326942354912,0.12190712641604493,-0.6263852871184369,0.6080690602371529,0.9229783711620398,-0.7462365483991266,-0.8575650044527642
-0.34394435020941155,0.46126845518767023,-0.4777690930278819,-0.09192555252190729,-0.1256565230456971,-0.9428434291403095,-0.8066476020187787,-0.21343321817510055,-0.12839966337098627,-0.34339058197351835,-0.21586709726587616
-0.4019083050431531,-0.21156193111011817,0.2903264563528728,-0.4582124865076592,-0.29722634369553064,1.0898621769218217,1.1461941427349238,0.19463327306234116,0.6601338625287833,-0.4584894295236923,-1.315920652443399
-0.28598039537567055,0.18092246089692543,-0.4265627230691649,-0.38495509971050873,-0.16378314985677123,0.12190712641604493,1.837199683186234,-0.2671261775484434,0.06873371810395466,-0.6886871246240396,-0.8575650044527642
0.17773124329425913,-0.32370032882641636,-0.016911763399429024,-0.16518293931905773,-0.6594292984007344,-0.1684793887356881,-0.566297848818323,-0.8255329550312334,-0.8512220621124402,0.8075978935282206,0.7008441987153935
1.0471905658003775,-0.8283231185497575,1.1608347456510613,-0.09192555252190729,0.27467305847058066,-0.9428434291403095,-1.0169536360691773,-0.1436323709897071,-0.5883775534791837,-0.055643463098083434,1.0675287171079015
-0.170052485708188,0.34913005747137205,-0.5801818329453158,-0.5314698733048094,-0.4687961643453639,-1.2332299442920425,-0.9268224786190066,-0.2671261775484434,0.725844989687096,1.4981909788292638,0.059146291528505375
3.4816766688175096,-1.2208075105568008,2.3897876246602685,-0.5314698733048094,-0.27816303028999356,-0.9428434291403095,-0.9568661977690635,2.2027499536255677,-2.9539781311784923,0.7500484697531337,-1.8659474300321603
-0.6337641243781177,0.5173376540458193,-1.0922455325324856,0.12784660786954405,-0.24003640347891947,-0.07168388368511042,1.1461941427349238,0.40940511055577233,1.3172451341119216,-0.6886871246240396,-0.8575650044527642
-1.2713676275492714,-1.0525999139823536,-0.11932450331686306,-0.5314698733048094,-0.10659320964016004,-1.136434439241465,-0.566297848818323,-1.1047363437726878,0.33157822673721116,-1.2641813623749092,-0.3075382268640028
-0.6917280792118592,-0.7722539196916084,-0.7850073127801837,-0.3116977129133583,-0.4687961643453639,-0.1684793887356881,-0.6864727254185509,-2.2430270824876883,-0.06268853621267359,-0.7462365483991266,2.625937920276061
-0.34394435020941155,0.9098220460528623,1.1096283756923442,-0.5314698733048094,0.4843695059314883,0.4122936415677779,1.9573745597864618,0.0550315786916735,-0.6540886806374993,0.28965307955243785,-1.0409072636490175
-0.7496920340456003,0.6855452506202666,-1.2970710123673532,-0.3116977129133583,-0.4497328509398269,-0.7492524190391542,-0.6564290062684939,0.26980341618504505,1.054400625478668,0.05945538445209053,-0.8575650044527642
-0.8656199437130828,-0.6601155219753105,0.18791371643543875,4.596547202495718,-0.10659320964016004,0.993066671871244,-0.05555462326735463,0.8282101936678945,0.46300048105383945,-0.11319288687317042,-0.3075382268640028
0.11976728846051811,-1.0525999139823536,0.8535965258987593,-0.6047272601019599,-0.20190977666784535,-0.9428434291403095,-1.0469973552192344,-0.3476656166084578,1.3829562612702373,-0.1707423106482574,0.24248855072475864
-1.5611874017179777,-0.1554927322519691,-0.9386264226563346,-0.16518293931905773,-0.7738091788339566,0.12190712641604493,1.5668062108357212,-1.6094501618821349,2.105778660011691,-0.1707423106482574,2.3509245314816796
0.29365915296174216,-0.6040463231171614,-0.324149983151731,-0.018668165724756845,0.045913297604136184,1.6706352072252877,1.2363253001850947,0.8228408977305245,-0.7855109349541275,-0.8037859721742137,-1.1325783932471458
-0.7496920340456003,-0.6040463231171614,-0.4265627230691649,-0.16518293931905773,-0.35441628391214186,0.2187026314666226,-0.3259480956178673,-1.0403047925246645,0.528711608212155,-0.5735882770738656,0.4258308099210135
-0.22801644054192902,-0.7161847208334593,0.13670734647672173,-0.5314698733048094,1.285028668964044,-1.3300254493426202,-0.05555462326735463,0.307388487746397,0.003022590945641993,1.440641555054177,-0.8575650044527642
0.0038393787930360774,0.06878406318062726,0.03429460655928799,-0.4582124865076592,-0.24003640347891947,-0.4588659038874211,-0.20577321901763945,0.591961172425162,0.528711608212155,-0.28584115819843137,-0.3992093564621294
-0.7496920340456003,-0.4358387265427142,0.3415328263115898,0.12784660786954405,-0.144719836451236,0.025111621365467254,0.7556257937841834,0.6993470911718478,1.580089642745178,-0.34339058197351835,-0.8575650044527642
-0.9815478533805653,1.750860028925098,-1.2458646424086364,-0.16518293931905773,-0.5831760447785863,1.57383970217471,0.034576534182816254,-0.804055771281932,1.3829562612702373,-0.5735882770738656,1.7092266242947913
1.1631184754678605,-0.6601155219753105,0.7511837859813254,-0.09192555252190729,2.3525742196741186,-0.9428434291403095,-0.9869099169191204,1.4510485223987077,-0.7855109349541275,-0.22829173442334438,-0.8575650044527642
-0.11208853087444698,1.9190676254995451,-1.3994837522847874,-0.23844032611620786,-0.10659320964016004,-0.5556614089379988,-0.4761666913681521,-0.07383152380437327,-0.3912441720042428,-0.9188848197243876,-0.5825516156583826
0.11976728846051811,-0.32370032882641636,-0.016911763399429024,-0.4582124865076592,-0.6022393581841252,0.2187026314666226,-0.2658606573177534,-0.8147943631566125,-0.9826443164290685,1.095345012403655,0.6091730691172668
0.06180333362677709,-1.0525999139823536,0.7511837859813254,-0.3116977129133583,-0.3353529705066048,0.702680156719511,-0.3259480956178673,-1.4913256512607687,-1.3111999522206406,0.6924990459780467,1.8008977538929178
0.29365915296174216,-1.4450843059893967,0.5975646761051746,-0.38495509971050873,0.19841980484843266,0.4122936415677779,-0.5963415679683799,-0.6644540769112046,-1.048355443587384,0.17455423200226386,0.7008441987153935
-0.170052485708188,-1.9497070957127383,0.49515193618774056,-1.190786354479163,-0.7738091788339566,1.9610217223770208,1.867243402336291,-3.558504587134708,-2.7568447497035486,-1.2641813623749092,2.075911142687298
0.29365915296174216,0.7416144494784157,-0.06811813335814604,-0.6047272601019599,-0.29722634369553064,-1.136434439241465,-0.7165164445686077,0.21611045681170216,-1.048355443587384,0.4623013508776988,-1.1325783932471458
-0.34394435020941155,-1.501153504847546,0.13670734647672173,-0.6047272601019599,-0.5831760447785863,0.4122936415677779,-0.2658606573177534,-0.9651346494019606,-0.12839966337098627,-1.0915330910496486,0.3341596803228869
-0.170052485708188,1.5826524323506512,-0.11932450331686306,0.6406483154495966,-0.25909971688445654,1.7674307122758655,1.1461941427349238,-0.009399972556349886,-0.7855109349541275,-1.3792802099250832,-1.1325783932471458
0.29365915296174216,-0.4358387265427142,0.8023901559400424,-0.8244994204934111,-0.25909971688445654,-0.36207039883684344,-0.7766038828687217,-0.6376075972245332,-0.6540886806374993,0.5198507746527857,-0.21586709726587616
-0.6917280792118592,0.34913005747137205,-1.3994837522847874,-0.3116977129133583,0.026849984198599124,-0.6524569139885764,-0.9869099169191204,-0.9758732412766411,0.725844989687096,-0.6311377008489526,0.975857587509775
-0.5178362147106351,0.6014414523330429,-0.8874200526976176,-0.09192555252190729,-0.18284646326230827,0.025111621365467254,-0.41607925306803817,0.35571215118242944,1.777223024220122,0.17455423200226386,0.3341596803228869
-0.5178362147106351,0.7416144494784157,-1.3994837522847874,-0.5314698733048094,-0.27816303028999356,-0.2652748937862658,-0.20577321901763945,0.591961172425162,1.3172451341119216,-0.5735882770738656,-0.9492361340508908
-1.0395118082143064,0.46126845518767023,-1.3994837522847874,-0.23844032611620786,0.10310323782074737,3.1225677829839533,0.3650574448334428,-0.6913005565978761,1.9743564056950629,0.23210365577735084,0.975857587509775
0.0038393787930360774,0.9939258443400859,-0.7850073127801837,0.0545892210723936,0.045913297604136184,-0.36207039883684344,-0.566297848818323,1.4510485223987077,1.3172451341119216,0.34720250332752484,-0.3992093564621294
-0.6337641243781177,0.23699165975507389,-1.1434519024912024,-0.16518293931905773,-0.16378314985677123,0.025111621365467254,-0.3259480956178673,-0.5678067500391993,0.46300048105383945,-0.34339058197351835,-0.12419596766774789
-0.8656199437130828,0.6294760517621175,-1.2458646424086364,-0.16518293931905773,-0.27816303028999356,-0.1684793887356881,-0.4761666913681521,-0.6698233728485747,0.33157822673721116,-0.4584894295236923,-0.03252483806962126
0.9892266109666364,0.34913005747137205,0.18791371643543875,-0.23844032611620786,0.007786670793062062,0.993066671871244,0.45518860228361374,1.4510485223987077,-0.8512220621124402,-0.1707423106482574,-0.21586709726587616
-0.4019083050431531,-0.9404615162660557,0.18791371643543875,-0.6047272601019599,-0.20190977666784535,0.993066671871244,0.5453197597337847,0.24832623243574367,0.9886894983203525,-0.22829173442334438,-0.8575650044527642
0.6994068367979304,1.8629984266413961,-0.06811813335814604,-0.4582124865076592,-0.20190977666784535,-0.2652748937862658,-0.566297848818323,0.22684904868638267,-0.3912441720042428,-0.22829173442334438,-0.3992093564621294
-0.4019083050431531,-0.5479771242590123,0.18791371643543875,-0.3116977129133583,-0.3925429107232157,-0.2652748937862658,0.8157132320842972,-0.481898015041815,-0.3255330448459301,-0.6886871246240396,-0.4908804860602561
0.46755101746296523,1.4424794352052785,-1.3994837522847874,0.0545892210723936,0.06497661100967324,-0.4588659038874211,-0.566297848818323,1.4510485223987077,0.33157822673721116,1.1528944361787419,-0.9492361340508908
-0.4598722598768941,0.34913005747137205,-0.27294361319301397,-0.5314698733048094,-0.144719836451236,2.6385902577310643,0.3951011639834998,-0.9168109859659281,-1.3769110793789532,-1.3792802099250832,-1.1325783932471458
2.0905417528077197,-0.5479771242590123,1.9801366649905328,0.4208761550581455,0.369989625498266,-0.5556614089379988,-0.7165164445686077,1.7732062786388247,-1.048355443587384,1.095345012403655,-0.03252483806962126
-0.8656199437130828,0.5734068529039684,-1.0410391625737685,-0.3116977129133583,-0.011276642612475,-0.4588659038874211,-0.0855983424174116,-0.750362811908589,1.054400625478668,-0.6311377008489526,-0.03252483806962126
1.0471905658003775,-1.3890151071312478,0.9560092658161934,-0.5314698733048094,-0.7547458654284196,-1.0396389341908872,-1.0169536360691773,0.37718933493173085,-1.771177842328838,0.7500484697531337,-0.21586709726587616
-0.4019083050431531,-0.09942353339382001,-0.6313882029040327,0.20110399466669415,0.389052938903803,1.6706352072252877,0.7856695129342403,-0.6429768931618437,-0.9169331892707558,-0.1707423106482574,-0.21586709726587616
-0.22801644054192902,0.7416144494784157,-1.3994837522847874,-0.8244994204934111,0.12216655122628443,-0.9428434291403095,-1.0169536360691773,-0.5409602703525279,0.7915561168454115,-0.4584894295236923,-0.8575650044527642
-0.9815478533805653,0.7416144494784157,-1.3994837522847874,0.3476187682609951,0.4843695059314883,0.5090891466183556,-0.4761666913681521,-0.218802514112411,0.9229783711620398,-0.1707423106482574,-0.12419596766774789
0.06180333362677709,0.34913005747137205,0.08550097651800471,0.0545892210723936,0.369989625498266,1.4770441971241324,2.1676805938368604,0.7047163871091582,-1.048355443587384,-0.9188848197243876,-1.2242495228452723
0.6994068367979304,-0.3797695276845651,1.1096283756923442,2.7651125325669574,-0.487859477750901,-1.0396389341908872,-0.8967787594689496,1.1288907661586505,-0.6540886806374993,0.4047519271026118,0.5175019395191401
-0.5758001695443766,-0.7161847208334593,0.13670734647672173,-0.6047272601019599,-0.18284646326230827,1.6706352072252877,0.9659318278345821,0.10872453806501639,0.6601338625287833,-0.055643463098083434,-0.8575650044527642
-0.28598039537567055,2.1433444209321415,-1.0410391625737685,-0.4582124865076592,-0.6022393581841252,0.6058846516689332,0.004532815032759292,-0.7772092915952605,1.3172451341119216,-1.321730786149996,0.24248855072475864
0.5255149722967063,0.5734068529039684,-0.324149983151731,0.12784660786954405,0.14122986463181963,1.283453187022977,0.5453197597337847,1.1288907661586505,-0.19411079052930186,-0.4584894295236923,-0.7658938748546376
1.1051545206341185,-1.332945908273099,1.1096283756923442,0.0545892210723936,-0.5831760447785863,-1.0396389341908872,-1.0169536360691773,0.4845752536784762,-1.7054667151705254,0.4623013508776988,0.059146291528505375
0.9892266109666364,-0.6040463231171614,1.1608347456510613,0.6406483154495966,0.3318629986871918,-0.8460479240897318,-0.7766038828687217,0.6456541317985048,-0.3255330448459301,1.5557404026043509,1.2508709763041566
-0.4019083050431531,-0.7722539196916084,0.18791371643543875,-0.16518293931905773,-0.144719836451236,0.702680156719511,0.7255820746341264,0.8067330099185336,1.3829562612702373,-0.055643463098083434,-0.6742227452565109
-0.6917280792118592,0.46126845518767023,-1.2970710123673532,-0.018668165724756845,-0.16378314985677123,0.12190712641604493,1.2062815810350378,0.40403581461840227,1.1201117526369808,-0.34339058197351835,-0.6742227452565109
-1.503223446884236,3.3768667958114196,-0.9386264226563346,-0.7512420336962606,1.5709783700470994,-0.8460479240897318,-0.8366913211688356,-1.448371283762106,1.251534006953609,-1.0339836672745615,-0.5825516156583826
1.9166498883064957,-1.6693611014219931,1.5192793353620797,-0.5314698733048094,-0.29722634369553064,-1.2332299442920425,-1.1671722318194622,0.7530400505451906,-1.1140665707456967,0.23210365577735084,-0.4908804860602561
-0.9235838985468238,0.18092246089692543,-0.9386264226563346,0.2743613814638446,-0.20190977666784535,-0.8460479240897318,-0.7465601637186647,-0.004030676619039442,0.9886894983203525,-0.28584115819843137,-0.21586709726587616
0.9892266109666364,-0.8283231185497575,0.5463583061464575,-0.6779846468991102,1.5137884298304867,1.0898621769218217,1.2964127384852087,1.3114468280280402,-1.048355443587384,-0.055643463098083434,-1.7742763004340338
1.1631184754678605,-0.1554927322519691,0.7511837859813254,-0.38495509971050873,-0.3925429107232157,0.5090891466183556,0.12470769163298714,0.8067330099185336,-0.9826443164290685,0.34720250332752484,0.975857587509775
-0.22801644054192902,-1.2768767094149498,2.082549404907967,4.230260268509966,-0.7547458654284196,2.1062149799528873,7.275112849346544,-1.8993921424982103,-1.9683112238037819,-0.8613353959493006,1.7092266242947913
1.8007219786390138,-0.3797695276845651,1.1608347456510613,0.12784660786954405,0.6178126997702474,-1.136434439241465,-0.8967787594689496,2.095364034878882,-1.1797776979040122,0.23210365577735084,-0.21586709726587616
-0.4019083050431531,1.049995043198235,-1.3994837522847874,-0.3116977129133583,-0.41160622412875275,1.3802486920735546,-0.35599181476792424,-0.7342549240965385,1.1201117526369808,-0.055643463098083434,0.8841864579116483
-0.34394435020941155,-1.4450843059893967,2.082549404907967,0.713905702246747,5.11675466347699,-1.0396389341908872,-1.1070847935193482,0.26980341618504505,-0.3912441720042428,2.418981759230655,-0.4908804860602561
0.17773124329425913,-1.1927729111277263,0.6487710460638916,-0.23844032611620786,-0.20190977666784535,-1.2332299442920425,-1.2272596701195762,-0.8470101387805943,-0.25982191768761453,0.05945538445209053,1.342542105902283
0.40958706262922423,0.06878406318062726,1.1096283756923442,0.2743613814638446,0.08403992441521031,2.444999247629909,1.8972871214863478,0.8067330099185336,-1.5083333336955815,-0.28584115819843137,-1.1325783932471458
-0.5758001695443766,-0.8283231185497575,-0.324149983151731,-0.38495509971050873,-0.18284646326230827,-0.8460479240897318,-0.35599181476792424,-0.3208191369217863,0.13444484526227024,-1.0915330910496486,-0.8575650044527642
1.2790463851353426,-0.5479771242590123,0.3927391962703065,0.5673909286524461,0.045913297604136184,0.7994756617700887,0.6955383554840694,0.6886084992971673,-0.6540886806374993,0.17455423200226386,0.059146291528505375
0.46755101746296523,-1.332945908273099,0.2903264563528728,-0.3483264063119337,-0.506922791156438,-0.2652748937862658,-0.5963415679683799,-0.8255329550312334,-0.3255330448459301,1.037795588628568,1.1591998467060283
-0.4019083050431531,-0.6040463231171614,-0.9898327926150514,0.12784660786954405,-0.10659320964016004,-0.07168388368511042,0.034576534182816254,0.0550315786916735,-0.6540886806374993,-0.40094000574860533,-0.3992093564621294
-0.34394435020941155,0.40519925632952114,-1.3994837522847874,0.0545892210723936,-0.6594292984007344,-0.8460479240897318,-1.0169536360691773,-0.1651095547390681,0.46300048105383945,-0.5735882770738656,0.3341596803228869
2.148505707641461,-0.1554927322519691,1.6216920752795136,-0.8244994204934111,-0.3162896571010677,0.702680156719511,-0.14568578071752553,0.6993470911718478,-2.5597113682286077,0.11700480822717751,0.059146291528505375
-0.6917280792118592,0.012714864322478163,-1.0410391625737685,-0.6047272601019599,-0.35441628391214186,-0.07168388368511042,-0.6864727254185509,-0.8577487306552748,-0.12839966337098627,0.0019059606770035474,0.3341596803228869
-0.22801644054192902,-1.1647383116986516,1.2120411156097781,-0.5314698733048094,4.792678335582861,0.12190712641604493,0.27492628738327196,0.10872453806501639,-1.771177842328838,2.418981759230655,-1.1325783932471458
-1.7930432210529421,-1.0525999139823536,-1.3994837522847874,-0.5314698733048094,-0.7547458654284196,1.0898621769218217,0.4852323214336707,-2.7370023087224546,2.4343342958032634,0.7500484697531337,3.267635827462949
0.9892266109666364,-1.501153504847546,1.3656602254859291,-0.4582124865076592,-0.1256565230456971,2.5417947526804867,0.8157132320842972,-1.1745371909580218,-2.1654446052787226,-0.1707423106482574,1.2508709763041566
0.9892266109666364,-0.9965307151242048,1.0072156357749102,-0.38495509971050873,-0.5450494179675122,-0.9428434291403095,-1.0770410743692913,-0.45505153535514353,-0.522666426320871,-0.8037859721742137,1.4342132355004098
-1.0974757630480474,-0.8283231185497575,-0.6825945728627496,-0.23844032611620786,-0.9835056262948642,-0.07168388368511042,-0.6564290062684939,-0.8362715469059139,0.8572672440037242,-0.055643463098083434,0.6091730691172668
-0.28598039537567055,1.1621334409145332,-0.9898327926150514,-0.09192555252190729,0.045913297604136184,-0.5556614089379988,-0.1757294998675825,0.37718933493173085,-0.45695529916255545,0.28965307955243785,-0.5825516156583826
0.11976728846051811,-1.1647383116986516,0.7511837859813254,-0.16518293931905773,-0.27816303028999356,-0.36207039883684344,-0.8366913211688356,-1.2658152218927166,-1.1140665707456967,0.28965307955243785,1.2508709763041566
-0.6337641243781177,0.9378566454819368,-0.7338009428214667,-0.38495509971050873,-0.25909971688445654,-0.36207039883684344,-0.8066476020187787,-0.6644540769112046,-0.12839966337098627,-0.6886871246240396,-0.3075382268640028
1.3370103399690836,2.7601056083717808,0.8023901559400424,0.2743613814638446,-0.25909971688445654,0.993066671871244,1.2363253001850947,0.9141189286652194,-1.5083333336955815,-0.5160388532987793,-0.3075382268640028
-0.7496920340456003,-0.6040463231171614,0.3927391962703065,-0.6779846468991102,-0.030339956018012062,0.025111621365467254,-0.23581693816769642,-0.3208191369217863,0.20015597242058292,-0.6311377008489526,-1.1325783932471458
-0.9815478533805653,1.6106870317797253,-1.2970710123673532,0.12784660786954405,-0.3353529705066048,0.12190712641604493,-0.38603553391798123,-0.6429768931618437,1.777223024220122,1.325542707504003,1.7092266242947913
1.2790463851353426,0.34913005747137205,1.1096283756923442,-0.3116977129133583,-0.3734795973176786,-0.1684793887356881,0.004532815032759292,1.2899696442786792,-0.06268853621267359,-0.5735882770738656,-0.7658938748546376
-0.5178362147106351,0.6294760517621175,-1.0410391625737685,-0.5314698733048094,0.19841980484843266,-0.7492524190391542,-0.7165164445686077,-0.3208191369217863,-0.06268853621267359,-0.4584894295236923,-0.7658938748546376
-1.2713676275492714,0.34913005747137205,-1.3482773823260703,-0.3116977129133583,-0.6403659849951994,-1.0396389341908872,-1.0169536360691773,-1.061781976273966,1.3829562612702373,-0.5735882770738656,0.8841864579116483
0.46755101746296523,-0.9404615162660557,0.5975646761051746,-0.5314698733048094,-0.5641127313730493,0.5090891466183556,0.244882568233215,-0.9382881697152892,-0.8512220621124402,0.9226967410783941,0.5175019395191401
2.380361526976426,-0.7161847208334593,1.2120411156097781,-0.38495509971050873,-0.5831760447785863,-0.9428434291403095,-0.6864727254185509,1.4510485223987077,-1.771177842328838,-0.34339058197351835,-1.0409072636490175
-1.2713676275492714,0.6294760517621175,-1.2970710123673532,-0.09192555252190729,-0.3925429107232157,0.993066671871244,-0.02551090411729767,-1.6738817131301582,1.054400625478668,-1.206631938599822,0.5175019395191401
1.3370103399690836,-1.2208075105568008,1.1096283756923442,-0.018668165724756845,-0.4306695375342898,-0.9428434291403095,-0.7766038828687217,1.0751978067853076,-0.3255330448459301,1.1528944361787419,0.24248855072475864
-0.7496920340456003,1.5546178329215767,-1.3994837522847874,-0.018668165724756845,-0.41160622412875275,-0.8460479240897318,-0.8066476020187787,0.10872453806501639,1.1201117526369808,-0.5735882770738656,-0.7658938748546376
-0.5178362147106351,0.34913005747137205,-0.9898327926150514,1.3732221834211007,-0.06846658282908619,-0.9428434291403095,-0.536254129668266,0.37718933493173085,0.46300048105383945,-0.9188848197243876,-1.315920652443399
-0.8656199437130828,0.6294760517621175,-1.3994837522847874,0.12784660786954405,0.6368760131757846,-0.07168388368511042,-0.41607925306803817,-0.707408444409867,0.8572672440037242,-0.1707423106482574,0.7925153283135217
-0.4019083050431531,0.8817874466237884,-0.22173724323429694,-0.16518293931905773,0.40811625230934007,0.4122936415677779,1.116150423584867,-0.15974025880175766,-0.6540886806374993,-0.28584115819843137,-1.0409072636490175
0.5834789271304484,0.7135798500493411,-0.06811813335814604,-0.38495509971050873,0.12216655122628443,-1.0396389341908872,-0.35599181476792424,0.36645074305710995,-0.3912441720042428,-1.3792802099250832,-0.7658938748546376
-0.170052485708188,3.657212790102165,-0.324149983151731,-0.4582124865076592,-0.1256565230456971,-0.1684793887356881,-0.1757294998675825,-0.7396242200339086,0.20015597242058292,-1.0915330910496486,0.059146291528505375
-0.7496920340456003,1.2182026397726822,-0.7850073127801837,-0.5314698733048094,0.46530619252595123,-0.07168388368511042,0.5152760405837277,-0.4389436475431526,-0.5883775534791837,-0.40094000574860533,-0.8575650044527642
-0.6337641243781177,0.7135798500493411,-1.2458646424086364,-0.5314698733048094,-0.2209730900733824,-0.8460479240897318,-1.0469973552192344,-0.4443129434804631,0.20015597242058292,-1.5519284812503438,-0.8575650044527642
-1.1554397178817888,1.3023064380599059,-1.3994837522847874,0.2743613814638446,-0.3353529705066048,0.993066671871244,0.1547514107830441,-1.5611264984461621,1.3172451341119216,-0.34339058197351835,0.975857587509775
-0.22801644054192902,-1.9497070957127383,0.6487710460638916,-0.5314698733048094,-0.5259861045619751,-0.8460479240897318,-0.8066476020187787,-1.3946783243887633,-0.19411079052930186,0.23210365577735084,0.6091730691172668
1.9166498883064957,0.012714864322478163,1.9801366649905328,0.8237917824424724,0.5987493863647104,-0.9428434291403095,-0.9869099169191204,0.591961172425162,-1.7054667151705254,0.4623013508776988,0.975857587509775
-0.4019083050431531,-0.7161847208334593,0.08550097651800471,-0.4582124865076592,-0.2209730900733824,1.283453187022977,0.5753634788838415,0.21611045681170216,0.9229783711620398,-0.40094000574860533,-0.8575650044527642
-0.9815478533805653,0.9378566454819368,-1.3994837522847874,-0.3116977129133583,-0.27816303028999356,-0.36207039883684344,0.27492628738327196,0.0550315786916735,1.1858228797952963,0.05945538445209053,-1.1325783932471458
-0.28598039537567055,0.657510651191192,-1.3994837522847874,-0.38495509971050873,-0.144719836451236,-0.7492524190391542,-0.9268224786190066,-0.15974025880175766,0.46300048105383945,-0.40094000574860533,-0.5825516156583826
1.2210824303016015,-0.4919079254008633,2.3385812547015514,2.948255999559833,-0.29722634369553064,2.154612732478176,0.8758006703844112,1.2362766849053364,-0.9169331892707558,1.095345012403655,1.4342132355004098
-0.5758001695443766,1.1621334409145332,-1.3994837522847874,-0.23844032611620786,-0.18284646326230827,0.2187026314666226,-0.566297848818323,0.5114217333651476,0.6601338625287833,-0.34339058197351835,-0.9492361340508908
-0.7496920340456003,2.50779421351011,-1.1946582724499193,-0.38495509971050873,-0.04940326942354912,-0.36207039883684344,0.6054071980338985,-0.5624374541018293,0.2658670995788985,-0.34339058197351835,-0.9492361340508908
0.29365915296174216,0.46126845518767023,0.13670734647672173,0.20110399466669415,-0.030339956018012062,0.12190712641604493,-0.02551090411729767,0.4845752536784762,-0.3255330448459301,-0.8613353959493006,-1.0409072636490175
-0.8076559888793412,0.18092246089692543,-1.2458646424086364,-0.7512420336962606,-0.06846658282908619,1.9610217223770208,-0.02551090411729767,-0.7933171794072514,1.44866738842855,-0.5160388532987793,0.15081742112663202
0.40958706262922423,0.29306085861322295,-0.11932450331686306,-0.38495509971050873,0.27467305847058066,-0.7492524190391542,-0.7766038828687217,0.532898917114449,-0.25982191768761453,0.34720250332752484,-0.7658938748546376
0.5255149722967063,0.34913005747137205,-0.17053087327558006,0.5673909286524461,0.21748311825396763,0.4122936415677779,0.004532815032759292,1.1288907661586505,-0.3255330448459301,0.05945538445209053,-0.7658938748546376
-0.4598722598768941,0.29306085861322295,1.4680729654033633,0.4208761550581455,1.208775415341896,-1.0396389341908872,-0.9869099169191204,-1.0403047925246645,-0.6540886806374993,2.13123464035522,1.0675287171079015
-1.3293315823830125,0.29306085861322295,-0.37535635311044785,-0.09192555252190729,-0.27816303028999356,-0.07168388368511042,0.09466397248293018,-1.0886284559606374,1.777223024220122,0.05945538445209053,1.8925688834910446
1.4529382496365666,2.0312060232158435,0.13670734647672173,0.0545892210723936,0.8084458338256181,-0.8460479240897318,0.3951011639834998,0.6241769480491439,-2.0997334781204073,2.9944759969815236,-0.21586709726587616
-1.2713676275492714,0.40519925632952114,-0.9898327926150514,-0.5314698733048094,-0.35441628391214186,-0.1684793887356881,-0.05555462326735463,-1.7920062237515246,0.46300048105383945,-0.6886871246240396,0.5175019395191401
0.40958706262922423,-0.3797695276845651,-0.22173724323429694,0.20110399466669415,0.045913297604136184,1.1866576819723993,1.717024806586006,0.8604259692918764,-1.3769110793789532,-0.5735882770738656,-1.1325783932471458
-1.3293315823830125,-0.21156193111011817,-1.3994837522847874,-0.16518293931905773,-0.41160622412875275,-0.07168388368511042,-0.41607925306803817,-2.028255244994257,1.777223024220122,-0.40094000574860533,1.8925688834910446
-0.4598722598768941,-0.09942353339382001,-1.2970710123673532,-0.6047272601019599,-0.10659320964016004,-0.2652748937862658,-0.4761666913681521,-0.707408444409867,0.33157822673721116,-0.6886871246240396,0.059146291528505375
-1.3293315823830125,0.06878406318062726,-1.0922455325324856,-0.5314698733048094,-0.7547458654284196,2.154612732478176,1.2663690193351518,-2.328935817485013,-0.06268853621267359,-0.9188848197243876,0.10498185632756951
-0.6337641243781177,-0.8283231185497575,0.5463583061464575,0.20110399466669415,-0.41160622412875275,0.702680156719511,-0.14568578071752553,-1.6846203050048387,0.20015597242058292,0.34720250332752484,2.259253401883553
-0.6337641243781177,1.1340988414854587,-1.2970710123673532,-0.018668165724756845,-0.25909971688445654,0.025111621365467254,-0.14568578071752553,0.26980341618504505,0.8572672440037242,-0.8037859721742137,-1.0409072636490175
-1.0395118082143064,0.29306085861322295,-1.3994837522847874,-0.23844032611620786,0.12216655122628443,-1.2332299442920425,-1.0169536360691773,-0.6053918216005514,2.0400675328533784,-0.22829173442334438,0.975857587509775
-0.9815478533805653,0.23699165975507389,-1.2970710123673532,-0.3116977129133583,0.4843695059314883,-0.9428434291403095,-0.9268224786190066,-0.08457011567905377,0.46300048105383945,0.17455423200226386,-0.8575650044527642
-0.6337641243781177,0.4332338557585957,-1.2970710123673532,-0.4582124865076592,0.12216655122628443,-0.5556614089379988,-0.4761666913681521,-0.9114416900286177,0.9886894983203525,-0.7462365483991266,1.2508709763041566
-0.5758001695443766,0.12485326203877634,-1.3482773823260703,-0.5314698733048094,0.06497661100967324,-0.6524569139885764,-0.9568661977690635,-0.8362715469059139,0.2658670995788985,-0.4584894295236923,0.5175019395191401
-0.6337641243781177,-0.9965307151242048,-0.06811813335814604,-0.5314698733048094,-0.1256565230456971,1.6706352072252877,0.8457569512343542,0.0550315786916735,0.5944227353704676,-0.4584894295236923,-0.8575650044527642
-0.170052485708188,-0.6040463231171614,-0.5289754629865987,-0.38495509971050873,-0.3162896571010677,-0.9428434291403095,-0.8667350403188926,0.26980341618504505,-0.12839966337098627,-0.28584115819843137,-1.1325783932471458
-0.9235838985468238,2.872244006088079,-0.9898327926150514,-0.16518293931905773,-0.4306695375342898,0.31549813651720027,-0.44612297221809516,-0.11678589130303567,1.3829562612702373,-0.5160388532987793,0.5175019395191401
-0.5758001695443766,1.1340988414854587,-0.17053087327558006,-0.4582124865076592,0.3509263120927289,0.2187026314666226,1.656937368285892,0.0013386193183306141,-0.3255330448459301,-0.40094000574860533,-1.0409072636490175
-0.8076559888793412,0.23699165975507389,-1.3994837522847874,0.20110399466669415,-0.16378314985677123,0.5090891466183556,-0.1757294998675825,-0.8147943631566125,0.6601338625287833,-0.8037859721742137,0.3341596803228869
1.0471905658003775,-1.2208075105568008,0.8535965258987593,-0.16518293931905773,-0.18284646326230827,0.6058846516689332,-0.02551090411729767,1.1288907661586505,0.06873371810395466,0.05945538445209053,-0.6742227452565109
0.0038393787930360774,1.414444835776204,-0.8874200526976176,0.0545892210723936,-0.16378314985677123,2.83218126783222,1.2062815810350378,0.8604259692918764,1.1201117526369808,-0.7462365483991266,-0.3992093564621294
-0.7496920340456003,0.06878406318062726,-1.3994837522847874,-0.3116977129133583,-0.20190977666784535,2.2514082375287536,0.244882568233215,-0.5892839337885007,0.528711608212155,1.037795588628568,0.8841864579116483
-0.4598722598768941,0.5734068529039684,-0.7850073127801837,1.8860238910011529,0.40811625230934007,3.3161587930851084,1.8972871214863478,0.8604259692918764,-0.3255330448459301,0.6349496222029597,-0.9492361340508908
-0.22801644054192902,2.003171423786769,-1.2458646424086364,-0.5314698733048094,-0.6022393581841252,-1.136434439241465,-1.1671722318194622,0.26980341618504505,0.33157822673721116,-1.8972250239008654,-1.2242495228452723
1.5688661593040487,-1.501153504847546,2.082549404907967,0.017960527673818213,-0.08752989623462298,-0.5556614089379988,-0.6564290062684939,0.1624174974383593,-0.8512220621124402,-0.28584115819843137,1.2508709763041566
0.11976728846051811,-0.8843923174079066,-0.37535635311044785,0.20110399466669415,0.007786670793062062,0.2187026314666226,0.3350137256833859,0.6993470911718478,0.20015597242058292,0.23210365577735084,-0.7658938748546376
-1.2713676275492714,-1.1647383116986516,-0.11932450331686306,-0.16518293931905773,-0.35441628391214186,0.702680156719511,0.3350137256833859,-0.19732533036305,0.725844989687096,1.7859380977046981,0.15081742112663202
0.9312626561328954,-0.4919079254008633,0.9560092658161934,-0.23844032611620786,0.026849984198599124,-0.5556614089379988,-0.1757294998675825,-0.17047885067637855,-0.8512220621124402,0.17455423200226386,1.342542105902283
-0.4598722598768941,-0.1554927322519691,0.44394556622902354,2.6185977589726566,-0.35441628391214186,0.12190712641604493,1.656937368285892,0.591961172425162,0.2658670995788985,0.8075978935282206,0.059146291528505375
0.29365915296174216,2.3956558157938117,-1.1434519024912024,-0.5314698733048094,-0.27816303028999356,-1.0396389341908872,-0.8366913211688356,-0.28860336129774483,-0.06268853621267359,-1.2641813623749092,-0.7658938748546376
-1.3872955372167535,-1.332945908273099,-0.11932450331686306,7.966386995164635,-0.4306695375342898,5.445659904197817,3.399473078989196,0.2751727121224151,0.13444484526227024,-0.6886871246240396,-0.12419596766774789
-0.5758001695443766,-0.9124269168369812,1.1096283756923442,-0.018668165724756845,-0.030339956018012062,2.2514082375287536,1.77711224488612,-0.05235434005501227,0.33157822673721116,0.6924990459780467,0.5175019395191401
1.2210824303016015,0.12485326203877634,-0.22173724323429694,0.12784660786954405,0.026849984198599124,0.2187026314666226,0.034576534182816254,1.4510485223987077,-0.5883775534791837,-0.11319288687317042,-0.12419596766774789
-1.5611874017179777,0.4332338557585957,-1.1434519024912024,-0.09192555252190729,-0.3162896571010677,0.31549813651720027,-0.6564290062684939,-2.2108113068636466,1.6458007699034938,-0.6311377008489526,2.259253401883553
-0.6337641243781177,-1.1086691128405026,0.2903264563528728,-0.6047272601019599,-0.5450494179675122,-1.2332299442920425,-1.0169536360691773,-0.3745120962951292,-0.522666426320871,2.534080606780829,-0.3992093564621294
0.3516231077954832,1.2182026397726822,-0.4777690930278819,-0.018668165724756845,-0.24003640347891947,-0.07168388368511042,0.034576534182816254,0.3718200389944204,-0.719799807795812,-1.0915330910496486,-0.6742227452565109
-1.0974757630480474,0.18092246089692543,-0.6313882029040327,-0.5314698733048094,-0.2209730900733824,0.12190712641604493,0.5453197597337847,-2.0175166531195767,0.13444484526227024,-0.34339058197351835,0.059146291528505375
-0.6917280792118592,0.7416144494784157,-1.3994837522847874,1.0069352494353485,-0.06846658282908619,0.12190712641604493,-0.05555462326735463,0.4845752536784762,0.9886894983203525,-0.6886871246240396,-0.8575650044527642
2.148505707641461,-0.8843923174079066,2.492200364577702,1.2267074098267998,-0.4497328509398269,-0.8460479240897318,-0.2658606573177534,1.9879781161321963,-0.5883775534791837,-0.34339058197351835,2.3509245314816796
-0.4598722598768941,0.23699165975507389,-1.2970710123673532,0.0545892210723936,-0.24003640347891947,-0.4588659038874211,-0.35599181476792424,-0.6053918216005514,0.33157822673721116,-0.22829173442334438,0.3341596803228869
1.6268301141377897,-1.9497070957127383,1.058422005733627,-0.7512420336962606,-0.41160622412875275,-0.8460479240897318,-0.9568661977690635,0.32349637555838795,-0.5883775534791837,-0.11319288687317042,-0.3075382268640028
-0.4598722598768941,0.9939258443400859,-0.17053087327558006,-0.5314698733048094,5.154881290288064,-0.07168388368511042,0.4852323214336707,-0.15974025880175766,-2.0340223509620947,5.354002371760089,-0.8575650044527642
1.6847940689715306,0.7416144494784157,-0.17053087327558006,-0.018668165724756845,-0.08752989623462298,0.025111621365467254,0.18479512993310107,1.397355563025365,-1.6397555880122097,0.34720250332752484,0.5175019395191401
0.40958706262922423,0.9098220460528623,-1.3994837522847874,-0.09192555252190729,-0.030339956018012062,0.31549813651720027,-0.2658606573177534,1.2362766849053364,0.2658670995788985,-0.34339058197351835,-1.0409072636490175
-0.6337641243781177,-0.7722539196916084,0.8535965258987593,0.0545892210723936,-0.4497328509398269,0.6058846516689332,0.034576534182816254,-0.9436574656525996,-0.06268853621267359,1.037795588628568,0.975857587509775
-1.0974757630480474,-0.9404615162660557,-0.324149983151731,-0.23844032611620786,-0.8119358056450308,0.993066671871244,0.034576534182816254,-0.04698504411770183,1.054400625478668,0.6349496222029597,-0.6742227452565109
-0.22801644054192902,-0.9965307151242048,-0.324149983151731,-0.4582124865076592,-0.3162896571010677,2.9289767728827973,1.656937368285892,-0.15974025880175766,-0.25982191768761453,-0.4584894295236923,-0.8575650044527642
-0.22801644054192902,-1.0525999139823536,0.7511837859813254,-0.38495509971050873,-0.06846658282908619,-0.7492524190391542,-0.8366913211688356,-0.6644540769112046,0.2658670995788985,-0.34339058197351835,0.8841864579116483
0.40958706262922423,-0.4919079254008633,1.1096283756923442,-0.09192555252190729,-0.2209730900733824,0.993066671871244,2.2277680321369746,0.591961172425162,-0.522666426320871,-0.4584894295236923,-1.1325783932471458
-0.8076559888793412,0.29306085861322295,-1.3482773823260703,-0.4582124865076592,-0.18284646326230827,2.3482037425793316,0.21483884908315803,0.07113946650366444,0.5944227353704676,0.4047519271026118,-0.6742227452565109
-0.28598039537567055,0.5734068529039684,1.058422005733627,-0.6047272601019599,0.19841980484843266,-0.1684793887356881,1.4766750533855504,-0.3208191369217863,-0.7855109349541275,-0.22829173442334438,-0.8575650044527642
0.0038393787930360774,0.4893030546167448,-0.27294361319301397,0.0545892210723936,-0.04940326942354912,-0.9428434291403095,-0.8366913211688356,0.8067330099185336,-0.3255330448459301,-0.28584115819843137,-1.0409072636490175
-1.1554397178817888,-0.32370032882641636,-1.3994837522847874,-0.8244994204934111,-0.6594292984007344,1.0898621769218217,-0.41607925306803817,-2.4148445524823976,0.9229783711620398,-1.0339836672745615,1.7092266242947913
-0.8076559888793412,1.750860028925098,-0.324149983151731,1.153450023029649,-0.29722634369553064,0.025111621365467254,0.5453197597337847,0.9248575205398998,1.44866738842855,0.34720250332752484,-1.1020213500477718
0.29365915296174216,0.9658912449110114,-1.3994837522847874,-0.6047272601019599,-0.3925429107232157,-0.7492524190391542,-0.8366913211688356,0.16778679337566973,0.003022590945641993,-0.7462365483991266,-0.3992093564621294
2.0905417528077197,-0.8283231185497575,1.1096283756923442,0.12784660786954405,0.16029317803735854,-0.36207039883684344,-0.14568578071752553,1.9879781161321963,-0.9826443164290685,-0.28584115819843137,-0.12419596766774789
0.8153347464654124,0.012714864322478163,1.6728984452382307,-0.38495509971050873,-0.9644423128893271,-1.0396389341908872,-0.8366913211688356,-0.45505153535514353,-0.06268853621267359,1.1528944361787419,1.8008977538929178
-0.6337641243781177,0.29306085861322295,-1.2458646424086364,-0.16518293931905773,-0.24003640347891947,-0.8460479240897318,-0.566297848818323,-0.5463295662898384,0.2658670995788985,-0.8037859721742137,-0.3992093564621294
-0.4598722598768941,-0.8283231185497575,1.058422005733627,0.0545892210723936,-0.3162896571010677,0.6058846516689332,1.116150423584867,0.26980341618504505,0.06873371810395466,0.23210365577735084,-0.7658938748546376
-0.28598039537567055,0.012714864322478163,-1.1946582724499193,-0.6047272601019599,-0.25909971688445654,0.12190712641604493,-0.4761666913681521,-0.15974025880175766,0.13444484526227024,-0.5735882770738656,-0.3992093564621294
0.46755101746296523,-1.7814994991382913,0.49515193618774056,-0.6779846468991102,-0.4306695375342898,-0.9428434291403095,-1.1070847935193482,-0.6322383012872228,-0.522666426320871,-0.4584894295236923,0.6091730691172668
-0.05412457604070597,-1.1086691128405026,0.23912008639415577,0.20110399466669415,-0.4306695375342898,-1.136434439241465,-1.0469973552192344,-1.0564126803366554,-0.06268853621267359,0.5774001984278727,2.167582272285426
-0.5178362147106351,0.012714864322478163,-0.06811813335814604,-0.38495509971050873,0.21748311825396763,0.025111621365467254,0.7556257937841834,-0.5355909744151579,-1.048355443587384,-0.5160388532987793,-0.9492361340508908
-0.5758001695443766,2.1433444209321415,-0.8874200526976176,-0.5314698733048094,-0.29722634369553064,0.4122936415677779,0.27492628738327196,0.012077211193011113,0.2658670995788985,-0.5735882770738656,-1.1325783932471458
0.5834789271304484,0.46126845518767023,-0.06811813335814604,0.6406483154495966,0.007786670793062062,0.8962711668206663,1.2062815810350378,1.6389738802054676,-0.45695529916255545,-0.22829173442334438,-0.6742227452565109
-0.28598039537567055,-0.5479771242590123,0.23912008639415577,0.20110399466669415,-0.18284646326230827,1.283453187022977,0.3350137256833859,0.37718933493173085,0.003022590945641993,-0.11319288687317042,-0.12419596766774789
0.06180333362677709,-1.332945908273099,0.6487710460638916,-0.6047272601019599,-0.4306695375342898,-0.7492524190391542,-0.8066476020187787,-0.35840420848313825,0.528711608212155,-0.34339058197351835,0.059146291528505375
1.9166498883064957,0.29306085861322295,1.9801366649905328,-0.23844032611620786,-0.29722634369553064,-0.5556614089379988,0.004532815032759292,2.2027499536255677,-0.3912441720042428,-0.5160388532987793,-1.315920652443399
0.06180333362677709,1.2182026397726822,-0.8362136827389007,-0.4582124865076592,0.007786670793062062,0.025111621365467254,0.4852323214336707,-0.10604729942835517,-0.7855109349541275,0.9226967410783941,-0.7658938748546376
0.3516231077954832,0.34913005747137205,1.1608347456510613,-0.38495509971050873,4.716425081960713,1.0898621769218217,1.026019266134696,-0.15974025880175766,-1.771177842328838,5.469101219310263,-0.8575650044527642
2.264433617308943,-0.4358387265427142,1.1096283756923442,-0.8244994204934111,-0.27816303028999356,-1.2332299442920425,-1.2272596701195762,0.10872453806501639,-1.1797776979040122,-0.1707423106482574,-0.03252483806962126
-0.4019083050431531,-0.04335433453567092,-0.7850073127801837,0.3476187682609951,-0.4306695375342898,-0.36207039883684344,0.18479512993310107,0.21611045681170216,0.33157822673721116,-0.5160388532987793,-1.2242495228452723
-0.8656199437130828,-0.26763112996826727,-0.11932450331686306,-0.38495509971050873,-0.25909971688445654,1.283453187022977,0.42514488313355675,-0.750362811908589,0.20015597242058292,-0.34339058197351835,-0.03252483806962126
-0.6917280792118592,-1.4450843059893967,1.6728984452382307,-0.3116977129133583,-0.29722634369553064,0.12190712641604493,-0.6564290062684939,0.7745172342945517,0.46300048105383945,0.34720250332752484,0.15081742112663202
0.5255149722967063,0.06878406318062726,0.18791371643543875,-0.16518293931905773,0.4271795657148753,-0.4588659038874211,-0.2658606573177534,0.15704820150104884,-0.45695529916255545,-0.5735882770738656,0.4258308099210135
2.0905417528077197,-0.7161847208334593,1.928930295031816,-0.27506901951478324,-0.41160622412875275,-0.8460479240897318,-0.5963415679683799,1.1288907661586505,-1.6397555880122097,0.11700480822717751,0.7925153283135217
-0.8656199437130828,-0.9404615162660557,0.23912008639415577,-0.5314698733048094,-0.4306695375342898,-1.136434439241465,-1.1671722318194622,-2.0926867962422806,0.33157822673721116,-0.6311377008489526,2.167582272285426
1.4529382496365666,-1.1647383116986516,0.8535965258987593,-0.6779846468991102,-0.506922791156438,0.025111621365467254,-0.2959043764678103,0.9678118880386218,-0.5883775534791837,0.6924990459780467,-0.3992093564621294
0.0038393787930360774,1.3023064380599059,0.08550097651800471,1.2267074098267998,-0.27816303028999356,-0.36207039883684344,-0.9268224786190066,-0.10604729942835517,0.9229783711620398,0.11700480822717751,0.975857587509775
-0.28598039537567055,1.9751368243576943,-1.3994837522847874,0.0545892210723936,0.16029317803735854,0.8962711668206663,0.6054071980338985,0.0550315786916735,-0.719799807795812,0.11700480822717751,-0.5825516156583826
-0.28598039537567055,-0.1554927322519691,-0.5289754629865987,-0.6779846468991102,-0.144719836451236,0.5090891466183556,1.656937368285892,-0.3745120962951292,0.528711608212155,-1.0339836672745615,-0.8575650044527642
-0.5178362147106351,0.012714864322478163,-0.7850073127801837,-0.4582124865076592,1.4375351762083406,-1.136434439241465,-1.0469973552192344,0.17315608931303977,-0.3255330448459301,1.1528944361787419,-1.1325783932471458
-0.9815478533805653,-0.4919079254008633,-0.9386264226563346,-0.23844032611620786,-0.506922791156438,-0.6524569139885764,-0.8667350403188926,-1.2121222625193737,0.725844989687096,0.17455423200226386,0.7925153283135217
-1.5611874017179777,0.7416144494784157,-1.3994837522847874,-0.018668165724756845,-0.4497328509398269,-0.8460479240897318,-0.9568661977690635,-2.2215498987383273,1.3829562612702373,-0.4584894295236923,2.259253401883553
0.9312626561328954,0.23699165975507389,-0.11932450331686306,-0.38495509971050873,0.27467305847058066,-0.36207039883684344,1.2663690193351518,-0.21343321817510055,-1.771177842328838,1.3830921312790898,-0.3075382268640028
-0.5178362147106351,1.4424794352052785,-0.4265627230691649,1.9592812777983035,0.08403992441521031,0.31549813651720027,1.5367624916856644,0.23221834462369312,-0.9826443164290685,-0.8037859721742137,-0.7658938748546376
1.2210824303016015,-1.6132919025638441,0.9560092658161934,-0.5314698733048094,-0.27816303028999356,-0.9428434291403095,-0.7766038828687217,0.4845752536784762,-0.3912441720042428,2.073685216580133,0.3341596803228869
-1.3293315823830125,-0.1554927322519691,-1.3994837522847874,-0.8244994204934111,-0.6213026715896602,-0.07168388368511042,-0.6263852871184369,-1.1906450787700127,0.33157822673721116,-1.206631938599822,-0.8575650044527642
-0.4598722598768941,0.40519925632952114,0.23912008639415577,0.12784660786954405,0.2556097450650436,-0.2652748937862658,1.5367624916856644,1.440309930524087,0.9229783711620398,-0.22829173442334438,-0.8575650044527642
-0.5758001695443766,-0.26763112996826727,0.23912008639415577,-0.3116977129133583,-0.5259861045619751,1.4770441971241324,0.21483884908315803,0.31275778368376705,-0.06268853621267359,-0.055643463098083434,-0.3992093564621294
2.0905417528077197,0.29306085861322295,1.9801366649905328,-0.018668165724756845,-0.3353529705066048,-0.9428434291403095,-0.2959043764678103,1.343662603652022,-1.7054667151705254,-0.5735882770738656,-0.3992093564621294
0.17773124329425913,-1.1086691128405026,0.6487710460638916,0.0545892210723936,-0.1256565230456971,0.025111621365467254,0.6354509171839555,0.6026997642998425,-0.06268853621267359,-1.0339836672745615,-0.9492361340508908
-0.7496920340456003,0.8817874466237884,-1.3994837522847874,-0.4582124865076592,0.17935649144289562,-0.6524569139885764,-0.7465601637186647,-0.34229632067114735,0.20015597242058292,-0.34339058197351835,-0.6742227452565109
-0.05412457604070597,-0.8283231185497575,0.23912008639415577,-0.018668165724756845,-0.18284646326230827,0.7994756617700887,0.7255820746341264,-0.24564899379908245,-0.25982191768761453,1.095345012403655,0.5175019395191401
-0.4598722598768941,3.2927629975241968,-0.8874200526976176,0.4208761550581455,-0.06846658282908619,-1.0396389341908872,-1.0469973552192344,-0.481898015041815,1.5143785155868654,-0.34339058197351835,0.7008441987153935
0.6994068367979304,0.12485326203877634,1.9801366649905328,-0.16518293931905773,5.669590752237565,-0.36207039883684344,-0.2959043764678103,0.8067330099185336,-0.9169331892707558,0.05945538445209053,-0.7658938748546376
-0.8076559888793412,0.5734068529039684,0.2903264563528728,3.0581420797555587,2.7719671145959337,4.864886873894351,2.047505717236633,0.6295462439865139,-0.5883775534791837,-0.5735882770738656,-0.8575650044527642
-0.05412457604070597,-1.3890151071312478,1.6728984452382307,0.3476187682609951,0.27467305847058066,-0.5556614089379988,-0.7465601637186647,0.8496873774171959,0.528711608212155,0.11700480822717751,0.15081742112663202
-0.9815478533805653,0.46126845518767023,-1.3482773823260703,-0.4582124865076592,-0.18284646326230827,-0.7492524190391542,-0.6564290062684939,0.40940511055577233,2.500045422961576,0.4047519271026118,0.059146291528505375
1.6268301141377897,-0.7722539196916084,1.3656602254859291,0.12784660786954405,0.10310323782074737,0.5090891466183556,1.6268936491358352,1.8268992380121676,-1.1797776979040122,-0.8613353959493006,-0.8575650044527642
-0.7496920340456003,-0.5479771242590123,0.13670734647672173,-0.38495509971050873,-0.08752989623462298,-0.9428434291403095,-0.23581693816769642,-1.7383132643781816,0.13444484526227024,-1.1490825148247352,1.342542105902283
0.9312626561328954,0.06878406318062726,0.9048028958574764,-0.16518293931905773,-0.35441628391214186,0.025111621365467254,-0.20577321901763945,1.2899696442786792,0.528711608212155,-0.22829173442334438,-0.9492361340508908
0.17773124329425913,0.5734068529039684,-0.5289754629865987,0.2743613814638446,0.17935649144289562,0.5090891466183556,2.1676805938368604,0.6993470911718478,-1.442622206537269,-0.8037859721742137,-1.0409072636490175
0.0038393787930360774,-0.21156193111011817,0.44394556622902354,-0.5314698733048094,2.524144040323952,-0.9428434291403095,-0.9268224786190066,0.6993470911718478,-0.8512220621124402,-0.34339058197351835,-0.8575650044527642
0.46755101746296523,-0.8843923174079066,0.23912008639415577,-0.3116977129133583,-0.487859477750901,-1.136434439241465,-0.9568661977690635,-0.503375198791176,-0.06268853621267359,0.8075978935282206,0.7008441987153935
0.17773124329425913,0.8817874466237884,-0.8874200526976176,-0.6779846468991102,0.045913297604136184,-1.2332299442920425,-1.0469973552192344,0.40403581461840227,0.003022590945641993,-0.055643463098083434,-0.8117294396537
0.0038393787930360774,0.29306085861322295,-0.7338009428214667,0.2743613814638446,0.12216655122628443,-0.1684793887356881,0.4852323214336707,0.9141189286652194,-0.9169331892707558,-0.22829173442334438,-1.2242495228452723
0.0038393787930360774,0.18092246089692543,-0.27294361319301397,-0.09192555252190729,-0.144719836451236,-0.5556614089379988,1.1762378618849807,0.8604259692918764,0.3972893538955268,-0.22829173442334438,-0.8575650044527642
-0.05412457604070597,0.18092246089692543,-0.22173724323429694,0.6406483154495966,-0.2209730900733824,-0.1684793887356881,1.717024806586006,0.4845752536784762,-0.19411079052930186,-0.22829173442334438,-0.9492361340508908
-1.3293315823830125,-0.09942353339382001,-1.3994837522847874,-0.3116977129133583,-0.487859477750901,2.3482037425793316,0.21483884908315803,-0.9114416900286177,1.5143785155868654,1.5557404026043509,0.24248855072475864
-0.34394435020941155,1.049995043198235,-1.3482773823260703,-0.3116977129133583,-0.487859477750901,1.4770441971241324,-0.11564206156746855,-1.6040808659448245,0.6601338625287833,-0.5160388532987793,1.2508709763041566
-0.11208853087444698,-1.1086691128405026,0.8535965258987593,-0.7512420336962606,-0.907252372672716,-0.9428434291403095,-1.0469973552192344,-0.6859312606605656,0.2658670995788985,-0.28584115819843137,0.24248855072475864
1.5109022044703075,0.012714864322478163,1.1096283756923442,1.519736957015401,0.5415594461480993,-0.5556614089379988,-0.8967787594689496,1.8805921973855106,-1.574044460853897,-0.5735882770738656,1.1591998467060283
-0.6337641243781177,-0.21156193111011817,-0.17053087327558006,-0.23844032611620786,-0.3734795973176786,-1.0396389341908872,-0.3259480956178673,-0.3745120962951292,0.13444484526227024,-1.0339836672745615,-0.9492361340508908
-1.21340367271553,-0.5479771242590123,-0.27294361319301397,-0.5314698733048094,-0.2209730900733824,0.5090891466183556,0.27492628738327196,-0.19732533036305,1.3829562612702373,-0.34339058197351835,-0.8575650044527642
1.3949742948028245,-0.5479771242590123,0.5975646761051746,-0.23844032611620786,0.31279968528165475,-0.7492524190391542,-0.44612297221809516,1.0215048474119648,-2.7568447497035486,-0.9188848197243876,-0.7658938748546376
-0.4598722598768941,-0.6040463231171614,0.23912008639415577,0.12784660786954405,-0.4306695375342898,-0.8460479240897318,-0.6564290062684939,-0.22417181004972145,-0.45695529916255545,-1.2641813623749092,-0.03252483806962126
-0.170052485708188,0.29306085861322295,-0.5801818329453158,-0.38495509971050873,0.5796860729591734,-1.2332299442920425,-1.1972159509695193,-1.1584293031460309,-0.5883775534791837,-0.4584894295236923,0.7008441987153935
-0.4019083050431531,1.414444835776204,-1.3994837522847874,-0.6047272601019599,-0.25909971688445654,1.6706352072252877,-0.05555462326735463,-0.3100805450471058,0.003022590945641993,-0.22829173442334438,0.24248855072475864
0.40958706262922423,-0.7722539196916084,0.6487710460638916,-0.8977568072905614,-0.8691257458616419,0.8962711668206663,0.09466397248293018,-1.029566200649984,-0.719799807795812,0.980246164853481,0.4258308099210135
-0.170052485708188,-0.8283231185497575,-1.0922455325324856,-0.5314698733048094,-0.2209730900733824,-0.36207039883684344,0.06462025333287322,-0.240279697861772,0.3972893538955268,-0.8037859721742137,-0.4908804860602561
2.0905417528077197,-0.7722539196916084,2.1337557748666836,0.20110399466669415,0.10310323782074737,0.12190712641604493,-0.35599181476792424,1.4510485223987077,-1.3769110793789532,-0.28584115819843137,0.3341596803228869
0.23569519812800013,-1.1086691128405026,0.5463583061464575,0.5673909286524461,-0.506922791156438,-0.5556614089379988,-0.8366913211688356,-1.0832591600233268,-0.06268853621267359,0.4047519271026118,1.4342132355004098
-0.05412457604070597,-1.1647383116986516,0.7511837859813254,-0.16518293931905773,0.16029317803735854,-1.2332299442920425,-1.1371285126694053,-0.8792259144046358,-0.25982191768761453,-0.6311377008489526,1.7092266242947913
1.7427580238052727,0.5173376540458193,2.03134303494925,1.9592812777983035,-0.06846658282908619,-0.9428434291403095,-0.8366913211688356,1.1288907661586505,-0.5883775534791837,0.17455423200226386,2.7176090498741874
-0.6337641243781177,0.7416144494784157,-1.2458646424086364,-0.16518293931905773,-0.2209730900733824,0.025111621365467254,1.1762378618849807,0.39329722274378137,1.44866738842855,-0.5160388532987793,-0.6742227452565109
-0.9235838985468238,0.9658912449110114,-0.9898327926150514,0.8970491692396229,-0.4306695375342898,-0.7492524190391542,-0.9268224786190066,-1.8027448156262051,0.7915561168454115,-0.8037859721742137,1.9842400130891713
0.9312626561328954,1.0780296426273095,1.4168665954446462,-0.6047272601019599,0.8846990874477664,0.7994756617700887,0.1547514107830441,0.4416208861797542,0.2658670995788985,1.6132898263794373,-0.3992093564621294
0.5255149722967063,0.012714864322478163,-0.17053087327558006,0.0545892210723936,-0.2209730900733824,1.1866576819723993,2.768554976838,0.6349155399238244,-0.6540886806374993,-0.5160388532987793,-0.8575650044527642
-0.5178362147106351,-0.21156193111011817,-0.4265627230691649,0.3476187682609951,-0.24003640347891947,0.025111621365467254,-0.2959043764678103,-0.05235434005501227,0.3972893538955268,-0.8613353959493006,0.059146291528505375
0.9892266109666364,-0.5479771242590123,0.2903264563528728,0.12784660786954405,0.10310323782074737,1.1866576819723993,1.2663690193351518,0.9141189286652194,-0.5883775534791837,0.11700480822717751,-0.3992093564621294
1.6268301141377897,-0.6040463231171614,1.0072156357749102,0.09121791447096866,-0.08752989623462298,-0.6524569139885764,-0.38603553391798123,0.35571215118242944,-0.45695529916255545,0.6349496222029597,1.5258843650985363
0.29365915296174216,0.6294760517621175,-0.5289754629865987,0.2743613814638446,-0.10659320964016004,0.8962711668206663,2.498161504487487,0.7959944180438531,-0.522666426320871,-0.6886871246240396,-0.7658938748546376
-0.170052485708188,-1.1086691128405026,1.3144538555272123,-0.018668165724756845,0.026849984198599124,0.2187026314666226,0.9959755469846391,0.4845752536784762,0.3972893538955268,0.8075978935282206,-0.7658938748546376
1.0471905658003775,-0.5479771242590123,0.6487710460638916,0.0545892210723936,0.045913297604136184,-0.2652748937862658,0.1547514107830441,0.8819031530412375,-0.5883775534791837,-0.11319288687317042,-0.3992093564621294
0.9892266109666364,-1.332945908273099,0.6487710460638916,0.2743613814638446,0.16029317803735854,-0.5556614089379988,-0.6263852871184369,2.095364034878882,1.1201117526369808,1.440641555054177,-0.6742227452565109
1.3370103399690836,-1.2208075105568008,1.1096283756923442,-0.23844032611620786,-0.506922791156438,0.2187026314666226,-0.20577321901763945,0.4845752536784762,-1.1140665707456967,-0.8613353959493006,-0.5825516156583826
-0.7496920340456003,0.29306085861322295,0.03429460655928799,1.6662517306097018,-0.08752989623462298,-0.36207039883684344,0.6654946363340124,-0.19732533036305,0.06873371810395466,0.23210365577735084,0.5175019395191401
-0.4598722598768941,0.46126845518767023,-0.37535635311044785,-0.6047272601019599,-0.25909971688445654,1.9610217223770208,0.3951011639834998,-0.9436574656525996,-1.3769110793789532,-1.4943790574752567,-1.0409072636490175
-0.7496920340456003,0.06878406318062726,-0.9386264226563346,-0.38495509971050873,-0.16378314985677123,-0.5556614089379988,-0.9268224786190066,-1.0241969047126736,0.7915561168454115,-0.40094000574860533,0.975857587509775
-0.5758001695443766,-1.2488421099858753,0.5975646761051746,-0.9710141940877118,-0.5831760447785863,-0.8460479240897318,-1.0770410743692913,-1.818852703438196,-0.12839966337098627,-0.8037859721742137,0.975857587509775
0.06180333362677709,0.6014414523330429,0.44394556622902354,-0.38495509971050873,-0.011276642612475,-0.07168388368511042,0.244882568233215,0.40403581461840227,0.003022590945641993,-0.5160388532987793,-0.03252483806962126
-0.5758001695443766,-1.1086691128405026,1.0072156357749102,-0.3116977129133583,-0.24003640347891947,-1.0396389341908872,-1.0770410743692913,-0.481898015041815,0.13444484526227024,-0.7462365483991266,-0.12419596766774789
-0.6917280792118592,1.2462372392017569,-1.3482773823260703,-0.23844032611620786,-0.5831760447785863,-0.4588659038874211,-0.8667350403188926,-2.296720041861031,0.528711608212155,-1.4943790574752567,2.167582272285426
-0.8656199437130828,0.7976836483365647,-1.2970710123673532,-0.5314698733048094,-0.7547458654284196,-1.0396389341908872,-1.0770410743692913,-0.2671261775484434,1.1201117526369808,-0.8037859721742137,-0.8575650044527642
-0.6337641243781177,-1.557222703705695,0.49515193618774056,-0.018668165724756845,-0.506922791156438,-0.4588659038874211,-0.1757294998675825,-1.2389687422060451,1.3829562612702373,0.8075978935282206,1.8008977538929178
-0.170052485708188,-0.04335433453567092,-1.2458646424086364,-0.6047272601019599,-0.3734795973176786,-0.5556614089379988,-0.35599181476792424,-0.5087444947284865,0.20015597242058292,-0.5160388532987793,-0.3992093564621294
2.322397572142685,-0.7722539196916084,1.8265175551143817,-0.16518293931905773,0.026849984198599124,-0.9428434291403095,-0.8667350403188926,1.9879781161321963,-0.9826443164290685,-0.9764342434994746,-0.8575650044527642
-0.170052485708188,0.29306085861322295,0.03429460655928799,0.49413354185529595,-0.4497328509398269,0.5090891466183556,2.0174619980865756,0.32349637555838795,-0.5883775534791837,-0.6886871246240396,-0.9492361340508908
1.2210824303016015,-1.6132919025638441,1.1096283756923442,-0.5314698733048094,-0.27816303028999356,-0.9428434291403095,-0.8066476020187787,0.5382682130518192,-0.8512220621124402,2.303882911680481,0.5175019395191401
0.17773124329425913,0.012714864322478163,-0.27294361319301397,-0.38495509971050873,0.19841980484843266,-0.8460479240897318,-0.5963415679683799,0.0013386193183306141,-0.719799807795812,-0.5735882770738656,-0.21586709726587616
0.8732987012991544,2.5358288129391844,0.23912008639415577,-0.16518293931905773,-0.2209730900733824,1.864226217326443,3.15912332578874,0.6993470911718478,-0.3912441720042428,-1.0339836672745615,-0.9492361340508908
0.23569519812800013,1.414444835776204,1.2120411156097781,-0.6047272601019599,6.203363527592601,-0.36207039883684344,0.5753634788838415,-0.2510182897364525,-2.0340223509620947,2.9369265732064367,-1.1325783932471458
-0.28598039537567055,0.29306085861322295,-0.7338009428214667,-0.3116977129133583,0.23654643165950653,0.12190712641604493,-0.3259480956178673,-1.2335994462687347,-0.45695529916255545,-0.7462365483991266,0.7008441987153935
-0.05412457604070597,-1.0525999139823536,0.5463583061464575,-0.018668165724756845,-0.18284646326230827,-0.36207039883684344,0.3049700065333289,0.591961172425162,-0.06268853621267359,-1.0915330910496486,-1.315920652443399
1.9166498883064957,-0.2956657293973418,0.6487710460638916,-0.8244994204934111,0.026849984198599124,-0.9428434291403095,-0.566297848818323,0.1838946811877203,-1.574044460853897,-0.055643463098083434,-0.3686523132627848
2.554253391477649,0.34913005747137205,0.9048028958574764,-0.16518293931905773,-0.144719836451236,-0.4588659038874211,-0.7465601637186647,1.7732062786388247,-2.0340223509620947,0.23210365577735084,-1.0409072636490175
-0.170052485708188,0.9939258443400859,-1.1434519024912024,-0.4582124865076592,-0.29722634369553064,-0.7492524190391542,-0.8366913211688356,-0.2671261775484434,0.20015597242058292,1.6708392501545242,0.059146291528505375
0.11976728846051811,-1.3890151071312478,1.4680729654033633,-0.5314698733048094,0.045913297604136184,1.864226217326443,1.6869810874359492,0.10872453806501639,-0.06268853621267359,0.5198507746527857,0.059146291528505375
-0.6917280792118592,0.5173376540458193,-1.0922455325324856,-0.8977568072905614,-0.3734795973176786,-1.0396389341908872,-1.0469973552192344,-1.3409853650154204,-0.9169331892707558,-1.0339836672745615,-0.5825516156583826
-0.6917280792118592,0.40519925632952114,-1.3482773823260703,-0.16518293931905773,-0.20190977666784535,0.7994756617700887,-0.2959043764678103,-0.8362715469059139,0.5944227353704676,-0.28584115819843137,0.4258308099210135
0.8732987012991544,-0.1554927322519691,1.1096283756923442,0.0545892210723936,3.0579168156789893,-1.0396389341908872,-0.8066476020187787,1.2362766849053364,0.003022590945641993,0.7500484697531337,0.24248855072475864
1.2210824303016015,-0.6601155219753105,1.4168665954446462,0.49413354185529595,-0.25909971688445654,0.6058846516689332,0.21483884908315803,1.5584344411454532,-1.048355443587384,1.325542707504003,-0.4908804860602561
-0.170052485708188,1.106064242056384,-0.17053087327558006,0.20110399466669415,-0.1256565230456971,-0.5556614089379988,0.45518860228361374,0.08187805837834494,0.2658670995788985,-0.5735882770738656,-0.3992093564621294
-0.8656199437130828,0.23699165975507389,-1.3994837522847874,-0.018668165724756845,-0.3353529705066048,1.57383970217471,0.5152760405837277,-0.9597653534646502,0.7915561168454115,-0.5735882770738656,0.7008441987153935
-0.6917280792118592,0.8537528471947138,-1.0410391625737685,-0.4582124865076592,-0.27816303028999356,0.025111621365467254,0.12470769163298714,0.08187805837834494,0.46300048105383945,-0.8037859721742137,-0.8575650044527642
0.17773124329425913,-1.7254303002801423,0.44394556622902354,-0.4582124865076592,-0.487859477750901,3.6065453082368415,0.9058443895344681,-0.35303491254576824,1.054400625478668,1.210443859953829,0.5175019395191401
-0.05412457604070597,1.414444835776204,-1.3994837522847874,-0.23844032611620786,-0.011276642612475,-0.2652748937862658,-0.6263852871184369,0.591961172425162,0.3972893538955268,-1.1490825148247352,-0.7658938748546376
-0.11208853087444698,1.6387216312087998,-1.3994837522847874,1.153450023029649,0.10310323782074737,-1.0396389341908872,-0.9869099169191204,0.9892890717879232,0.33157822673721116,-0.7462365483991266,-0.7658938748546376
-0.28598039537567055,0.06878406318062726,-0.06811813335814604,-0.38495509971050873,-0.030339956018012062,0.702680156719511,0.034576534182816254,0.7530400505451906,0.6601338625287833,0.4623013508776988,-1.1325783932471458
1.9166498883064957,-0.32370032882641636,0.8535965258987593,-0.6779846468991102,1.0943955349086736,1.9610217223770208,0.12470769163298714,0.892641744915918,0.46300048105383945,1.1528944361787419,-0.4908804860602561
2.438325481810167,-1.3890151071312478,1.3656602254859291,-0.16518293931905773,-0.144719836451236,-0.36207039883684344,-0.536254129668266,1.6121274005187962,-1.3111999522206406,4.030365624933089,-0.5825516156583826
-1.0395118082143064,2.003171423786769,-1.3994837522847874,-0.16518293931905773,1.4565984896138777,-0.9428434291403095,-1.0469973552192344,-0.6376075972245332,1.6458007699034938,-0.8613353959493006,0.3341596803228869
-0.4598722598768941,-0.8283231185497575,1.5192793353620797,-0.16518293931905773,0.31279968528165475,-1.0396389341908872,-1.0469973552192344,-0.3476656166084578,0.33157822673721116,-0.6311377008489526,0.8841864579116483
-0.05412457604070597,-0.7722539196916084,1.1096283756923442,-0.16518293931905773,0.17935649144289562,3.0257722779333753,2.588292661937658,0.6456541317985048,0.46300048105383945,1.901036945254872,-0.5825516156583826
0.40958706262922423,-0.9404615162660557,1.2632474855684952,-0.3116977129133583,0.40811625230934007,-1.0396389341908872,-1.1070847935193482,-0.5463295662898384,0.003022590945641993,-0.22829173442334438,0.7925153283135217
1.1631184754678605,-0.5479771242590123,0.8535965258987593,-0.09192555252190729,2.3716375330796553,-1.0396389341908872,-1.0469973552192344,1.4510485223987077,-0.7855109349541275,-0.1707423106482574,-0.8575650044527642
0.9312626561328954,0.06878406318062726,-0.06811813335814604,-0.38495509971050873,0.40811625230934007,-0.8460479240897318,0.3951011639834998,0.21074116087439174,-2.4282891139119793,1.8434875214797852,-0.21586709726587616
-0.34394435020941155,-0.5479771242590123,-0.11932450331686306,0.0545892210723936,-0.3162896571010677,1.283453187022977,0.4852323214336707,-0.2939726572351149,0.3972893538955268,-0.4584894295236923,0.059146291528505375
-0.8656199437130828,0.46126845518767023,-0.37535635311044785,-0.5314698733048094,-0.24003640347891947,-0.4588659038874211,0.5453197597337847,0.21611045681170216,1.5143785155868654,-0.4584894295236923,-1.0409072636490175
0.9312626561328954,-1.557222703705695,0.9560092658161934,-0.6047272601019599,-0.5259861045619751,0.993066671871244,-0.14568578071752553,-0.4282050556684721,-0.8512220621124402,0.980246164853481,0.15081742112663202
0.5255149722967063,-0.5479771242590123,1.2632474855684952,-0.16518293931905773,-0.1256565230456971,-0.1684793887356881,-0.7165164445686077,0.4845752536784762,0.2658670995788985,-0.28584115819843137,0.7925153283135217
1.4529382496365666,-0.4358387265427142,0.2903264563528728,-0.018668165724756845,0.17935649144289562,0.4122936415677779,-0.2658606573177534,0.7959944180438531,-0.45695529916255545,0.28965307955243785,0.3341596803228869
-1.0395118082143064,-0.04335433453567092,-0.8362136827389007,-0.5314698733048094,-0.3162896571010677,-0.2652748937862658,-0.2658606573177534,-0.6429768931618437,0.20015597242058292,-0.8037859721742137,-1.0409072636490175
4.409099946157369,-0.9404615162660557,1.928930295031816,3.6442011741327627,0.12216655122628443,0.6058846516689332,0.7255820746341264,0.4845752536784762,-2.1654446052787226,1.037795588628568,4.0926759938460915
-0.22801644054192902,0.29306085861322295,-0.22173724323429694,-0.16518293931905773,-0.25909971688445654,0.702680156719511,1.4165876150854364,0.08724735431565539,-0.6540886806374993,-0.4584894295236923,-0.8575650044527642
0.17773124329425913,-0.6040463231171614,0.5975646761051746,-0.5314698733048094,-0.41160622412875275,-0.9428434291403095,-1.0469973552192344,-0.8255329550312334,0.2658670995788985,0.17455423200226386,1.1591998467060283
-0.6337641243781177,0.012714864322478163,-0.6825945728627496,-0.3116977129133583,-0.487859477750901,-0.07168388368511042,-0.536254129668266,-1.8618070709369179,0.2658670995788985,-0.28584115819843137,1.5258843650985363
-1.7930432210529421,-0.26763112996826727,-1.1946582724499193,-0.6779846468991102,-0.6784926118062715,0.31549813651720027,1.77711224488612,-2.1463797556156234,1.5143785155868654,-0.22829173442334438,1.617555494696663
-0.11208853087444698,-0.8283231185497575,0.03429460655928799,-0.3116977129133583,-0.4497328509398269,-0.2652748937862658,-0.506210410518209,0.0550315786916735,-0.522666426320871,0.4047519271026118,-0.6742227452565109
0.5255149722967063,0.29306085861322295,-0.37535635311044785,0.3476187682609951,-0.16378314985677123,-0.07168388368511042,2.047505717236633,0.6993470911718478,-0.522666426320871,-0.40094000574860533,-0.8575650044527642
1.6268301141377897,-1.2208075105568008,1.1096283756923442,0.12784660786954405,0.08403992441521031,0.025111621365467254,0.004532815032759292,1.0215048474119648,-1.245488825062325,2.073685216580133,0.15081742112663202
-0.170052485708188,-1.2768767094149498,1.8265175551143817,-0.6779846468991102,-0.16378314985677123,0.025111621365467254,-0.536254129668266,-0.4389436475431526,-0.06268853621267359,0.6924990459780467,0.3341596803228869
-0.11208853087444698,0.09681866260970179,-0.4777690930278819,-0.4582124865076592,-0.18284646326230827,-0.2652748937862658,-0.35599181476792424,0.26980341618504505,-0.06268853621267359,-0.40094000574860533,-1.315920652443399
0.0038393787930360774,-1.1086691128405026,0.7511837859813254,-0.16518293931905773,-0.3734795973176786,-0.6524569139885764,-0.8066476020187787,-1.3087695893913789,0.46300048105383945,0.6349496222029597,2.075911142687298
0.8732987012991544,1.9751368243576943,-0.11932450331686306,-0.018668165724756845,0.27467305847058066,1.864226217326443,3.249254483238911,2.310135872372254,0.6601338625287833,0.05945538445209053,0.7008441987153935
-0.6337641243781177,0.06878406318062726,-0.016911763399429024,0.0545892210723936,-0.10659320964016004,-0.36207039883684344,0.9358881086845251,-0.15974025880175766,0.528711608212155,0.28965307955243785,0.5175019395191401
-0.4598722598768941,0.6855452506202666,-0.4777690930278819,3.2779142401470107,-0.030339956018012062,1.0898621769218217,1.4165876150854364,1.3168161239653506,0.46300048105383945,0.6349496222029597,-0.9492361340508908
0.3516231077954832,0.5173376540458193,-0.4265627230691649,1.0069352494353485,1.5328517432360258,3.412954298135686,3.0389484491885126,1.0215048474119648,-0.9169331892707558,1.5557404026043509,-1.1325783932471458
-0.05412457604070597,0.9658912449110114,-0.22173724323429694,-0.38495509971050873,0.17935649144289562,-0.1684793887356881,1.026019266134696,0.32349637555838795,-0.7855109349541275,0.23210365577735084,-0.9492361340508908
0.40958706262922423,-0.26763112996826727,0.23912008639415577,0.20110399466669415,-0.10659320964016004,0.5090891466183556,2.2578117512870315,0.9141189286652194,0.06873371810395466,-0.22829173442334438,-0.9492361340508908
-1.7350792662192012,0.23699165975507389,-1.3482773823260703,-0.6047272601019599,-0.6784926118062715,-1.0396389341908872,-0.5963415679683799,-1.770529040002223,1.7115118970618064,1.037795588628568,1.8925688834910446
-0.6917280792118592,0.9098220460528623,-0.9898327926150514,-0.3116977129133583,-0.506922791156438,2.5417947526804867,0.1547514107830441,-0.33155772879646683,0.725844989687096,-0.34339058197351835,-0.21586709726587616
-0.22801644054192902,-0.1554927322519691,0.2903264563528728,-0.38495509971050873,-0.10659320964016004,-0.07168388368511042,2.8887298534382277,0.0550315786916735,-0.719799807795812,-0.6311377008489526,-0.8575650044527642
0.8732987012991544,-1.0525999139823536,0.5975646761051746,-0.8244994204934111,-0.4497328509398269,-1.2332299442920425,-1.1972159509695193,-1.0725205681486465,-0.7855109349541275,-0.6311377008489526,0.8841864579116483
-0.22801644054192902,-0.5479771242590123,-0.324149983151731,-0.6779846468991102,0.31279968528165475,-0.5556614089379988,-0.2959043764678103,-0.05235434005501227,-0.9169331892707558,1.440641555054177,-0.8575650044527642
-0.5758001695443766,-0.09942353339382001,-0.4777690930278819,-0.3116977129133583,-0.3734795973176786,-0.36207039883684344,-0.566297848818323,0.5275296211771386,1.3829562612702373,0.4047519271026118,-0.8575650044527642
0.0038393787930360774,1.806929227783247,-0.6825945728627496,-0.018668165724756845,0.06497661100967324,-0.2652748937862658,0.21483884908315803,0.2912805999344061,0.33157822673721116,-0.6886871246240396,-0.3075382268640028
0.29365915296174216,-1.1086691128405026,0.6999774160226083,2.472082985378356,-0.3162896571010677,-0.8460479240897318,-1.0169536360691773,-0.06309293192969277,-0.06268853621267359,-0.22829173442334438,1.5258843650985363
-1.0974757630480474,-1.2208075105568008,-0.9386264226563346,-0.8244994204934111,-0.4497328509398269,-0.07168388368511042,-0.566297848818323,-1.1315828234593592,0.725844989687096,0.23210365577735084,-0.3992093564621294
-0.9235838985468238,-0.6040463231171614,-0.016911763399429024,4.450032428901417,-0.41160622412875275,0.7994756617700887,3.0389484491885126,-1.0188276087753034,-0.9826443164290685,-0.5160388532987793,0.7925153283135217
-0.9815478533805653,1.9751368243576943,-1.1946582724499193,-0.23844032611620786,-0.4497328509398269,-0.36207039883684344,-0.8066476020187787,-0.18121744255105907,1.44866738842855,-0.5735882770738656,-0.4908804860602561
1.0471905658003775,-1.4450843059893967,1.3656602254859291,-0.16518293931905773,-0.4687961643453639,-0.8460479240897318,-0.6263852871184369,-0.744993515971219,-0.9169331892707558,-0.7462365483991266,1.8925688834910446
0.29365915296174216,-1.6132919025638441,0.3927391962703065,-0.6047272601019599,-0.6594292984007344,-0.2652748937862658,-0.5963415679683799,-1.4805870593860881,-1.1140665707456967,-0.40094000574860533,0.7925153283135217
-0.05412457604070597,0.23699165975507389,-0.06811813335814604,-0.23844032611620786,-0.5641127313730493,1.1866576819723993,0.5453197597337847,-0.4282050556684721,-0.06268853621267359,-1.321730786149996,-0.3075382268640028
-0.5758001695443766,-1.1647383116986516,-0.22173724323429694,-0.16518293931905773,-0.4497328509398269,1.864226217326443,0.6955383554840694,-0.4389436475431526,0.7915561168454115,-0.22829173442334438,-0.3075382268640028
-0.4019083050431531,-0.26763112996826727,0.18791371643543875,0.20110399466669415,-0.3734795973176786,-1.136434439241465,-0.9568661977690635,0.12483242587700734,-0.5883775534791837,-0.6311377008489526,-0.12419596766774789
-1.9089711307204247,-0.6040463231171614,-0.17053087327558006,-0.38495509971050873,-0.5641127313730493,0.31549813651720027,0.09466397248293018,-2.683309349349112,2.6971788044365197,0.4623013508776988,3.267635827462949
-1.9089711307204247,-0.8283231185497575,-1.3482773823260703,-0.6779846468991102,-0.7928724922394937,0.993066671871244,0.3951011639834998,-3.1450687999598963,2.5657565501198913,0.5198507746527857,3.267635827462949
0.46755101746296523,-0.32370032882641636,1.1096283756923442,0.0545892210723936,0.08403992441521031,2.154612732478176,1.77711224488612,0.8067330099185336,-1.5083333336955815,-0.40094000574860533,-1.2242495228452723
0.46755101746296523,-1.2768767094149498,0.3415328263115898,-0.38495509971050873,-0.487859477750901,-0.36207039883684344,-0.6564290062684939,-0.8255329550312334,-0.3255330448459301,1.037795588628568,1.1591998467060283
-0.4019083050431531,0.5734068529039684,-1.2458646424086364,-0.38495509971050873,-0.18284646326230827,1.0898621769218217,-0.11564206156746855,-0.4926366069164955,0.8572672440037242,-0.11319288687317042,0.4258308099210135
1.5688661593040487,-1.83756869799644,1.058422005733627,-0.38495509971050873,4.830804962393933,-0.9428434291403095,-0.8667350403188926,0.6456541317985048,-0.06268853621267359,0.28965307955243785,0.059146291528505375
0.11976728846051811,-0.21156193111011817,-0.8362136827389007,-0.16518293931905773,-0.10659320964016004,-0.6524569139885764,0.6054071980338985,0.0550315786916735,-0.9169331892707558,-0.7462365483991266,-0.9492361340508908
-0.7496920340456003,-0.8283231185497575,1.1096283756923442,-0.018668165724756845,0.14122986463181963,1.6706352072252877,1.1461941427349238,-0.2671261775484434,0.528711608212155,0.6349496222029597,0.8841864579116483
0.23569519812800013,0.8257182477656393,-0.8874200526976176,-0.6779846468991102,0.007786670793062062,-1.136434439241465,-1.0770410743692913,0.40403581461840227,0.003022590945641993,-0.055643463098083434,-0.8117294396537
0.7573707916316713,0.18092246089692543,-0.22173724323429694,0.6406483154495966,0.23654643165950653,2.0578172274275985,1.3565001767853226,1.5584344411454532,-0.06268853621267359,-0.055643463098083434,-0.3075382268640028
1.3949742948028245,-0.7161847208334593,0.49515193618774056,-0.4582124865076592,-0.16378314985677123,0.12190712641604493,-0.536254129668266,0.022815803067632003,-1.245488825062325,-0.055643463098083434,0.7008441987153935
-1.2713676275492714,-0.7161847208334593,-0.5801818329453158,-0.5314698733048094,-0.3925429107232157,-0.4588659038874211,-0.6564290062684939,-0.6429768931618437,0.725844989687096,0.4623013508776988,-0.3075382268640028
4.235208081656145,0.8817874466237884,2.492200364577702,0.8604204758410479,0.19841980484843266,-0.9428434291403095,-0.11564206156746855,3.4913809785860357,-2.3625779867536636,0.11700480822717751,0.7008441987153935
0.8732987012991544,-0.1554927322519691,0.3415328263115898,-0.16518293931905773,0.08403992441521031,-0.5556614089379988,-0.05555462326735463,1.042982031161266,-0.45695529916255545,-0.34339058197351835,-0.6742227452565109
0.06180333362677709,0.7696490489074902,1.7241048151969478,-0.38495509971050873,0.4271795657148753,-0.2652748937862658,1.4466313342354935,0.1624174974383593,-0.9826443164290685,-0.6886871246240396,-1.2242495228452723
-0.6917280792118592,0.34913005747137205,-1.3482773823260703,-0.16518293931905773,-0.18284646326230827,1.0898621769218217,-0.11564206156746855,-0.6429768931618437,0.725844989687096,-0.4584894295236923,0.24248855072475864
-1.0974757630480474,-0.9404615162660557,1.3144538555272123,-0.23844032611620786,2.676650547568248,0.31549813651720027,-0.35599181476792424,-1.770529040002223,0.3972893538955268,1.5557404026043509,1.8008977538929178
-1.445259492050495,0.8537528471947138,-1.2970710123673532,-0.5314698733048094,-0.04940326942354912,0.5090891466183556,1.4165876150854364,-1.2335994462687347,1.5143785155868654,-0.8037859721742137,-0.3992093564621294
-0.34394435020941155,0.29306085861322295,-1.3482773823260703,-0.5314698733048094,-0.030339956018012062,-0.36207039883684344,-0.8667350403188926,-0.5463295662898384,0.06873371810395466,-0.5735882770738656,0.059146291528505375
0.46755101746296523,1.3023064380599059,2.082549404907967,-0.6047272601019599,6.184300214187064,0.2187026314666226,0.5152760405837277,-0.09530870755373427,-2.691133622545236,3.8577173536078284,-1.2242495228452723
-2.082862995221648,0.40519925632952114,-0.5289754629865987,-0.16518293931905773,-0.6022393581841252,0.12190712641604493,1.77711224488612,-1.877914958748909,3.551423457494602,-0.34339058197351835,2.259253401883553
1.8586859334727548,-0.4358387265427142,1.1608347456510613,0.3476187682609951,-0.2209730900733824,0.31549813651720027,0.004532815032759292,1.9342851567588535,-0.3255330448459301,2.591630030555916,0.5175019395191401
-1.0974757630480474,-0.6040463231171614,-0.9386264226563346,-0.16518293931905773,-0.6784926118062715,1.7674307122758655,0.5152760405837277,0.2912805999344061,0.6601338625287833,0.11700480822717751,-0.03252483806962126
-0.11208853087444698,1.6667562306378743,-0.17053087327558006,-0.3116977129133583,-0.10659320964016004,-1.0396389341908872,-1.0169536360691773,0.26980341618504505,0.3972893538955268,0.6349496222029597,0.24248855072475864
-0.22801644054192902,2.872244006088079,-1.1434519024912024,-0.23844032611620786,-0.10659320964016004,-0.2652748937862658,-0.536254129668266,-0.4282050556684721,-0.5883775534791837,-0.6311377008489526,-0.4908804860602561
-0.4598722598768941,0.29306085861322295,-1.2458646424086364,1.153450023029649,-0.18284646326230827,1.0898621769218217,-0.02551090411729767,-0.4174664637937916,-1.9026000966454664,-1.0915330910496486,-1.1325783932471458
1.7427580238052727,-0.8843923174079066,1.1608347456510613,-0.5314698733048094,0.007786670793062062,0.4122936415677779,0.004532815032759292,0.3449735593077489,-1.048355443587384,-0.5160388532987793,0.059146291528505375
-0.5178362147106351,0.40519925632952114,-0.06811813335814604,-0.3116977129133583,-0.1256565230456971,0.12190712641604493,1.3264564576352655,-0.28860336129774483,-0.12839966337098627,-0.5735882770738656,-0.5825516156583826
-0.8656199437130828,-0.32370032882641636,-0.9898327926150514,-0.23844032611620786,-0.487859477750901,0.2187026314666226,-0.2658606573177534,-0.6268690053498527,-0.06268853621267359,-0.055643463098083434,-0.7658938748546376
0.3516231077954832,-1.1647383116986516,0.18791371643543875,-0.38495509971050873,-0.030339956018012062,-0.36207039883684344,-0.8366913211688356,-0.5355909744151579,-0.9169331892707558,-0.6311377008489526,-0.03252483806962126
0.46755101746296523,-1.0525999139823536,0.7511837859813254,-0.5314698733048094,-0.6022393581841252,-0.6524569139885764,-0.8667350403188926,-1.4913256512607687,-0.8512220621124402,-0.6311377008489526,0.8841864579116483
